"My Spy is a ridiculously clueless film - it essentially has no idea what it wants to be. One thing it is for sure is that it's incredibly boring, cringe and unfunny, with forced charm and emotion. The film's story completely deviates from a coming-of-age story to an action film. The dialogue and performances were god awful and nothing about the underdeveloped characters made you engaged.
Please remember this is my opinion, others may have felt different
2/10";"This movie is exactly what u think it'll be. Corny start, middle and ending and honestly just a waste of time. There's nothing to it but if you like watching funny spy movies be my guest and go watch this horrific film";"After 3 minutes one of my sons whispered to me ""What is this? I don't like it.""
I think that about sums it up - What is this movie? What is it trying to be? And when, oh when, will it end?";"It's a bit too violent and has too many pointless, non-story progressing scenes to be a kids' movie but it is definitely not for adults. All the good bits are in the 30-second advert that convinced us to go and see it.";"We saw a morning session at the cinema. At 10.57am I checked my watch, at 11.01am I checked my watch and was stunned to find time had completely slowed.";"Although Chloe Coleman is an excellent actress and very watchable, every other character was unbelievable, unappealing and terribly written. What a waste of clever people like Kristen Schaal (or as I call her, Mel from Flight of the Conchords).";"My older son thought it was okay but when pressed, couldn't name a favourite scene. The younger one gave up and ended up playing a game on my phone about an hour in.";"Jj and bobbi make for a good laugh. Has its moments";"My Spy (2020) in my opinion is a seemingly comedy/family/kiddie movie unfortunately it is none of the above. The film includes vulgar language used bot both the child and adult actors. I could hardly believe that the actor David Bautisa had accepted such a corny weak comedic role. I could not relate to the vulgar language. What is the message? That its coold for kids to behave like grownups?";"Great film for the family (with older children) to see. Love the connection between JJ and Sophie - funny, entertaining and some good action scenes.";"I saw this movie with my 4 daughters and we all Loved it! We are not professional movie reviewers or anything like that but absolutely enjoyed all the different emotions in this movie, it was Charming, Comical, Witty, Action Packed, Heart Warming, Suspenseful, and more! We also loved the relationship between David Batista & Chloe Coleman..... just Precious, and their performances charming! There was some violence and language but nothing bloody or disgusting.";"So as the school holidays comes to an end in Australia we finish off with yet another release of a children's film. The funny part is that it's a bit like a recipe, as it contains parts of all the other films I've reviewed already these summer holidays! You take the machismo of Playing with Fire, add the silliness of Farmageddon, plus a touch of heart from Frozen 2, not forgetting some funny one-liners from Jumanji, finish it off with some espionage from Spies in Disguise, garnish it with the child-friendly action of Star Wars and you have a perfectly satisfying film called My Spy. Mr. 9 and I ate it up (and reviewed it) last week when we saw it at Palace Nova cinemas!";"JJ (Dave Bautista) is an undercover CIA agent who is not exactly inconspicuous. After a weapons deal goes horribly wrong he is assigned to surveillance duty with tech-specialist Bobbi (Kristen Schaal). Their job is to keep an eye on a mother and daughter who may be in danger if a global terrorist finds out where they live. But JJ isn't exactly qualified for surveillance duty and it's not long before he is caught out by clever 9 year old Sophie (Chloe Coleman), the girl he is supposed to be watching. The two work out an arrangement where Sophie won't tell her mum Kate (Parisa Fitz-Henley) that they are being watched, but only if JJ teaches Sophie how to become a spy. The two don't exactly get along but over time a friendship develops, much to the chagrin of Bobbi who knows that this is a serious breach of the CIA surveillance rules. But, as expected, trouble inevitably finds its way into Sophie and Kate's life and we are left to see whether the spy training that JJ gave this precocious 9 year old will succeed or fail spectacularly.";"THE GOOD
For a film like this, with a storyline that has been done to death plenty of times before, I was actually surprised at how much I liked My Spy. But my enjoyment didn't come so much from former WWE wrestler Dave Bautista (Guardians of the Galaxy, Stuber) but the confidence and acting ability of kid actor Chloe Coleman (Big Little Lies). In a lot of these 'kids teaching adults to be kids' films the child usually comes across as bratty and unlikeable but Coleman finds a great balance of clever, likeable and entertaining which Mr. 9 and I really found appealing. Also when you have a great comedy support cast like Kristen Schaal (Gravity Falls, Toy Story 4) and Ken Jeong (The Hangover movies) the laughter also lifts a notch too.
Mr.9: I really liked Sophie in this film when she is learning to become a spy. The part where she keeps looking at the explosions behind her was really funny because JJ had to keep turning her head around.";"THE BAD
Bautista seems to have found his niche in Hollywood at taking characters who are large, muscle-bound, meat heads with not much going on upstairs. Alongside professional comedians like Schaal and Jeong his comedic acting can sometimes be painful to watch as he tries to compete with them for laughs but comes across more forced than natural.
And for those of you looking for an action film this is not entirely the case with My Spy. Although it is bookended with big, action, set pieces it is more a romantic comedy as much of the film is taken up with telling the story of JJ's budding friendship with Sophie and finding a possible love interest with her mum, Kate.";"Mr. 9: It got really boring in the middle because there was no action happening. The bad guy was there at the start and then disappeared until the end of the film. It seemed different from what the trailer showed.";"THE UGLY
For those of you who are familiar with Dave Bautista you would know that he is bald up top. Yet for some unknown reason the hair and makeup team decided to either spray paint or put a toupee on top of his head which is jet black and extremely short. It looks so unnatural and left me staring at the top of his head for most of the movie. Somewhat in shock and somewhat in fascination I couldn't stop looking at this unusual follicle choice.";"I didn't have high hopes for My Spy after seeing the trailer but walked out pleasantly surprised at how a completely unoriginal film could be so enjoyable. Bautista's charm and Coleman's likeability really carry this film above 'just another comedy'. An enjoyable film to finish off the school holidays!";"THREE AND A HALF TOUPEES OUT OF FIVE";"Mr. 9: All the spy stuff was fun and the movie was also pretty funny although it had a lot of swearing for a 'PG' film. Three and a half out five.";"Dave Batista does a bit of an Arnie in this film about a CIA agent and a precocious 9 year old girl he is surveilling. Good solid family fun with a few laughs and charming performances. 3 Stars
George: although it was a kids movie I enjoyed it and it was so far fetched I enjoyed it all the more. If a CIA agent is like this heaven help us! 3.5 Stars";"A friend gave me early access tickets to go see this with my daughter for her birthday.";"I've got to say we thought it was hilarious, but it's not a movie for critics or someone who is not comfortable with having their kids hear cuss words. As for me and my daughter it was great. It has a little bit of a romcom vibe, mixed with an unconventional mentor mentee relationship with action scenes. Sophie and JJ's relationship is adorable! Also loved that Ken Jeong (The Hangover) makes a small appearance in this too!";"Great movie to take your mature kids to. We plan on buying it once it comes out for purchase.";"A good movie for familys kids but also adults can have fun with this movie";"Ok, first of all you shouldn't have to high expectations when going into this movie, because if you do, you will probably get dissapointed...";"But let's be real. If you only need a fun and simple movie, without a twistet story you need to stay focused on, then it is a fun little movie where you can just turn your brain of and enjoy it.";"The story is fairly simple, sometimes even predictable, there aren't any big moments you will still remember in a few years, there is no 'real espionage action"" which you might hope for and of course you could have done more with it. And I must be honest. I myself expected something a bit different from this movie in the beginning and by the trailers. But I like what it is. I can enjoy the charackters and their interactions, I can laugh at a lot of the jokes, and I can simply sit here and enjoy the simple story, without the need to figure out what is happening and I think this is something you could need on a bad day.";"So If you want a fun and little movie for your evening after a hard day or for you and your Family, this movie might be worth a Shot."
