"When will Hollywood quit the ""wash, rinse and repeat?"" This is a lovely filmed and well executed remake, but it is a remake. Why must we put up with this type of fare when there are so many untold stories awaiting a chance on the big screen?
Your guess is as good as mine. Wait for the release on video. Not worth an admission price.";"I like new script and fighting scenes.Well done all.";"I wanted to like it, I really did as I personally really like the main character Mulan. Credit goes to the cinematography (Which is the only reason why I am not giving 1 out of 10), the visuals and the fighting scene are great and epic YET everything else just falls apart. The emotions and character development were so weird. The characters were shallow and did not lend any type of connection to their plight. I am surprised that even a Disney directed movie is no different from the low-cost poorly directed Chinese movie, many scenes were so cliche, the plot is just so predictable and failed to connect to their viewers. I walked out of the premiere with full disappointment. That's how terrible this movie was... Please save your time and money...";"Please ignore the hate reviews from those HK losers since they just try to sabotage the film out of the political intentions. This film is well developed with good acting. I surely wanna see more of Liu!";"Starring by a actress who support the HK police and the Chinese government.If you are a human with a conscience , you wouldn't want to see this movie.";"With great expectation due to trailer, this movie turned out to be a huge disappointment to me. The plot is a clich and boring. The actress had the same facial expression in every scenes.";"I won't waste my time to watch this movie
They just using the old story makes.";"I don't pay money to women that who are support hk black cops. That's the main point";"#boycottmulan";"Mulan and Wuhan coronavirus (chinese coronavirus ) both originated from China";"Yifei Liu &Li Gong - Good acting
Jet Li & Donnie Yen - Expert action";"Liu choose to stand with the persecutor when Mukan choose to fight them.";"The movie is bad, my time consuming. The main character playing mulan is bad";"So many biased reviews. This is a good adaption of the original story.";"This movie is really amazing movie.You should look this movie";"The actress doesn't have any emotion in the film, I can't see brave and strong personality from her";"I'm 100% for sure those Hker who flocked here to leave negative feedback would never watch this movie. Movie review is for those who actually watched the movie then give critical and valuable feedback. I hope you guys can spend your time on the right place and be mature plz. Yifei is stunning in this movie and she is exactly my Mulan.";"I saw a special preview today and came away in awe of how good this movie is. All of the elements of the animated film are here but amplified and taut. The music weaves through the film in just the right way and the cast is superb. There were several emotional moments in the film and I can't wait to see it again when it comes to theaters.";"Liu to be Mulan is totally wrong for casting, she can't act, only hv a pretty Chinese face (surgical?!). Did hv any characters of Mulan shd hv no matter in the movie or in the real life.
Even not hv a second want to see this movie after saw the trailers";"A good movie from a good actress . She is Mulan .I like the spirit . I like this power .This is one of my favorite stories.";"No matter the clothes, acting skills, plot, as well as the technique of effects is the highest level masterpiece. It's worth to spend a beautiful night watching this movie. And also I can share with my daughter to this great educational film by teaching her how to be a stronger woman! Thanks";"Actually when I saw the list of actors especially liu yifei then I knew this is movie is not that good. Just save the money to take a cup of coffee or something else.";"Never thought I would have said that, but this one is going to be the first Disney movie I'm not going to watch. Growing up as a Hong Kong kid, I used to think it was super cool to have Mulan as one of the Disney princess(although she's definitely not a princess), I love the story, and I love the way how Disney presented it. But for this one, not mentioning the story set in a total wrong place and time, the actress herself has shown she's not a good Mulan by her behaviour. How can people teach their kids after watching this movie, with an actress supporting violence without even knowing what's going on? An American citizen, enjoying the freedom from America but supporting the autocratic Chinese government? That's sounds ok to you? Well then, this movie is the best for you.";"Don't waste your time to watch this movie. I love Disney movies but not Mulan.";"She is a female warrior  Liu Yifei is Mulan in my imagination";"This movie is really amazing .Very nice script and plot, outstanding actress liu Yifei and all casts .You all should look this movie";"Liu Yifei is such a warrior and phenomenon! She fights like a soldier. LOVE HER !"
