"IN A NUTSHELL:
Columbia Pictures offers a science-fiction drama based on the popular Valiant comic book Bloodshot (2019) Book 1. I wasn't familiar with the comic book character, but I always get a kick out of Vin Diesel and was ready for a fun popcorn flick. ""Welcome to the circus"" says one of the wounded/enhanced warriors when Ray Garrison joins the super-human squad of medically-enhanced bio soldiers. Cue the popcorn. Most people are calling this a ""one and done"", meaning it's entertaining enough to watch it once but it won't be anything people will want to watch over and over again.";"TIPS FOR PARENTS:
Lots of violence with various weapons, as well as hand-to-hand combat.
Some scenes of blood. No surprise considering the title of the film, right?
You see a married couple in bed and a side view from the topless wife.
Lots of destruction of property.
High body count.
Some sexual references in conversation.
Reference to Trojan Horse strategy that kids may not understand.
Disregard for human life.
Some profanity.";"THINGS I LIKED:
If you're a Vin Diesel fan, you'll enjoy his performance and all the action that usually accompanies the movies he's in.
The first time I remember seeing Guy Pearce was in the movie The Count Of Monte Cristo I thought he was excellent in that film and I've enjoyed every performance I've ever seen him in since. I was happy to see him in this too, although much of his talent was wasted.
Eiza Gonzalez is tough and sexy. She first caught my attention in Baby Driver. I love that quirky, musically-entertaining action movie. She mostly makes out with Jon Hamm in that movie, but has a lot more to do in this one.
Some cool slow-motion Michael Bay action sequences. Some people think that's super cliche but I really liked it.
You get to travel to several locations around the world.
Socks with sandals. Ha ha The musical sequence with Toby Kebbell's character was pretty entertaining.
Act 1 is very serious, but the humor kicks in about halfway through the movie and really changes the tone of the film from a drama to an entertaining superhero flick.
I was impressed by Lamorne Morris' British accent. He first came on to my radar as a funnyman American in the popular TV sitcom New Girl: Season 1. Did you know he studied acting on a Chris Farley Memorial Scholarship? That's cool that such a scholarship even exists!
The movie is directed by David Wilson. He actually does a pretty good job mixing full-on action with scenes of computer nerds typing furiously.";"THINGS I DIDN'T LIKE:
There are some serious plot holes in the story. I'm sure things would have made more sense to me if I had read the comic books.
A lot of things about Vin Diesel's character are simply not explained, like why does he glow? Did I miss an explanation?
The villain played by Toby Kebbell turns into a pansy within minutes of fire power. I think he looks a lot like Enrique Iglesias. What do you think?
Other than some twists, there are some predictable tropes.
Ray Garrison (Vin Diesel's character) is pretty robotic to begin with, so adding nanotechnology to his blood doesn't really change his personality in an interesting way.
We never quite understand what everyone's motivations are. We are never given much backstory on the characters, so they're all fairly one dimensional.
Avoid watching the trailer if you can since it reveals much of the story.
Conspiracy...blah blah...seen it before...blah blah...
Some CGI doesn't work.";"You can watch my full review on my Movie Review Mom YouTube channel!";"Bloodshot is an average movie that's brought down by its extremely generic and predictable plot with nothing shocking, smart or original. Its also got some inconsistent CG and action sequences that border on being incomprehensible but are relatively enjoyable. However, Vin Diesel is great and Eiza Gonzlez and Guy Pearce are both really good. Its pretty well paced and the music by Steve Jablonsky is good.";"I love Vin Diesel. But this movie is a Vin Diesel movie like any other. Lots and lots of action and a rather thin story behind it. The movie wasn't bad, but it was very predictable. The story had some good elements which could have made for a great movie. It just seems unfinished.
I would not go and see it at the movies, its not worth the money.";"There is nothing notable or worth talking about in this boring movie";"I never saw the trailers, neither did I knew this was based on a comic-book. I just wanted to see a good action movie with Vin Diesel in it. I did not had my exceptions very high, but boy did it even went far beyond that.";"This is your run of the mill action movie, even the action seems are uninspired, there is no redeeming quality about this movie, it was very generic and boring. Add that with wooden performances and the script was a total mess, it could be written by any Kid, it was that generic.";"This movie does not stand out in any way from the other superhero action movies, it does nothing that distinguishes itself, neither does it do a good job in what it's trying to achieve, just random things happening here and there and you stop caring midway through.";"I would say avoid seeing this one, not worth watching in the cinema at all or in general.";"I just got out of Bloodshot";"I didn't like it, but I wouldn't say I hated it. It is a very silly film that is seemingly aware (At least I hope it is) of how silly it is. It's pretty tame violence and blood wise, it's pretty much all in the trailers which is disappointing.";"It's full of cliche's, it's action is routine and the effects whilst not bad, are not mind blowing either, there isn't much humour, but I have to say it is hard to hate a film that includes a dick joke which takes 20 minutes to pay off.";"Of the cast Vin Diesel is a bit bland and Guy Pierce is hamming it up but Eliza Gonzlez was joy as KT";"It features two things I hate in movies, people eating noisily (when they'd never really eat at that moment) and when you see the back of someone's head (Vin Diesel for example) whilst he is talking, but what you can see of the side of his face, clearly does not match what he is saying.";"There were 16 other people in my screening. They were mostly 20 or younger and spent a lot of time on their phones. Someone was even checking Facebook during a chase scene.";"First of all I have to mention, that I saw the trailer before I saw the movie. Basically I knew exactly what would happen because the trailer spoiled the whole plot. So thank you for that.";"They prise the fact that the film is produced by the same people who produced the Fast and Furious series. That should tell enough about that movie:";"Lots of action, bad story and full of stereotypes.";"Enjoy that one at home, on an evening where you have nothing better to do.";"Only with 21st century CCG and vastly inferior!";"Nothing more to say apart that I have to add wordage for this post to qualify!";"Really not much to say. Like the cast, Guy Pierce is awesome always but just didn't understand what was going on. Kinda just thrown together to fill a spot in the need for a new movie. Kinda like after football season ends, That unfilled void needed to be filled to kill time.";"The movie could almost be made by a 10 year old, nothing but mindless as toon that's not even subpar. The plot line and story is terrible, the only good things about the movie were vin desiel playing the same character he's played 30 other times and the no name actor who played the villain. Guy Pearce is under used and valued as the secondary villain, and Toby kebbel is in the movie for 5 minutes, so if ur watching it because u like him, dont";"It works on a basic level of action spectacle, but really doesn't offer anything in the story department that we haven't come to know with these revenge anti hero films. Vin Diesel is as standard as he usually is and doesn't make the character interesting either. I'll just sum it up and say this is just a throwaway action film with some cool sequences but overall you will feel like you've seen it already.";"I was a little excited when I saw its teaser trailer; not because I'm familiar with the comic book. It's just that I love good action movie. Long story short, this one is not that good, apparently; not really 'doing it' for me' (IMO, of course).";"OK. I'll sum it up: the story is weak, the characters are forgettable, it's got too many plot holes; the tech. thingy is all over the place (I mean, is that even believable? Seriously). I'm not sure with other viewers but I don't care about the main character; unfortunately, the cool SFX cannot save the whole mess. After all, it's only a subjective opinion. Go watch it in theater. Prove me wrong.";"Saw this a hundred miles ahead of course they use a diseased soldier remodel him and make him kill.";"Wait for it on DVD not worth full admission at the theater.";"Judging from the fact that it's a Vin Diesel film with surprisingly little marketing, I expecting the worse and to no surprise I was right. This film is bad, it's pretty the same quality as Hulk (2003), Elektra and Daredevil and Fantastic Four.";"Vin Diesel is horribly miscast and has literally no range. Even a celery could act better. He is unlikable in this film. The supporting cast were just fine. It's your typical comic book film meaning which means 70% of the time, they can't act to their full potential. Toby Kebbell, Eiza Gonzlez and Guy Pearce being the standouts. You know something is wrong when every member of the supporting cast shines out more than the lead.";"Jeff Wadlow who wrote Fantasy Island and Truth or Dare wrote this. I don't need to say anything else cause you know its gonna have horrendous writing. It does also suffer from Marvel Humour Syndrome and if it suffers from that, i will like the film so much less.";"That being said if you don't overthink the flaws, there is some fun to be had. It's somewhat entertaining with some decent action films even if it's so generically done. The visual effects are pretty substandard, it's obvious but not to the point where it is distracting.";"Overall there little of merit and is pretty bland and tasteless. It has it's enjoyment but that alone can't make the film. It's just lazy film making.";"It feels like an early 2000's superhero movie in a bad way like Daredevil or GhostRider";"It is quite disturbing movie not every watchworthy";"There's no story here like new star wars, captin marvel, birds of prey, guys immortal start to finish. Bad writing I think and agenda setting funny.";"The film is kinda meh. The most annoying bit is they say it is in London, they have aerial views of London but then it is mostly clearly not London (wrong houses, wrong cars/plates everything). I don't mind films being set in one place and filmed elsewhere but this is truly terrible.";"Using nanites to reg good idea but the think is when twist of story about his wife dead actually they r separate spoil the movie...";"I am an avid Vin Diesel Fan, , but this movie, in my opinion, is the worst movie he has ever done. The Writing is atrocious, the story is not well thought out, and I would like to say keep your money and go see another movie or have a good dinner. I almost stopped watching the movie halfway through but I had to give it a chance. In conclusion, a very poor movie.";"I think this is totally copied of VAN DAMME Universal soldier 1992 but universal soldier is much good then this one. Van DAMME do much better acting then diesel that time this is such a boring and assembling 90s movie";"7/10
This film gets right to the point and doesn't hesitate revealing the true nature of each character. The premise isn't original and although it's been done more times than I can count more recently the film ""UPGRADE""comes to mind but the pace of the film is quick so you never get a chance to harbor on the flaws of each scene. Plus it's always a treat to see Eiza Gonzalez so there's that. The Acting and special effects are of the usual Hollywood grade nothing spectacular Vin shows his usual grimace right before he roars with anger vowing to get revenge on the villain who double crossed him. But it's not a bad film it could've been a little more action it seemed kinda short but I guess they say time flys when your having fun. Yes I would recommend this film for action fans alike no matter the age it's mild at Pg-13.";"I got introduced to Valiant comics two years ago, when I bought my fist Bloodshot by Duane Swirzeyinski. At first I thought - hey they clubbed Wolverine and Punisher together! But the character is so much more that, at least what they do with him in the subsequent runs by Jeff Lemiere. Rellay cool if you are into comics. So I was super hyped when they announced the movie. Even more when I heard Vinnie D was playing him. I have been a long time Vinnie D fan. XXX and FF 1 and Riddick are great movies. The sequels maybe not so much but they ain't bad by any means.
The trailers looked good but they didn't have him in his OG comic book look so I was a bit concerned. However, I could imagine that would have required a a lot of make up / CG which probably they did not have the budget for.";"Having given all this context lets get into the movie review.";"By no means is this is a bad movie, it was pretty entertaining popcorn blockbuster. Will critics be rooting for it , will it get 98% rotten tomatoes score? Probably not.
But I guess the movie makers were never aiming for that. Its more for the audience to have a good time. That Bloodshot achieves in my opinion.";"So let me break it down in what I liked and what I did not in a well ...To 7 list .(I wanna be different !)";"Good stuff:";"1. That robot girl from westworld who was married to Elon Musk .UK Actress Talulah Riley was cool.
2. Indian IT guy , who has some good funny lines
3. Guy Pearce , sells the mad scientist type role he had in IM3
4. Eiza Gonzalez , always awesome to see her on a screen even though in smaller roles
5. Vinnie D as Bloodshot
6. The Henchmen were also pretty cool
7. Oh Of course the action made better by Steve Jablonsky (transformers) soundtrack !";"
Bad stuff:";"1. Bad editing in some scenes with action and chases
2.Not direct adaptation of comics (I guess this is still ok, they don't need to do panel by panel everything)
3.OG Comics look And costume not used
4. A generic action movie feel. They should have gone with some of the complex comic storylines
5.ninjak vs Valiant universe movie did a better job in comics accurate bloodshot portrayal. guy who played tommy in power rangers played Bloodshot
6. No easter eggs or nods to outside valiant universe. Again not necessary but would have been fun!
7. Toby Kebell wasted completely";"
To conclude, If your not familiar with the character, you may enjoy it as another generic action movie. If your a Vinnie D fan, you will walk out happy. If you are a big time comic fan of the Valiant Universe then you will have a good time as this was the first big time appearance of Bloodshot. I never thought in my life we would get a Bloodshot movie!";"It was a good movie, not bad, and the actor Vin Diessel as the MC show us that it can be better, I'd really like to see more of Valiant Comics in the future.";"Sam Heughan is Phenomenal in this Movie. Just like he embodies #JamieFraser in Outlander he embodies #JimmyDalton in #Bloodshot he is brilliant
I enjoyed the Movie overall it was action packed & had some awesome scenes I highly recommend all to see #Bloodshot you will not be disappointed"
