"It made me cry
The movie was also magical it is a really good family movie please see this i really like this movie great cast great humor great movie";"The dead parent trope might be overused for Disney movies but Onward doesn't make the mistakes of those movies. The siblings fight like siblings though out, not just at plot critical moments. Their single mom has a boyfriend who is not an evil stepparent trope, and their mom is actually proactive during the events of the film, but the adventure still belongs to the boys. I've been tired of plots that have parents oblivious to what their kids are doing. I came for the DnD references but I cried for the well-rounded characters.";"Onward isn't one of Pixar's best but its still a great fantasy adventure about rediscovering magic that's fun, funny and emotional. Tom Holland and Chris Pratt are both incredible and have perfect chemistry. Octavia Spencer and Julia Louis-Dreryfus are both great. As usual the animation is incredible and consistently stunning. The music by Mychael Danna is really good and Dan Scanlon's direction is great.";"I was excited going into Onward because Pixar are one of the only studios making movies today that consistently deliver. Not all of them are as great as some of their classics, but I have never had a bad experience watching a Pixar film and almost all of them are great. Some of them are down-right masterpieces.";"Onward isn't a masterpiece, but it's close to being one. At the heart of the story are two brothers, voiced excellently by Tom Holland and Chris Pratt. Their voices brought to much energy to the characters, and the dynamic between the two of them was electrifying and engaging.";"The overall story of Onward is nothing ground-breaking, but it is immensely entertaining and there was never a dull moment. This isn't my favourite Pixar film, but it's definitely up there. The musical score was heart-pounding and added to the tension in all the right places.";"All of the characters, especially the two brothers, have a very significant arc in the film and it was a pure joy to watch on-screen. The ending is also the most emotional I have been in a Pixar film since the inferno scene at the end of Toy Story 3, almost a decade ago. When you understand what the actual message of the story is, behind the road-trip adventure they go on, it will move you and grab you by the heartstrings.";"The pacing didn't always flow as well as I would have liked in the first act, and there were a couple of real-world elements which I had to suspend too much disbelief for, but overall this is an absolutely incredible film and I can't wait to see it again.";"SCORE: 93%";"Really beautiful and emotional movie. It won me primarily over by its absolutely fantastic and very detailed animations, look and use of colors.
Truely magical. It had so much time to develope so many different characters even if its just little extras. I would actually watch a TV series based on the lives of those fantasy characters in the suburbans. A very creative idea to actually tell a very simple and common story. The film convinced me because it just touched the right buttons and activated them with the story structure and the relationship between the two leading characters. There is some great voice work, most noteable Tom Holland and Octavia Spencer but also Chris Pratt meets the right tone.
One of the best Pixar movies that came out the last years and one of the most creative and magical ones (more in design than story) for a very long time. It got me close to tears at the end and that means something for a animated film. Kudos to Pixar, they know how to bring magic back t the cinema.";"I like the originality in this movie,
nothing special imo, i definitly didn't mind watching the movie.
Voice acting was really great though, the movie definitly got some laughs out of me. Go watch it if you have younger children, nothing special for adults and teens though.";"Very heartwarming blast of glorious adventures and spells! Glad I got to see an advance screening today, it was nice to see adults by themselves and kids. Had several epic parts along some sad stuff too. Onward is delightful especially Chris Pratt I love his character! I highly recommend this cool well done kids movie to anyone when it's actually out. I have Asperger's syndrome can you guys chill with the dislikes!";"I've heard people compare this to Frozen, but for boys. It's not that good. The dead parent thing has been done to death (pun intended), and I did go in knowing the theme, but it was just a bit, boring. Chris Pratt clearly wasn't let loose in the script or acting and was a bit of a disappointment. The visuals are good.";"I saw the movie yesterday at a pre release screening. While the animation was very smooth and enchanting as was the voice acting the story was flat. It's a coming of age story that you wanted to have a sweet happy ending.";"As the movie progressed it became increasingly sad. The whole hauling around the fathers legs was a bit much for me, and every time Ian tries to interact with his dad just made me feel more sorry for the character. The brother was an annoying character and was also a bit hard to like. All the other characters in the story were just thrown in with very little depth. To me the ending was just not what I wanted from this movie and I left the theater feeling depressed. Just could have been more wonder in this movie than there was. Too bad as it could have been much better.";"A funny, beautiful film. It's not top-tier Pixar, but I definitely recommend it. The chemistry between the two brothers is the highlight and can be relatable for both siblings and people who've lost a close relative.";"After seeing ""Onward"", I do hope this movie is no indicator for the quality of Pixar's productions after the departure of John Lasseter. In my opinion, ""Onward"" is the least inventive and entertaining Pixar movie since ""The good dinosaur"".";"Yet, the basic idea has potential: Once there was magic, but by and by it was replaced by civilization. This civilized world looks a lot like some random US provincial town - except that it is populated by magical, mythical creatures like Elves, Fairies, Centaurs, Dwarfs, Trolls and so on. No humans! This has the potential for a lot of gags, e.g., a Centaur (named ""Bronco""!) as police officer - in a car. On the other hand: This is no new idea; similar parodies on Smalltown America has been seen in ""Chicken Little"", ""Planet 51"", ""Antz"" or ""Bee movie"", to name only a few CGI movies. There is nothing really new and inventive here as, e.g., the land of the Dead in ""Coco"".";"Most obvious would be a comparison with ""Shrek"", which features also a world of magical, mythical creatures. Yet while ""Shrek"" has a satirical, cheeky approach to its world and its 'people', ""Onward"" shows a more sentimental, sometimes even corny approach. The 'magical' times are introduced as some kind of lost, yet golden age - which is strange somehow, since all the ingredients of this magic age are still there.";"Another problem of ""Onward"" are its main characters, the brothers Lightfoot: Elves with blue skin and pointy ears, yet otherwise completely just like some average teenagers of 16 (Ian) and 18 (?, Barley). Great, two more moody teenagers! And there is another stereotype: They are half-orphans, since their father has died even before Ian's birth; since then, Ian seems to long for his lost father. His brother, on the other hand, is shown as a screw-up, role-playing and driving an ancient bus. The most likable person in the family is their hands-on mother.";"As in ""Coco"", ""Onward"" tackles the contact to the hereafter. But while in ""Coco"" Mexican traditions and myths are used, in ""Onward"" it just feels creepy: In the beginning, Ian summons (more or less by accident) his father - but only up to the waistline! Does that mean that the rest of him is still somewhere in the afterworld?";"Anyway: Barley and Ian have to hit the road to summon also the rest of their father, since for some reason they have only 24 h for that. This way, we also get a road trip, and while this is probably the most entertaining part of the movie, it is also no new, inventive idea; far from it.";"Don't get me wrong: ""Onward"" is not a bad movie; is has a lot of funny moments, and the visuals are great. But in my view, it is not very memorable.";"So many fake reviews before official release, unreal";"Greetings again from the darkness. No studio has ever had a 25 year run like Pixar. This is their 22nd feature film over that span and every single one lands somewhere in the range of brilliant/instant classic to watchable/re-watchable. Though this latest may not reach instant classic level, it does stick to the Pixar standard template of highly entertaining while delivering a life lesson. This is the first time in the Pixar director's chair for Dan Scanlon since MONSTERS UNIVERSITY (2013). It's also the first original Pixar since COCO (2017) ... and note, it's rated PG.";"The film opens with a ""history"" lesson detailing how the world was once populated by enchanted creatures like elves, unicorns, wizards, mermaids, fairies and sprites. Science and technology created shortcuts and soon the world's ""magic"" had disappeared, relegating these creatures to life in the suburbs. We pick up the story on Ian Lightfoot's 16th birthday. Ian is part of an elf family that includes his older brother Barley and their widowed mother Laurel. While Barley is a loud and rambunctious type who is obsessed with the Quest of Yore game and mythology (think Dungeons & Dragons), Ian is a more pensive type who still mourns the late father he never met. Both brothers are surprised when their mother presents a ""gift"" from their dad - one he left instructions to be held until Ian turned 16. The gift is a magical wizard staff that, with the included precious stone, can bring dad back to life for 24 hours.";"Barley's knowledge of the magical spells combined with Ian's lack of self-confidence ends up botching things to the point that only half of dad is brought back - the bottom half. Under a tight deadline and in need of a replacement gem to bring dad back for a much desired final conversation, the brothers take off on an adventure that turns pretty wild. Their quest leads them to cross paths with many of the previously enchanted creatures, including the fabulous Manticore, and mom's boyfriend, Officer Colt Bronco.";"We have come to expect 'magic' from Pixar with every movie, and this one doesn't disappoint. It may not be quite as awe-inspiring as some of their best work, but it's still a terrific suburban fantasy adventure filled with comedy and life lessons ... the most crucial of which is: being happy with what you have is more crucial to your inner-peace than getting what you hope for.";"As always, the voice acting is top notch. Tom Holland (SPIDER-MAN: HOMECOMING) delivers the goods as Ian, and Chris Pratt (GUARDIANS OF THE GALAXY) brings the necessary wonder and excitement to brother Barley. Julia Louis-Dreyfus never really gets to shine as their mother, but then this story is focused on the boys. Octavia Spencer has fun as Manticore (we needed more Manticore!), Mel Rodriguez is a hoot as Officer Colt Bronco, and yes of course, John Ratzenberg sneaks in - he's now voiced a character in all 22 Pixar films.";"This is the first Pixar film to be totally free of input from ousted President John Lasseter, and it's one of the very few to be released outside of the summer or awards season. The likely reason is that the studio has a second original film being released this June. SOUL will be directed by Pete Docter and is viewed as a companion piece to the already classic INSIDE OUT (2015). Given the time of year, it could be easy to overlook ONWARD, but it nails the Pixar trademark emotional finale ... delivering a sentimental scene likely to stick with you. I have praised Pixar many times over the years as their creative teams really seem to ""get it"". Regardless of the month, ONWARD will cast a spell.";"Disney movies have really gone downhill. This movie emphasizes that. It is a senseless ""comedy""";"Onwards is an enjoyable and magickal journey not to be missed. Although not your standard pixar movie, onwards is filled with creative and imaginative concepts with great influence from mythology, spiritual theory and board games such as Dungeons and Dragons.";"The story between the two brothers was gripping and as realistic as a fantasy animation can get, and with the film being inspired by director Dan Scanlons story of him losing his father, brings more of an emotional connection, especially nearing the end of the film (no spoilers). I enjoyed the connection that Tom Holland and Chris Pratt brought to the film with their talented voice acting skills and really brought the characters and their circumstances to life.";"Spiritual ideology is hidden within the script as the movie explores concepts such as manifestation, believing in yourself and ofcorse magick itself. There are quite a few inspirational quotes that can be pulled from this story and used in general day to day life or to even inspire and motivate you to move towards your dreams and to realise what you can truly accomplish.";"Onward also sees Pixar's first lgbt character, which continues to show that animation and the film industry are moving on to educate that the norm that was once known is not the norm of today. Even with the subtlety of a police officer referencing her girlfriend briefly during a scene, brings hope that movies aimed at younger generations are developing a better sense of tolerance and brings more hope to the future.";"I would recommend this film definately, however also understand it may not be everyone's cup of tea, but for me personally this film deserves a 10/10.";"I really enjoyed this movie. It's a fun, fast paced adventure with real emotional content.";"I loved the story and there were a few moments that made me laugh out loud. I'm a father of two boys and the relationship between the brothers struck a few chords with me.";"All the characters are great fun and the animation and voice acting is spot on.";"Great family film and well worth a watch.";"The film here seems like it is missing something . The story is alright , not super developed (pretty straightforward) . The characters don't really grow on the audience much. I was hoping more from this, the film kinda makes the viewer want to move ""onward"" from watching the film. A bit boring in my opinion. Don't recommend.";"This film has some creativity to it, but the theme of death seems to have the whole film under a gloom. The story is not well developed and the characters in the film just seem to exist in order to learn a important lesson (kind of obvious lesson) . The film seems to lack in terms of cinematic experience. This would have been better if released on DVD or Disney plus . Too much is lacking here. Don't recommend it.";"This movie had no point in ever being made. Disney/ Pixar really aren't living up to the name. The movie is plain boring and dull. Awful.";"Set in a realm where mystical creatures have swapped the magical for the mechanical and mundane, Onward tells the story of two elf brothers, who, after a botched attempt to bring their dead father back to life, end up on a quest to complete the spell and spend one final perfect day in the company of a man they never really knew.";"While the animation may not feature sequences as utterly jaw dropping as in Coco, Zootopia, or even the recent Frozen 2,what it lacks in the retina scorching department, it certainly makes up for in feels and pure goofball humour.";"Essentially a road trip/odd couple/chase movie, Onward's strength lies in how the central relationship between the older, brasher, RPG obsessed Barley and the younger, introverted, nerdier Ian plays out.";"There are some killer lines, awesome visual gags, and fairly amusing side plots featuring characters as memorable as any in Pixar's greatest hits (The Manticore, I'm looking at you kid). The emotional coda in the last ten minutes also had me weeping, although that may be more to do with my complicated family history than anything else. Or I had all the things in both my eyes. Potatoes/Potatoes.";"Overall, it's a big, bright and breezy rollicker, and whilst not as polished as other recent offerings from the Haus of Maus animation arm, its zany conceit and chemistry poppin' central pairing helps keep things upbeat and interesting throughout. I give it an artful 8/10.";"Onward (4 out of 5 stars).";"Onward is a good computer animated fantasy film which may not be Pixar's best and memorable film. But it does have heart, emotional filled story, and beautiful animation. Pixar has been going at it with a lot of films. It could have been worse like Cars sequels or Monster University. It may not live up to the top like Toy Story or Incredibles. It was still worth seeing.";"The plot takes place in a mythical world where magic exists and fantasy creatures like elves, dragons, ect. In the modern times, magic is slowly disappearing when people have depended on technology. A teenage elf Ian (Tom Holland) just turned 16 and his one wish is to meet his father. Which he never had the chance too before he passed away before he was born. His mother Laurel (Julia Louis-Dreyfus) is a caring mother but worries about her boys. His older brother Barley (Chris Pratt) who's a huge fanatic over adventures and magic. Almost looks like he collected every dungeons and dragons cards. Ian is given his father's wizard staff for his birthday with a spell which he can bring his father back for one day only. When the magic goes awry and he only has the bottom half of his father. Barley and Ian plan to go on a quest to find a stone that can finish the spell on bringing their father back.";"The plot is emotional. It is about a journey of two brothers. There relationship is shaky. Ian is trying to fit in with society and in school but is very awkward. Barley is a magic fanatic. Who believes that magic should never be forgotten. He drives a van called Guinevere with a unicorn painting on it. These two go on an adventure. They meet Corey (Octavia Spencer) a manticore creature. Who owns a restaurant and tries to aid with them. They run into little biker fairies with attitude. That puts them in a bike and van chase on the freeway. The two brothers face against booby traps in the mountains. Trying to find the stone. The conflict challenges them both which they both learn a life lesson. And a theme about life and death. By the time the movie reaches its third act, both of these brothers have learned about this lesson.";"The animation is beautiful and colorful. It has its fun moments. The film may not be as memorable or the best compared to other films. The music score was not as memorable. The concept was good but it does not stand out like the other movies.";"The voice talent was good led by Chris Pratt and Tom Holland.";"Overall, Onward is a good film. It is not the best. The emotional story will get to you. The animation is fun to look at. It was a fun ride.";"If you enjoy reading my Spoiler-Free reviews, please follow my blog :)";"I always struggle to find reasons to dislike a Pixar film. One of the most annoying preconceived notions about genres is the one about animated movies. ""They're for children, how can you enjoy stuff like that, you're so childish"", people say. Little do they know that animated flicks have as much or more emotionally compelling narratives and characters than live-action films. The score is usually more important in the former genre, and the visuals always look stunning. The partnership Disney-Pixar is probably the best thing that could have happened to Hollywood.";"Dan Scanlon delivered a surprisingly good sequel to Monsters Inc. back in 2013 with Monsters University. Making an efficient sequel twelve years after its original is a challenging task, and Scanlon succeed, so I had good expectations going in. Onward might not be one of Pixar's best movies, and I doubt that a lot of people will place it as one of their favorites when comparing with the studio's films of the same type. However, it still carries the trademark emotional narrative with relatable characters that Pixar always delivers.";"I grew up with a father, mother, and two older brothers. Just with this information, I know that I'm luckier than a whole bunch of people all around the world. Onward focuses on the relationship between two siblings (Chris Pratt and Tom Holland), and I love their adventure together. It made me recall my childhood and the awesome moments I shared with my brothers. If you're a fan of Dungeons & Dragons or other quest-based games, the main plot's structure will definitely please you as it did me, but it's connected to my biggest gripe...";"The concept is pretty neat, but its execution lacks a little bit of more... magic, as ironic as it might be. For example, Frozen II isn't about a ""world full of magic"", but Elsa (Idina Menzel) alone has more magical scenes than Onward in its entirety. In the former, the actual magic feels the screen with stunning animation and chill-inducing music. Onward feels like a diminished version of its true potential. While it's true that the world where the main characters live in has lost its overwhelming magic from the past, their adventure is filled with obstacles which they deal with... you guessed it, magic.";"I don't want to sound like that guy who only wants ""action for the sake of action"". I hate when people dislike a movie simply because they didn't see enough stuff exploding or something. It's a bit about expectations and about what I know Pixar can do. Obviously, I'm expecting more from them now more than ever. It's not that the story isn't interesting or captivating because there's definitely an entertaining vibe throughout the whole runtime. It's well-paced, there's always something going on, and the humor is pitch-perfect. It's GOOD. Simple as that.";"The voice acting is fantastic. Tom Holland and especially Chris Pratt really incorporate their characters' spirit, and it's almost palpable that the actors had tons of fun behind-the-scenes. Julia Louis-Dreyfus and Octavia Spencer are also quite good, but their characters' respective arcs aren't near as compelling as the primary narrative. Every moment I spent with them is every moment I wanted to go back to the brothers. However, the fun and entertainment never go away. The story never fails to be exciting, it just goes increases and decreases its level ever so slightly.";"I saved the best for last. Even though the second act feels a tad repetitive, the ending is incredibly satisfying. Predictable? Yes. Will it be underwhelming/disappointing for some people? Surely. But it delivers the most beautiful of messages in the most emotional way possible, as Pixar always manages to do. A lot of nice, small morals are learned throughout the story, but the final one is absolutely perfect, and it left some tears in my eyes. The ending is heartfelt and genuine for everyone, but it will have a tremendous impact on families that lost a member way too soon.";"All in all, the Disney-Pixar's partnership continues to provide the world with the best animated films of each year. Onward is the most recent success, even though it lacks a bit of magic and creativity when compared to the studio's movies of the same genre. Boasting a talented voice cast, the two brothers go on a fun, quest-based adventure that concludes with a wonderful, heartfelt message to every family out there. Some people might find the ending too predictable and underwhelming, but the climax is emotionally powerful, and it will unquestionably cause an impact on everyone (tissues, anyone?). Its second act feels a bit repetitive, but the entertainment never fades away. Hilarious and clever humor, compelling main characters, not-that-interesting secondary characters, and gorgeous animation as always. The end credits song is pretty cool too. Can't wait for Soul...";"Pixar are back with two films in 2020 and their first one is a hit. The film centres around brothers Ian and Barley Lightfoot - two elves whose father died when they were too young to remember him. Given the opportunity to spend a day with him by a magical staff and spell, the boys of course try it out but it doesn't go as planned. This is where the film heads off into their quest to find a gem that can help complete the spell for their father who has returned only as a pair of legs. That's right, folks, Pixar have made a film about a pair of legs. And what a studio to do it. Right from the beginning the film is filled with laughs a minute and great voice acting from Tom Holland (Ian) and Chris Pratt (Barley). You will believe the brotherly relationship between them, as the script is so natural that you can't help but get lost in the mythical world and root for our two heroes. The film isn't without its flaws, however. Unlike Pixar films that have come before, there seems to be something missing here that doesn't give it that level of Pixar magic as in the likes of 'Inside Out', 'Toy Story' and 'Up' to name a few. 'Onward' is more on the level of 'Cars' and 'Brave' in that it's a very good and enjoyable film, but nothing memorable. And much like 'The Good Dinosaur', the backgrounds of the film are so photo realistic, that it's hard to tell this film is animated at times, until the characters come on screen. The animation for mythical creatures is hard to make real; however, Pixar have been so good in the past with rats, toys and monsters, you can't help but feel that the animation lacks in this area. The score as well isn't as memorable as others, making one yearn for Michael Giacchino and his France themed score for 'Ratatouille' or Mexican themed score for 'Coco'. Taking these aside, the film follows that straightforward quest/journey plot and makes you laugh and smile throughout until the end where, although you're expecting it, the tears begin to well up and a warm fuzzy feeling enters your heart. Yes, Pixar will make you cry over a pair of legs in purple socks.";"'Onward' is a formulaic animated film that is funny, heartwarming and action-packed, but lacks in that special touch that so many Pixar films have had woven into them.";"I've seen quite a lot of these types of movies. I've seen it with Chicken Little, 2016s movie Sing; a world with animals or magical beings living out the same reality and world as us. Onward has been one of the few movies I've been looking forward to in 2020; having Tom Holland and Chris Pratt in an animated movie is also a welcome surprise, they worked great in Infinity War, and they work great in this, they have very good chemistry.";"The movie tells the story of Ian (Holland) and his older brother Barley (Pratt) who live in a suburban world that was once filled with magic and sorcery, which over the course of centuries stopped depending on the wonders of magic and began living in towns and cities and living with electricity and all the joys our world does. But one day, a magic staff is left to the brothers by their recently deceased father, and after the brothers only succeed in bringing part of their father back (the legs) they only have 24 hours to find a magic crystal to restore their father whole.";"Like I said, Holland and Pratt work great. Ian is the shy, socially awkward teen and Barley is the impulsive, tough older brother, and you enjoy watching their relationship develop over the course of the movie. Our side characters include a Manticore who over the years has given up her past violent but heroic ways and used her time to run a family restaurant. We get a nice side story with her and Ian and Barley's mum Laurel. We also get to know Laurel's boyfriend Officer Colt, a centaur. The way the film depicts a fantasy world turned modern day industrialised city is good. We have schools, highways, vehicles. Two of my favourite things in the movie are dragons being pets just like dogs are, and a biker gang made up of pixies, it's a funny idea.";"Besides that though, I have a few problems with the movie. The movie has a lot of heart to it, and it's by no means bad at all, this is just something I've seen in a lot of young adult animated movies, and it always makes me remember How to Train your Dragon 1&2. Those movies are a lot of fun, but something that always makes them better than the majority of young adult animated stuff these days is that they include realistic consequences when the danger arrived. I doubted that anyone in this movie would die or be injured; the closest thing we get are a few splinters, that it. In How to Train your Dragon 2 one of the battles (spoilers) ends up with Hiccup's dad DYING, and it's a pretty unexpected and violent death. This movie is definitely for kids, but I feel like young adults watching this need more a wake up call to some of this kind of violence. Who knew that Dreamworks has more balls to do something like that then Disney and Pixar does.";"Overall though, this is a very good movie and uses magic and adventure in a very funny way. Definitely see this in cinemas while you can.";"So Pixar have always been hit or miss, so I was unsure if this film would be great since Pixar has an unpredictable track record. Onward is a surprisingly great film with some really touching and heartfelt. moments";"As per usual, the visuals are absolutely stunning. It's a gorgeous looking film with terrifc voice work as well. Pixar can't do any wrong when it comes to that.";"Tom Holland and Chris Pratt are really great here. Their characters are really likeable and there chemistry as brothers is great.";"The story maybe slightly generic in terms of the quest aspect but the writing is so strong that the bond between them and trying to get their father back is really awesome.";"That being said it's still a lot of fun and consistently entertaining and a beautiful film. It's their best film in quite sometime."
