"
";"
";"
 Win a double pass to see BLOODSHOT in cinemas   To celebrate the release of Vin Diesel in BLOODSHOT, you can win a double pass to see BLOOD...
";"Film Reviews, Sports, And Editorials From A Minarchist Perspective";"The nostalgia critic has a saying he does at the beginning of every video: ""I remember it so you don't have to"". Well, I just created a new saying ""I'm reviewing it so I don't have to see it""";"The nostalgia critic has a saying he does at the beginning of every video: ";" Well, I just created a new saying ";"A little backstory here, during a screening for a recent film, I had to sit through 25 minutes";"So here is my rant/review about the following three films ";". Links to fight me IRL down below.";"";"";"";"Another ";"clone targeted to a black audience about a tech mogul who becomes a child again because life as an adult is just too hard. Outside of the fact that Hollywood continues to infantilize adults because how dare society expect you to have your shit together by the age of 48, the jokes are corny and there is a really creepy undertone of a 13-year-old girl hitting on grown shirtless men. The girl looks NOTHING like the older version of Regina Hall that she is supposed to be playing andshoot dance in the trailer0/5";"";"";"";"";"";"The next unoriginal clown show comedy comes to us from the guy who coined the term CyberNazis written by the guy who wrote Battleship0/5";"";"";"";"";"";"Finally, we have yet another Seth Rogen comedy movie. If you have seen one, you have seen them all they never change. Sex jokes, unnecessary swearing, 20-minute bits dedicated to drug use (mostly marijuana and ecstasy), pop culture references outdated by at least 24 months, eye-rolling liberal social commentary, forced improvisation that is funnier to the actors than the audiences, and someone is going to show their dick in the film. I just spoiled the entire movie for you and I challenge anyone to come back here and tell me that im wrong. Save your money and time0/5";"";"";"";"";"";"Thats it, Im done, Im cleansing my soul with these films. Hard Pass, like John Stockton in his prime.";"";"";"Dont Forget to Like and Subscribe to";"For Updates. Also, Follow This Blog at";"Once upon a time when Theaters were just introducing commercials, I made it a point to complain to the theater manager whenever there was a commercial before the film. That didnt work so I began booing the commercial at the beginning of the film. I did that until someone shouted Shut up! I like commercials! That pretty much destroyed my faith in human intelligence so I gave up and now watch a tenth of the movies I used to in theaters. On those rare occasions, I just arrive 20 minutes after the movie was officially supposed to start to avoid 90 percent of the mind fucks. Unfortunately, the trailers for upcoming films are nearly as bad these days. You have performed a public service by reviewing these monstrosities.";"
My comments:";"
Little: The pedo angle with this one is strong. ";"My Spy: Stupidly watched the trailer. Child characters who talk like 30 year old screen writers is one step removed from actual pedo.  ";"Long shot: I never see movies where the stars are self hating white guys. This jerk ruined Green Hornet since they couldnt film around his ego.";"100%";"Poor Charlize Fury road will remain her best movie!";"If you think that then you clearly have never seen on Flux or her more recent, Atomic Blonde. She kicks ass in them.";"Actually I havent, Ill check them out, thanks!";"Fill in your details below or click an icon to log in:";"
			";"
			You are commenting using your WordPress.com account.			";"
			";"
		";"
			";"
			You are commenting using your Google account.			";"
			";"
		";"
			";"
			You are commenting using your Twitter account.			";"
			";"
		";"
			";"
			You are commenting using your Facebook account.			";"
			";"
		";"Connecting to %s";" ";" ";" ";"
";"
";"About a month ago I reviewed ";" and in that review, I discussed this strange phenomenon where wrestlers who become actors have one big thing in common. They all end up headlining a very bad kids movie. Sure, a lot of actors end up appearing in one bad kids movie because it offers them an easy paycheck and its a movie they can take their children to go see so they can prove they have an actual job but wrestlers almost make a sport out of it. Our latest addition to this is Dave Bautista who I kind of hoped wouldnt have to do this because he has the ";" and ";"movies which would be enough to show any future children that he was cool. He didnt need this, he didnt need this to be the first major thing he did after ";" (";" came out BEFORE ";", if you can believe it). Ill give it this much, its not as painful as ";" Robert Downey Jr decided to do after ";".";" features a plot that feels weirdly familiar. CIA operative JJ Cena (Dave Bautista) is on the last ounce of goodwill from the agency after he botches a mission. His last chance to prove he should be with the agency involves doing surveillance on the Newton family, Kate (Parisa Fitz-Henley) and her 9-year-old daughter Sophie (Chloe Coleman). His only assistance is tech analyst Bobbi Ault (Kristen Schaal) and sure enough, while he is meant to be secret in his spying, Sophie finds out that JJ Cena (No relation to John Cena, though god I want a film with John Cena with Dave Bautista as brothers) and Bobbi are spying on her and blackmails them into becoming a friend of her family. Shenanigans ensue that rely heavily on the comedic trope of the large muscle-bound man being asked to do typically girly things and a lot of lying that can be revealed during the climax of the film.";"This kind of film feels like its a relic from the 90s. Arnold Schwarzenegger wouldve been making this film if the script had been around back then, and judging by how the jokes feel I wouldnt be shocked if a very early draft of this was around back then because the jokes feel like they were written a decade ago, back when you could believe that the CIA would send a giant wall of muscle out on a job that requires sitting and doing nothing. The jokes also just feel generic, like theyre going off a checklist. We have the 50 Shades references, we have the awkward classroom scene, the comedic ice skating scene where the oversized muscle man cant skate and of course we end on a big group dance number to whatever song happens to be popular at the time of filming (in this case, the song was I Like It by Cardi B). If you can think of a clich idea that fits with the Large muscular man forced to look after small child genre, it appears here.";"What makes this film watchable (not good, but watchable) is the absolutely game-for-anything performance by Dave Bautista who keeps reminding us that Drax isnt a fluke, he just has some spectacular comedic chops that works well. Its something about his dry delivery that makes his lines work and he does it with the most serious look on his face. Hes also clearly not afraid to look like a fool, pulling out some physical comedy and dorky dad dance moves that can pull out a few laughs while making him endearing. I wish he was picking better-written films though, ones that gave him a lot more good jokes to work with instead of trying his best to make the material hes been given funny. Sadly the actual jokes and scenarios are either just flat out unfunny, or feel so out of place in 2020. Theres an entire subplot involving the gay neighbours who give Bautista a makeover before a big date there are so many 90s romcoms that did this same set of jokes. Heck, to put a cap on it, its a gay couple where one partner is silent and the other does all the talking thats Ruth and Barb from ";" which is a movie you probably didnt see, but Im guessing the writers did because its too much of a coincidence that ";" and ";"both have an interracial LGBTQIA couple where the black one talks and the white one makes unintelligible grunts.";"That gay couple in the movie does make me need to point out that this film goes a good job of representation by showing a diverse mix of ethnicities and sexualities throughout the film. Sure, some might be a little problematic but at least theyre there. ";" might not be great, but it proves how obscenely easy it is to do some basic representation. Even though they dont actually give them characters (because this is a badly written film, have I mentioned that yet?), at least theyre there and on-screen for long periods. Other films, take a note from ";" and just make some gay characters or some people of colour as part of your film. The film probably couldve worked just the same with someone other than Ken Jeong in the role of the FBI leader, but they put Ken in that role and suddenly theres some serious representation here I know this is a silly tangent but there isnt much to talk about in the actual film and I feel like this discussion needs to keep happening until it stops feeling like a big deal that a below-average family comedy has a diverse cast of characters.";" is, at best, basic. There are some laughs because of the genuinely great lead and no one is outright bad, but it feels like weve seen this before. Hell, weve seen this done before and done a lot better. With jokes that only land when the actors pull out 135% of their talent and a story thats so generic that you could literally go in, see the first 15 minutes and then perfectly describe the ending. Littered with minor issues that can be distracting, it just never rises much above harmlessly mediocre. Its certainly not the worst kids movie out right now, but considering its up against ";"thats not exactly the best praise anyone could give.";"
						";"
		";"Fill in your details below or click an icon to log in:";"
			";"
			You are commenting using your WordPress.com account.			";"
			";"
		";"
			";"
			You are commenting using your Google account.			";"
			";"
		";"
			";"
			You are commenting using your Twitter account.			";"
			";"
		";"
			";"
			You are commenting using your Facebook account.			";"
			";"
		";"Connecting to %s";" ";" ";" ";"
";"
";"This site uses Akismet to reduce spam. ";".";"This is a place where Ill be putting quick reviews of movies Ive seen";"Enter your email address to follow this blog and receive notifications of new posts by email.";"
                    ";"
                    ";"
                    ";"
                    ";"
                    ";"
					";"                    ";"
                ";"
 	        ";" |
 	        ";"
 	        
 	";"In My Spy, former wrestler-mixed martial artist ";" plays J. J., a nails-for-breakfast war veteran-turned-C.I.A. operative on assignment staking out newly widowed Kate (Parisa Fitz-Henley) and her 9-year-old daughter, Sophie (Chloe Coleman), who have recently fled Paris and are struggling to adjust to their new life in Chicago. The clever Sophie is quickly on to J. J. and threatens to blow his cover if he doesnt take her ice skating, participate in her special persons day at school and train her to become a spy, all so that her new classmates will no longer ostracize her.";"Given that the 11-year-old Ms. Coleman is prominently featured on all the promotional materials, one might consider My Spy a childrens film. But its PG-13 rating and Notting Hill reference belie that categorization. While violent in a mostly harmless and comedic way, the films dialogue is downright lewd. Also, parents may not want their kids getting any ideas from Sophies being so scary good at blackmail.";"In full Kindergarten Cop mode, Mr. Bautista certainly does the lovable lug more convincingly than does ";". Thus it is too bad the film doesnt maximize the potential of its premise, and instead devotes much of its runtime to Sophie playing matchmaker between J. J. and her mother.";"
Posted on March  2, 2020 in ";"
, ";"
, ";"
 | ";" | ";"
 	                        ";"
													This weblog only allows comments from registered users.
                            To comment, please ";".
						
					";"
						You are currently signed in as ";".  ";"
					";"



					";"
					";"
				";"Editor:";" | ";"Associate editor:";"
";"Chief critic:";"
";"London:";"Los Angeles:";"New York:";"Toronto:";"
";"
";"
";"
		";"
		";" ";"
	";"  Budget Unknown  1 hour and 42 minutes";"After killing everyone but Azar, before the C.I.A could obtain pertinent information about the plans for using stolen plutonium, J.J. is in the hot seat. His boss, David Kim, doesnt believe J.J. is cut out for the C.I.A. J.J. has one more chance to prove him wrong. Davids intel discovered that Victor has been meeting with Azar about the plutonium. Victors brother created a miniature nuclear bomb and Victor killed him for the plans. However, Victors brother hid the plans before Victor could find them. While Agent Christines being sent to Paris to surveillance Victor, J.J. is given another task. Victors sister-in-law and his niece left Paris and moved to Chicago, J.J. and Bobbi  the tech  have to watch the widow and her child, in case Victor comes for them or they have information. J.J. wants action, so watching from the sidelines with Bobbi is painful. In Chicago, Sophie is a 9-year-old girl who is too smart for her own good. Her mother Kate works as a nurse. She is often called for double shifts and has to cancel family time often. Sophie notices the new neighbors but doesnt speak to them. One day, her dog gives her a weird ball. Sophie opens the ball and finds a computer chip. She uses the internet to discover the ball is a wireless camera. She traces the wireless connection to an apartment and finds Bobbi and J.J. arguing. She starts to record them and sees their monitors spying on their department. Sophies father was Victors brother. Sophie offers to keep their secret if J.J. helps her. Being the new girl has been hard, she hopes J.J. can help her gain friends by driving her to an ice skating party. If J.J. doesnt do it, she will upload the video of them and their surveillance to the internet. This will end J.J. and Bobbis career in the C.I.A. J.J. pinky promises to help Sophie gain friends. Over time, he will become her tutor, mentor, confidant, and protector. And she will show J.J. there is more to life than working alone.";"This movie has all the feels. J.J. gives the strong tough-guy image but he loves his fish Blueberry, sings ";", and wants soothing music to go to sleep. Sophie is 9-years-old but she is a 2020s 9-year-old girl. She can track WIFI connections, pass lie detectors, and use her street smarts to get in anywhere. These two create a new buddy-kid-cop movie for this generation. Like ";", ";", and ";", this movie shines with lots of jokes for kids and adults (";"). But unlike the aforementioned movies, Sophie isnt a helpless child. She understands what is going on and why its happening. She knows what her father and uncle have done. Her intelligence and acceptance is a refreshing twist on this genre.  Because of the violence  albeit mild  this movie is better suited for ages 8 and up. For parents, this movie makes reference to ";" and ";"(";"). And no need to stay after the end credits.";"I give it 3.5 out of 5 stars";"  JJ";"  David";"  Bobbi";"  Sophie";"  Katie";"Categories: ";", ";", ";", ";", ";", ";", ";", ";", ";"			";"Tagged as: ";", ";", ";", ";", ";", ";", ";", ";", ";"Fill in your details below or click an icon to log in:";"
			";"
			You are commenting using your WordPress.com account.			";"
			";"
		";"
			";"
			You are commenting using your Google account.			";"
			";"
		";"
			";"
			You are commenting using your Twitter account.			";"
			";"
		";"
			";"
			You are commenting using your Facebook account.			";"
			";"
		";"Connecting to %s";" ";" ";" ";"
";"
";"Enter your email address to follow this blog and receive notifications of new posts by email.";"Join 258 other followers";"
                    ";"
                    ";"
                    ";"
                    ";"
                    ";"
					";"                    ";"
                ";"
		";"
		 ";"
	";"
		";"
		 ";"
	";"
		";"
		 ";"
	";"
		";"
		 ";"
	";"
		";"
		 ";"
	";"Black Widow Tracking For Big Opening Weekend Despite Coronav...";"John Krasinski Says If Marvel Wants Him For Fantastic Four H...";"Watchmen Star Reportedly Eyed For Female Lead In Spawn Reboo...";"Christian Bale Confirmed To Be Playing Thor: Love And Thunde...";"The Batman Trilogy Might Feature Multiple Jokers";"My Spy Review";"The Invisible Man Review";"Brahms: The Boy II Review";"The Elder Scrolls 6 Setting And Release Date May've Leaked";"New Resident Evil 3 Feature Will Make Nemesis Much Scarier";"Fortnite Players Have Finally Found Deadpool In-Game";"Big Budget Harry Potter Game May Be Announced Very Soon";"New Study Says There's No Causal Link Between Video Games An...";"Rune Factory 4 Special Review";"Mega Man Zero/ZX Legacy Collection Review";"Dreams Review";"The Witcher Star Says Toss A Coin To Your Witcher Is Stuck I...";"BBC Responds To Fan Complaints About Doctor Who Season 12 Fi...";"Anthony Mackie Says Being The New Captain America Is Monumen...";"Beauty And The Beast Prequel For Gaston And LeFou Coming To ...";"New Loki Set Photo Confirms The Return Of A Longtime Marvel ...";"Doctor Who 12x10 ""The Timeless Child"" Review";"Doctor Who Season 12x09 ""Ascension Of The Cybermen"" Review";"Doctor Who Season 12x08 ""The Haunting Of Villa Diodati"" Revi...";"Star Wars Hints At Padme Being A Total Stranger To Darth Vad...";"DC Comics Reveals A New Origin Story For The Joker";"Deadpool Just Hilariously Referenced Ryan Reynolds' Blade: T...";"The Internet's Freaking Out Over Marvel Making Wolverine Gay";"Star Wars Finally Fixes A Big Death Star Plot Hole From A Ne...";"Superman: Year One #1 Review";"Batman: Last Knight On Earth #1 Review";"Detective Comics #1000 Review";"My Spy Review";"Doctor Who 12x10 ""The Timeless Child"" Review";"The Invisible Man Review";"Rune Factory 4 Special Review";"Mega Man Zero/ZX Legacy Collection Review";"Doctor Who Season 12x09 ""Ascension Of The Cybermen...";"Brahms: The Boy II Review";"Dreams Review";"Bayonetta & Vanquish 10th Anniversary Bundle Revie...";"The Top 20 Horror Movies Of 2019: Ready Or Not...Here They C...";"The Top 20 Horror Movies Of 2019: Tethered Terrors (Part I)";"10 Movies That Blew Us Away In 2019";"10 Moments In Star Wars: The Rise Of Skywalker That Surprise...";"10 Burning Questions Star Wars: The Rise Of Skywalker Left U...";"10 Easter Eggs In Star Wars: The Rise Of Skywalker...";"The Best Horror Movies To Stream This Halloween";"10 Easter Eggs And Nods In Joker That You Might've...";"10 Moments In Avengers: Endgame That Surprised Eve...";"Watch: New Mortal Kombat 11 Spawn Teaser Trailer";"Watch: Star Trek: Picard Promo Teases A Surprising Developme...";"Watch: Scooby And Shaggy Head Into Space In New Scoob! Trail...";"Watch: Your Favorite Transformer Returns In Awesome Bumblebe...";"Watch: R2-D2 Restores C-3PO's Memories In New Star Wars: The...";"Theater Employees Summon A Sex Demon In Trailer Fo...";"Watch: New Resident Evil 3 Remake Gameplay Showcas...";"Resident Evil 3 Gameplay Reveals A Surprising New ...";"Watch: Disney Releases Clip Of One Of Star Wars: T...";"";"";" starts out like every spy movie: A bunch of good guys and bad guys are in an abandoned warehouse. Fighting in slow motion, CIA agent JJ (Dave Bautista) is offing Russian baddies in spectacular fashion, and when hes done we expect him to spend the next 20 minutes drinking martinis on an island.";"But ";" isnt another version of ";". Despite an opening sequence that would suggest otherwise, this is a comedy. Directed by Peter Segal, who did the under-appreciated ";" 13 years ago, the films mission is to spoof the genres conventions while still adhering to them. Dont let the humor fool you: Segal is working undercover as an action director as well.";"Also working undercover is JJ. After he toasted the aforementioned Russians, instead of taking them into headquarters alive, hes in big trouble. With his boss (Ken Jeong) giving him one last chance, he has to make this mission work, even if it means working in intelligence.";"Intelligence isnt JJs strong suit; muscles are his strong suit. And Bautista makes this bemuscled buffoon easy to root for from the start. When spying on a single mother, whose ex is a Russian terrorist, he notices that the nine-year-old daughter has found their hidden cameras. What do we do? his partner (Kristen Schaal) asks. He pauses. Then, looking up from the floor as if a light bulb popped in his head, replies, We kill her.";"The seriousness of Bautistas delivery is what makes JJ so funny. Fans of ";" will notice a similarity between JJ and Dax, another big and dumb character played by Bautista, and the deadpan routine works here as well. Even when the joke gets platitudinous, in the occasional exposition sequence, he carries the weight of each scene with movie star finesse.";"It helps that his partner in crime is played by Chloe Coleman. Another rising star with comedic timing, Coleman is as precocious as her character, Sophie. The nine year old daughter is a natural at espionage. After she and JJ become besties, he teaches her the CIA basics: How to disarm TNT, how to disarm Russians and how to walk away from explosions.";"Most of these scenarios have been done before in ";" and";". A hilariously awkward class presentation, which sees JJ hinting at his actual profession (I take out trash around the world), was done by Schwarzenegger in ";". The twos father-daughter relationship recalls ";". But its the actors chemistry, as well as Segals knowing tone, that helps this feel fresh. Besides, who wouldnt want to see Bautista destroy kids in dodgeball?";"The joke ";" get old. After an hour of these two hanging out I started to wonder if the bad guys would ever show up again. Thankfully, they do. In a climax that gives Segal a chance to flex his chops as an action filmmaker, the terrorists return. And to the surprise of JJ, Chloe and her mom, Kate (Pariza Fitz-Henley), they return with lots of guns. This serves as ammunition for some impressive shootouts.";"Starting in the apartment, which turns into a car chase, which results in a plane hanging over a cliff, Segal takes an assortment of otherwise mundane images (a car skirting around a corner, a plane on a runway) and turns them into a cohesive, thrilling finale. Its also touching. When Sophie puts her spy training to use, as JJ stands by her side, their friendship puts the feel good in feel good movie.";"There are a lot of reasons to feel good while watching ";". Because it comes out a time when former Oscar contenders and big budget blockbusters duel at the box office, theres a laid-backness here that seems novel. Theres also a romance thats kinda cute. Between JJ and Kate, Sophie has finally found a mom and dad. She sets the whole thing up like a villain with a master plan. By having JJ walk her home, or come over for dinner, the two, along with Sophie, bond.";"And its their bond that makes us care about these characters. In the finale, you might find yourself getting choked up when Kate is held at gunpoint. Can JJ and Sophie save the day? Lets just say the result leaves one shaken ";"stirred.";"A feel good movie should make you feel...well, good. And My Spy's arsenal of laughs, smiles and carefree action connects with a sniper's precision. ";"From the web";"While My Spy is not as kid-friendly as it appears, it is likely one of the funniest movies, featuring a juvenile, youve seen in a while.";"JJ, a war veteran, turned CIA agent, struggles with the spy part of his job. For the concept of waiting, watching, gathering intel, that bores him. Hed rather grab a gun, throw a fist or grenade, and then walk away as something explodes. Oh, while having an excellent line before he defeats his opponent. But, because the CIA doesnt operate like that, JJ is on thin ice and forced onto an assignment, with a tech person named Bobbi, in which he is forced to do what he hates the most: Surveillance. And because he hates it so much, he slips up, and a nine-year-old, Sophie, ends up walking in on his operation. Ultimately leading to her coercing JJ to become her friend and maybe someone for her mother, Kate, to spend time with.";"I dont think I can say enough how funny this was  especially if you are someone who LOVES sarcasm. For whether it is Sophie being a little smart a$$, this gay character name Carlos throwing shade, Bobbi being annoyed by how much time JJ spends with Sophie, and not training her, there is so much passive-aggressive comedy. Though, thats not all! Also, throughout the film, there are awkward comedic moments, like JJ dancing, as shown in the trailer, Britney Spears playing during an action scene, and just random WTF moments that, in the audience I was with, made both parents and kids laugh.";"Like many, a part of me felt Bautistas career, early on, was going to try to find a means of following the path Dwayne Johnson forged, and I honestly thought My Spy would be similar to Johnsons Tooth Fairy or The Game Plan in terms of big, beefy guy, who doesnt seem like hed be good with kids, being made a fool by one and/or his size being the foundation of every joke. That isnt really done here. Instead, while JJ is occasionally the butt of a joke, he gets to have real relationships.";"Bobbi, for example, who is enamored by him, they develop a cute partnership that may not necessarily be equal to what we see between him and Sophie, or even Kate, but it is notable enough, and certainly funny enough, for you to want to remind yourself where youve seen Kristen Schaal before. Since, with her one-liners, she really pushes herself to the point of, while she isnt one of the names on the poster, there are multiple attempts to squeeze her name on there if not steal the movie.";"Switching things to Kate and Sophie, with Kate, you get a bit of heart since she helps us see, through a more adult lens, what JJ has gone through before we met him. Also, while somewhere between a love interest and potential victim, her relationship with JJ reminds you that Kate isnt really either. She can fight, and while she does have an interest in JJ, her role isnt dedicated to his needs or making him into that attractive action hero.";"Leaving Sophie. As you can imagine, a father/daughter dynamic is pushed, and while Sophie might take a little getting used to, once you accept she is just a precocious 9 year old, you appreciate what she brings out of JJ. She isnt the daughter he never got to have but is perhaps one of the first people he has invested his time into for quite some time. And as they grow attached to one another, you begin to forget it is Bautista on screen because you become so engrossed in his relationship with little miss Coleman.";"If you are like me and enjoy it when the villain sees himself as the good guy, or there is some complication that makes it so they arent outright evil, then you wont like the main villain in the film. He is simple, just focused on making a bomb, and doesnt why this is his goal. Money isnt mentioned, revenge, or anything like that. The sole thing we get is that he is trying to compete/ outdo his brother. Someone who is barely in the movie, so that motivation is easy to forget.";"Admittedly, Sophie is the type of kid who, if you dont interact with children who arent sheltered, may seem a bit much. In fact, you may think how she gets over on JJ, and Bobbi, it dampens things since she makes them both look like idiots. Add in we see her personal life, which includes being bullied and feeling ostracized, you may either develop sympathy for the kid or have the attitude of, Well, if you werent such a brat";"This isnt to imply we didnt like Sophie, but I do feel it needs to be said some may not like her.";"You could say Carlos comes off problematic. If only due to the fact he is a flamboyant gay Black man who seems more so a caricature than an actual person. However, if you are not someone that needs characters to be politically correct, you will find Carlos and his partner Todd, hilarious.";"When it comes to My Spy, it has very few issues. For us, as an adult, the issue is the villain is very basic and forgettable. However, for parents, I do feel the marketing could dupe you into thinking this is by no means as vulgar and violent as it is. Also, some may think Sophie is a little too grown but, with interacting with this next generation, let me tell you, these kids are by no means like those we saw on Nick Jr. anymore.";"Leading to why we rated this worth seeing: Its funny, and Bautista really proves that he, unlike some other MCU alumni, can be the driving force of an original property. On top of that, while there may always be a desire to compare his career to Dwayne Johnson, I do feel, at this point, Bautista has proven himself to maybe not be on par box office wise, especially if you omit his roles in the MCU, but Id say, quality-wise, in terms of his role choices, Bautista is giving Johnson a run for his money.";"
";"
";"
";"
";"
";"
";"
";"
";"
";"
";"
";"
";"This site uses Akismet to reduce spam. ";"."
