"user_id","status_id","created_at","screen_name","text","source","display_text_width","reply_to_status_id","reply_to_user_id","reply_to_screen_name","is_quote","is_retweet","favorite_count","retweet_count","quote_count","reply_count","hashtags","symbols","urls_url","urls_t.co","urls_expanded_url","media_url","media_t.co","media_expanded_url","media_type","ext_media_url","ext_media_t.co","ext_media_expanded_url","ext_media_type","mentions_user_id","mentions_screen_name","lang","quoted_status_id","quoted_text","quoted_created_at","quoted_source","quoted_favorite_count","quoted_retweet_count","quoted_user_id","quoted_screen_name","quoted_name","quoted_followers_count","quoted_friends_count","quoted_statuses_count","quoted_location","quoted_description","quoted_verified","retweet_status_id","retweet_text","retweet_created_at","retweet_source","retweet_favorite_count","retweet_retweet_count","retweet_user_id","retweet_screen_name","retweet_name","retweet_followers_count","retweet_friends_count","retweet_statuses_count","retweet_location","retweet_description","retweet_verified","place_url","place_name","place_full_name","place_type","country","country_code","geo_coords","coords_coords","bbox_coords","status_url","name","location","description","url","protected","followers_count","friends_count","listed_count","statuses_count","favourites_count","account_created_at","verified","profile_url","profile_expanded_url","account_lang","profile_banner_url","profile_background_url","profile_image_url"
"x1024905761367851009","x1234569214410682369",2020-03-02 20:00:12,"Bloodshot","Check out the new international poster for #BLOODSHOT <U+0001F534> and get your tickets now! Experience it in theaters March 13! <U+0001F39F> <U+2192> https://t.co/nNnTE0uGfj https://t.co/M9s6lys8mX","Twitter Web App",145,,,,FALSE,FALSE,214,61,,,"BLOODSHOT",,"bit.ly/bloodshottix","https://t.co/nNnTE0uGfj","http://bit.ly/bloodshottix","http://pbs.twimg.com/media/ESIR5XSU4AArbgV.jpg","https://t.co/M9s6lys8mX","https://twitter.com/Bloodshot/status/1234569214410682369/photo/1","photo","http://pbs.twimg.com/media/ESIR5XSU4AArbgV.jpg","https://t.co/M9s6lys8mX","https://twitter.com/Bloodshot/status/1234569214410682369/photo/1",,,,"en",,,,,,,,,,,,,,,,,,,,,,,,,,,,,,,,,,,,,"NA NA","NA NA","NA NA NA NA NA NA NA NA","https://twitter.com/Bloodshot/status/1234569214410682369","Bloodshot","","#BLOODSHOT <U+0001F534>, starring @VinDiesel, in theaters March 13.","https://t.co/GMeiaZ2pfN",FALSE,3837,9,20,63,27,2018-08-02 06:32:30,TRUE,"https://t.co/GMeiaZ2pfN","http://www.bloodshot.movie",,"https://pbs.twimg.com/profile_banners/1024905761367851009/1581184235",,"http://pbs.twimg.com/profile_images/1219999341378596864/WgScN2QE_normal.jpg"
"x1024905761367851009","x1234555204814528514",2020-03-02 19:04:32,"Bloodshot","#Bloodshot

-Won't die
-Super bad-ass
-Vin Diesel

Exclusive info!
https://t.co/2dx15s6Y05","Twitter Web App",105,,,,FALSE,TRUE,0,47,,,"Bloodshot",,,,,"http://pbs.twimg.com/media/ER43cVUXUAA-gV2.jpg","https://t.co/2dx15s6Y05","https://twitter.com/ComicBookNOW/status/1233492546753617926/video/1","photo","http://pbs.twimg.com/media/ER43cVUXUAA-gV2.jpg","https://t.co/2dx15s6Y05","https://twitter.com/ComicBookNOW/status/1233492546753617926/video/1",,"x22490294","ComicBook","en",,,,,,,,,,,,,,,,"x1233493929837854721","#Bloodshot

-Won't die
-Super bad-ass
-Vin Diesel

Exclusive info!
https://t.co/2dx15s6Y05",2020-02-28 20:47:24,"TweetDeck",180,47,"x22490294","ComicBook","Comicbook.com",189197,1867,281767,"","The OFFICIAL Twitter account for http://t.co/RmAlqTQSAj. We're your #1 resource of news on comic books, movies, and TV shows.",TRUE,,,,,,,"NA NA","NA NA","NA NA NA NA NA NA NA NA","https://twitter.com/Bloodshot/status/1234555204814528514","Bloodshot","","#BLOODSHOT <U+0001F534>, starring @VinDiesel, in theaters March 13.","https://t.co/GMeiaZ2pfN",FALSE,3837,9,20,63,27,2018-08-02 06:32:30,TRUE,"https://t.co/GMeiaZ2pfN","http://www.bloodshot.movie",,"https://pbs.twimg.com/profile_banners/1024905761367851009/1581184235",,"http://pbs.twimg.com/profile_images/1219999341378596864/WgScN2QE_normal.jpg"
"x1024905761367851009","x1234555182345621504",2020-03-02 19:04:27,"Bloodshot","@ComicBook https://t.co/eusTA9QGij","Twitter Web App",0,"x1233493929837854721","x22490294","ComicBook",FALSE,FALSE,10,1,,,,,,,,"http://pbs.twimg.com/tweet_video_thumb/ESIFZH0UcAACMVH.jpg","https://t.co/eusTA9QGij","https://twitter.com/Bloodshot/status/1234555182345621504/photo/1","photo","http://pbs.twimg.com/tweet_video_thumb/ESIFZH0UcAACMVH.jpg","https://t.co/eusTA9QGij","https://twitter.com/Bloodshot/status/1234555182345621504/photo/1",,"x22490294","ComicBook","und",,,,,,,,,,,,,,,,,,,,,,,,,,,,,,,,,,,,,"NA NA","NA NA","NA NA NA NA NA NA NA NA","https://twitter.com/Bloodshot/status/1234555182345621504","Bloodshot","","#BLOODSHOT <U+0001F534>, starring @VinDiesel, in theaters March 13.","https://t.co/GMeiaZ2pfN",FALSE,3837,9,20,63,27,2018-08-02 06:32:30,TRUE,"https://t.co/GMeiaZ2pfN","http://www.bloodshot.movie",,"https://pbs.twimg.com/profile_banners/1024905761367851009/1581184235",,"http://pbs.twimg.com/profile_images/1219999341378596864/WgScN2QE_normal.jpg"
"x1024905761367851009","x1234267984111128577",2020-03-02 00:03:13,"Bloodshot","You can’t beat him. #Bloodshot <U+0001F534> in theaters March 13. Get tickets now <U+2192> https://t.co/nNnTE0uGfj! https://t.co/BqiT5W2dXj","Twitter Media Studio",97,,,,FALSE,FALSE,174,51,,,"Bloodshot",,"bit.ly/bloodshottix","https://t.co/nNnTE0uGfj","http://bit.ly/bloodshottix","http://pbs.twimg.com/media/ER94CgtVAAAIeOw.jpg","https://t.co/BqiT5W2dXj","https://twitter.com/Bloodshot/status/1234267984111128577/video/1","photo","http://pbs.twimg.com/media/ER94CgtVAAAIeOw.jpg","https://t.co/BqiT5W2dXj","https://twitter.com/Bloodshot/status/1234267984111128577/video/1",,,,"en",,,,,,,,,,,,,,,,,,,,,,,,,,,,,,,,,,,,,"NA NA","NA NA","NA NA NA NA NA NA NA NA","https://twitter.com/Bloodshot/status/1234267984111128577","Bloodshot","","#BLOODSHOT <U+0001F534>, starring @VinDiesel, in theaters March 13.","https://t.co/GMeiaZ2pfN",FALSE,3837,9,20,63,27,2018-08-02 06:32:30,TRUE,"https://t.co/GMeiaZ2pfN","http://www.bloodshot.movie",,"https://pbs.twimg.com/profile_banners/1024905761367851009/1581184235",,"http://pbs.twimg.com/profile_images/1219999341378596864/WgScN2QE_normal.jpg"
"x1024905761367851009","x1234206775785582593",2020-03-01 20:00:00,"Bloodshot","You can’t stop him. #Bloodshot <U+0001F534> in theaters March 13. Get tickets now <U+2192> https://t.co/nNnTE0uGfj! https://t.co/c1TNCu9jb4","Twitter Media Studio",97,,,,FALSE,FALSE,146,35,,,"Bloodshot",,"bit.ly/bloodshottix","https://t.co/nNnTE0uGfj","http://bit.ly/bloodshottix","http://pbs.twimg.com/media/ER93dNRUYAAneXp.jpg","https://t.co/c1TNCu9jb4","https://twitter.com/Bloodshot/status/1234206775785582593/video/1","photo","http://pbs.twimg.com/media/ER93dNRUYAAneXp.jpg","https://t.co/c1TNCu9jb4","https://twitter.com/Bloodshot/status/1234206775785582593/video/1",,,,"en",,,,,,,,,,,,,,,,,,,,,,,,,,,,,,,,,,,,,"NA NA","NA NA","NA NA NA NA NA NA NA NA","https://twitter.com/Bloodshot/status/1234206775785582593","Bloodshot","","#BLOODSHOT <U+0001F534>, starring @VinDiesel, in theaters March 13.","https://t.co/GMeiaZ2pfN",FALSE,3837,9,20,63,27,2018-08-02 06:32:30,TRUE,"https://t.co/GMeiaZ2pfN","http://www.bloodshot.movie",,"https://pbs.twimg.com/profile_banners/1024905761367851009/1581184235",,"http://pbs.twimg.com/profile_images/1219999341378596864/WgScN2QE_normal.jpg"
"x1024905761367851009","x1233844389237022720",2020-02-29 20:00:00,"Bloodshot","You can’t control him. #Bloodshot <U+0001F534> in theaters March 13. Get tickets now <U+2192> https://t.co/nNnTE0uGfj! https://t.co/fxOLlg2vMx","Twitter Media Studio",100,,,,FALSE,FALSE,214,61,,,"Bloodshot",,"bit.ly/bloodshottix","https://t.co/nNnTE0uGfj","http://bit.ly/bloodshottix","http://pbs.twimg.com/media/ER93FBqUYAERV5f.jpg","https://t.co/fxOLlg2vMx","https://twitter.com/Bloodshot/status/1233844389237022720/video/1","photo","http://pbs.twimg.com/media/ER93FBqUYAERV5f.jpg","https://t.co/fxOLlg2vMx","https://twitter.com/Bloodshot/status/1233844389237022720/video/1",,,,"en",,,,,,,,,,,,,,,,,,,,,,,,,,,,,,,,,,,,,"NA NA","NA NA","NA NA NA NA NA NA NA NA","https://twitter.com/Bloodshot/status/1233844389237022720","Bloodshot","","#BLOODSHOT <U+0001F534>, starring @VinDiesel, in theaters March 13.","https://t.co/GMeiaZ2pfN",FALSE,3837,9,20,63,27,2018-08-02 06:32:30,TRUE,"https://t.co/GMeiaZ2pfN","http://www.bloodshot.movie",,"https://pbs.twimg.com/profile_banners/1024905761367851009/1581184235",,"http://pbs.twimg.com/profile_images/1219999341378596864/WgScN2QE_normal.jpg"
"x1024905761367851009","x1233612464152932353",2020-02-29 04:38:25,"Bloodshot","If you’ve already bought your @Bloodshot tickets, send me some screenshots! #Bloodshot <U+0001F534>","Twitter for iPhone",107,,,,FALSE,TRUE,0,21,,,"Bloodshot",,,,,,,,,,,,,"x26705414 x1024905761367851009","LamorneMorris Bloodshot","en",,,,,,,,,,,,,,,,"x1233540163764195328","If you’ve already bought your @Bloodshot tickets, send me some screenshots! #Bloodshot <U+0001F534>",2020-02-28 23:51:07,"Twitter for iPhone",80,21,"x26705414","LamorneMorris","Lamorne Morris",360724,14926,17848,"Los Angeles, CA","A very serious and Dramatic actor from the 70s. I also play Winston on New Girl on FOX. Snap Chat: Lamorne Turn On My Post Notifications",TRUE,,,,,,,"NA NA","NA NA","NA NA NA NA NA NA NA NA","https://twitter.com/Bloodshot/status/1233612464152932353","Bloodshot","","#BLOODSHOT <U+0001F534>, starring @VinDiesel, in theaters March 13.","https://t.co/GMeiaZ2pfN",FALSE,3837,9,20,63,27,2018-08-02 06:32:30,TRUE,"https://t.co/GMeiaZ2pfN","http://www.bloodshot.movie",,"https://pbs.twimg.com/profile_banners/1024905761367851009/1581184235",,"http://pbs.twimg.com/profile_images/1219999341378596864/WgScN2QE_normal.jpg"
"x1024905761367851009","x1233487741238771719",2020-02-28 20:22:49,"Bloodshot","Congratulations to @realrocknrolla_ on this killer #Bloodshot<U+0001F534> art! #FanArtFriday https://t.co/dak8paaCjZ","Twitter Web App",81,"x1233487738877435904","x1024905761367851009","Bloodshot",FALSE,FALSE,135,30,,,"Bloodshot FanArtFriday",,,,,"http://pbs.twimg.com/media/ER45hYCU4AA1ZHT.jpg","https://t.co/dak8paaCjZ","https://twitter.com/Bloodshot/status/1233487741238771719/photo/1","photo","http://pbs.twimg.com/media/ER45hYCU4AA1ZHT.jpg","https://t.co/dak8paaCjZ","https://twitter.com/Bloodshot/status/1233487741238771719/photo/1",,"x119480724","realrocknrolla_","en",,,,,,,,,,,,,,,,,,,,,,,,,,,,,,,,,,,,,"NA NA","NA NA","NA NA NA NA NA NA NA NA","https://twitter.com/Bloodshot/status/1233487741238771719","Bloodshot","","#BLOODSHOT <U+0001F534>, starring @VinDiesel, in theaters March 13.","https://t.co/GMeiaZ2pfN",FALSE,3837,9,20,63,27,2018-08-02 06:32:30,TRUE,"https://t.co/GMeiaZ2pfN","http://www.bloodshot.movie",,"https://pbs.twimg.com/profile_banners/1024905761367851009/1581184235",,"http://pbs.twimg.com/profile_images/1219999341378596864/WgScN2QE_normal.jpg"
"x1024905761367851009","x1233487738877435904",2020-02-28 20:22:48,"Bloodshot","Congratulations to Sergio Di Lorio and @orlandoplush
on crushing it with your #Bloodshot<U+0001F534> art! #FanArtFriday https://t.co/TKnbPty6rZ","Twitter Web App",108,"x1233487736683798530","x1024905761367851009","Bloodshot",FALSE,FALSE,154,34,,,"Bloodshot FanArtFriday",,,,,"http://pbs.twimg.com/media/ER45ZtlUwAEcir8.jpg","https://t.co/TKnbPty6rZ","https://twitter.com/Bloodshot/status/1233487738877435904/photo/1","photo","http://pbs.twimg.com/media/ER45ZtlUwAEcir8.jpg http://pbs.twimg.com/media/ER45fDnUwAAwNd0.jpg","https://t.co/TKnbPty6rZ https://t.co/TKnbPty6rZ","https://twitter.com/Bloodshot/status/1233487738877435904/photo/1 https://twitter.com/Bloodshot/status/1233487738877435904/photo/1",,"x3193218976","OrlandoPlush","en",,,,,,,,,,,,,,,,,,,,,,,,,,,,,,,,,,,,,"NA NA","NA NA","NA NA NA NA NA NA NA NA","https://twitter.com/Bloodshot/status/1233487738877435904","Bloodshot","","#BLOODSHOT <U+0001F534>, starring @VinDiesel, in theaters March 13.","https://t.co/GMeiaZ2pfN",FALSE,3837,9,20,63,27,2018-08-02 06:32:30,TRUE,"https://t.co/GMeiaZ2pfN","http://www.bloodshot.movie",,"https://pbs.twimg.com/profile_banners/1024905761367851009/1581184235",,"http://pbs.twimg.com/profile_images/1219999341378596864/WgScN2QE_normal.jpg"
"x1024905761367851009","x1233487736683798530",2020-02-28 20:22:48,"Bloodshot","@talenthouse @OrlandoPlush @realrocknrolla_ Congratulations to Branko Ricov and Paolo Garcia on your amazing #Bloodshot<U+0001F534> art! #FanArtFriday https://t.co/0FNOzjUApn","Twitter Web App",95,"x1233486158836797440","x1024905761367851009","Bloodshot",FALSE,FALSE,104,24,,,"Bloodshot FanArtFriday",,,,,"http://pbs.twimg.com/media/ER46dfQVAAA5ayy.jpg","https://t.co/0FNOzjUApn","https://twitter.com/Bloodshot/status/1233487736683798530/photo/1","photo","http://pbs.twimg.com/media/ER46dfQVAAA5ayy.jpg http://pbs.twimg.com/media/ER45SofUYAARIRl.jpg","https://t.co/0FNOzjUApn https://t.co/0FNOzjUApn","https://twitter.com/Bloodshot/status/1233487736683798530/photo/1 https://twitter.com/Bloodshot/status/1233487736683798530/photo/1",,"x16194018 x3193218976 x119480724","talenthouse OrlandoPlush realrocknrolla_","en",,,,,,,,,,,,,,,,,,,,,,,,,,,,,,,,,,,,,"NA NA","NA NA","NA NA NA NA NA NA NA NA","https://twitter.com/Bloodshot/status/1233487736683798530","Bloodshot","","#BLOODSHOT <U+0001F534>, starring @VinDiesel, in theaters March 13.","https://t.co/GMeiaZ2pfN",FALSE,3837,9,20,63,27,2018-08-02 06:32:30,TRUE,"https://t.co/GMeiaZ2pfN","http://www.bloodshot.movie",,"https://pbs.twimg.com/profile_banners/1024905761367851009/1581184235",,"http://pbs.twimg.com/profile_images/1219999341378596864/WgScN2QE_normal.jpg"
"x1024905761367851009","x1233486158836797440",2020-02-28 20:16:31,"Bloodshot","We’re blown away by the winners of our #Bloodshot @Talenthouse contest! Congratulations! #FanArtFriday

Follow this thread to see them in detail! 

Artists: Branko Ricov, Paolo Garcia, Sergio Di Lorio, @orlandoplush, @realrocknrolla_ https://t.co/LStTMLZh6v","Twitter Media Studio",233,,,,FALSE,FALSE,295,63,,,"Bloodshot FanArtFriday",,,,,"http://pbs.twimg.com/media/ER43dxnUUAAKUqL.jpg","https://t.co/LStTMLZh6v","https://twitter.com/Bloodshot/status/1233486158836797440/video/1","photo","http://pbs.twimg.com/media/ER43dxnUUAAKUqL.jpg","https://t.co/LStTMLZh6v","https://twitter.com/Bloodshot/status/1233486158836797440/video/1",,"x16194018 x3193218976 x119480724","talenthouse OrlandoPlush realrocknrolla_","en",,,,,,,,,,,,,,,,,,,,,,,,,,,,,,,,,,,,,"NA NA","NA NA","NA NA NA NA NA NA NA NA","https://twitter.com/Bloodshot/status/1233486158836797440","Bloodshot","","#BLOODSHOT <U+0001F534>, starring @VinDiesel, in theaters March 13.","https://t.co/GMeiaZ2pfN",FALSE,3837,9,20,63,27,2018-08-02 06:32:30,TRUE,"https://t.co/GMeiaZ2pfN","http://www.bloodshot.movie",,"https://pbs.twimg.com/profile_banners/1024905761367851009/1581184235",,"http://pbs.twimg.com/profile_images/1219999341378596864/WgScN2QE_normal.jpg"
"x1024905761367851009","x1233436704712818688",2020-02-28 17:00:01,"Bloodshot","TW<U+0001F534> WEEKS. Get tickets now for #Bloodshot <U+0001F534>- in theaters March 13. <U+0001F39F> <U+2192> https://t.co/nNnTE0d5nL! https://t.co/UUjUGl9u8p","Twitter Media Studio",95,,,,FALSE,FALSE,173,50,,,"Bloodshot",,"bit.ly/bloodshottix","https://t.co/nNnTE0d5nL","http://bit.ly/bloodshottix","http://pbs.twimg.com/media/ER4IijxUUAcWXdy.jpg","https://t.co/UUjUGl9u8p","https://twitter.com/Bloodshot/status/1233436704712818688/video/1","photo","http://pbs.twimg.com/media/ER4IijxUUAcWXdy.jpg","https://t.co/UUjUGl9u8p","https://twitter.com/Bloodshot/status/1233436704712818688/video/1",,,,"en",,,,,,,,,,,,,,,,,,,,,,,,,,,,,,,,,,,,,"NA NA","NA NA","NA NA NA NA NA NA NA NA","https://twitter.com/Bloodshot/status/1233436704712818688","Bloodshot","","#BLOODSHOT <U+0001F534>, starring @VinDiesel, in theaters March 13.","https://t.co/GMeiaZ2pfN",FALSE,3837,9,20,63,27,2018-08-02 06:32:30,TRUE,"https://t.co/GMeiaZ2pfN","http://www.bloodshot.movie",,"https://pbs.twimg.com/profile_banners/1024905761367851009/1581184235",,"http://pbs.twimg.com/profile_images/1219999341378596864/WgScN2QE_normal.jpg"
"x1024905761367851009","x1232714317155328005",2020-02-26 17:09:30,"Bloodshot","Don’t miss your shot to see it first! Get tickets now for #Bloodshot <U+0001F534>, in theaters March 13! <U+0001F39F> <U+2192> https://t.co/nNnTE0uGfj! https://t.co/SAh6mADFjx","Twitter Media Studio",122,,,,FALSE,FALSE,227,65,,,"Bloodshot",,"bit.ly/bloodshottix","https://t.co/nNnTE0uGfj","http://bit.ly/bloodshottix","http://pbs.twimg.com/media/ERt65YSU8AAZb7Y.jpg","https://t.co/SAh6mADFjx","https://twitter.com/Bloodshot/status/1232714317155328005/video/1","photo","http://pbs.twimg.com/media/ERt65YSU8AAZb7Y.jpg","https://t.co/SAh6mADFjx","https://twitter.com/Bloodshot/status/1232714317155328005/video/1",,,,"en",,,,,,,,,,,,,,,,,,,,,,,,,,,,,,,,,,,,,"NA NA","NA NA","NA NA NA NA NA NA NA NA","https://twitter.com/Bloodshot/status/1232714317155328005","Bloodshot","","#BLOODSHOT <U+0001F534>, starring @VinDiesel, in theaters March 13.","https://t.co/GMeiaZ2pfN",FALSE,3837,9,20,63,27,2018-08-02 06:32:30,TRUE,"https://t.co/GMeiaZ2pfN","http://www.bloodshot.movie",,"https://pbs.twimg.com/profile_banners/1024905761367851009/1581184235",,"http://pbs.twimg.com/profile_images/1219999341378596864/WgScN2QE_normal.jpg"
"x1024905761367851009","x1232500532729696258",2020-02-26 03:00:00,"Bloodshot","Meet Bloodshot. He’s unlike anything you’ve seen before. Catch @VinDiesel in #Bloodshot <U+0001F534>, in theaters March 13! https://t.co/ZcNTcOtu43","Twitter Media Studio",112,,,,FALSE,FALSE,140,48,,,"Bloodshot",,,,,"http://pbs.twimg.com/media/ERp4yOeU0AAjNNm.jpg","https://t.co/ZcNTcOtu43","https://twitter.com/Bloodshot/status/1232500532729696258/video/1","photo","http://pbs.twimg.com/media/ERp4yOeU0AAjNNm.jpg","https://t.co/ZcNTcOtu43","https://twitter.com/Bloodshot/status/1232500532729696258/video/1",,"x3061977469","vindiesel","en",,,,,,,,,,,,,,,,,,,,,,,,,,,,,,,,,,,,,"NA NA","NA NA","NA NA NA NA NA NA NA NA","https://twitter.com/Bloodshot/status/1232500532729696258","Bloodshot","","#BLOODSHOT <U+0001F534>, starring @VinDiesel, in theaters March 13.","https://t.co/GMeiaZ2pfN",FALSE,3837,9,20,63,27,2018-08-02 06:32:30,TRUE,"https://t.co/GMeiaZ2pfN","http://www.bloodshot.movie",,"https://pbs.twimg.com/profile_banners/1024905761367851009/1581184235",,"http://pbs.twimg.com/profile_images/1219999341378596864/WgScN2QE_normal.jpg"
"x1024905761367851009","x1232485433726119936",2020-02-26 02:00:00,"Bloodshot","Meet Jimmy Dalton. Ex-Navy Seal. Catch @SamHeughan in #Bloodshot <U+0001F534>, in theaters March 13! https://t.co/uVIT3zYmwI","Twitter Media Studio",89,,,,FALSE,FALSE,1040,136,,,"Bloodshot",,,,,"http://pbs.twimg.com/media/ERp5xL2UwAAmunT.jpg","https://t.co/uVIT3zYmwI","https://twitter.com/Bloodshot/status/1232485433726119936/video/1","photo","http://pbs.twimg.com/media/ERp5xL2UwAAmunT.jpg","https://t.co/uVIT3zYmwI","https://twitter.com/Bloodshot/status/1232485433726119936/video/1",,"x336445332","SamHeughan","en",,,,,,,,,,,,,,,,,,,,,,,,,,,,,,,,,,,,,"NA NA","NA NA","NA NA NA NA NA NA NA NA","https://twitter.com/Bloodshot/status/1232485433726119936","Bloodshot","","#BLOODSHOT <U+0001F534>, starring @VinDiesel, in theaters March 13.","https://t.co/GMeiaZ2pfN",FALSE,3837,9,20,63,27,2018-08-02 06:32:30,TRUE,"https://t.co/GMeiaZ2pfN","http://www.bloodshot.movie",,"https://pbs.twimg.com/profile_banners/1024905761367851009/1581184235",,"http://pbs.twimg.com/profile_images/1219999341378596864/WgScN2QE_normal.jpg"
"x1024905761367851009","x1232470333027807233",2020-02-26 01:00:00,"Bloodshot","Meet K.T. Don’t underestimate her. Catch @eizamusica in #Bloodshot <U+0001F534>, in theaters March 13! https://t.co/yf8sMD5mj1","Twitter Media Studio",91,,,,FALSE,FALSE,202,67,,,"Bloodshot",,,,,"http://pbs.twimg.com/media/ERp53IaVAAAy0eE.jpg","https://t.co/yf8sMD5mj1","https://twitter.com/Bloodshot/status/1232470333027807233/video/1","photo","http://pbs.twimg.com/media/ERp53IaVAAAy0eE.jpg","https://t.co/yf8sMD5mj1","https://twitter.com/Bloodshot/status/1232470333027807233/video/1",,"x55072675","eizamusica","en",,,,,,,,,,,,,,,,,,,,,,,,,,,,,,,,,,,,,"NA NA","NA NA","NA NA NA NA NA NA NA NA","https://twitter.com/Bloodshot/status/1232470333027807233","Bloodshot","","#BLOODSHOT <U+0001F534>, starring @VinDiesel, in theaters March 13.","https://t.co/GMeiaZ2pfN",FALSE,3837,9,20,63,27,2018-08-02 06:32:30,TRUE,"https://t.co/GMeiaZ2pfN","http://www.bloodshot.movie",,"https://pbs.twimg.com/profile_banners/1024905761367851009/1581184235",,"http://pbs.twimg.com/profile_images/1219999341378596864/WgScN2QE_normal.jpg"
"x1024905761367851009","x1232452468698517505",2020-02-25 23:49:01,"Bloodshot","Meet Tibbs. He sees all. Catch Alex Hernandez in #Bloodshot <U+0001F534>, in theaters March 13! https://t.co/UY1IlTo2F8","Twitter Media Studio",84,,,,FALSE,FALSE,159,50,,,"Bloodshot",,,,,"http://pbs.twimg.com/media/ERp55QrVAAAz1RV.jpg","https://t.co/UY1IlTo2F8","https://twitter.com/Bloodshot/status/1232452468698517505/video/1","photo","http://pbs.twimg.com/media/ERp55QrVAAAz1RV.jpg","https://t.co/UY1IlTo2F8","https://twitter.com/Bloodshot/status/1232452468698517505/video/1",,,,"en",,,,,,,,,,,,,,,,,,,,,,,,,,,,,,,,,,,,,"NA NA","NA NA","NA NA NA NA NA NA NA NA","https://twitter.com/Bloodshot/status/1232452468698517505","Bloodshot","","#BLOODSHOT <U+0001F534>, starring @VinDiesel, in theaters March 13.","https://t.co/GMeiaZ2pfN",FALSE,3837,9,20,63,27,2018-08-02 06:32:30,TRUE,"https://t.co/GMeiaZ2pfN","http://www.bloodshot.movie",,"https://pbs.twimg.com/profile_banners/1024905761367851009/1581184235",,"http://pbs.twimg.com/profile_images/1219999341378596864/WgScN2QE_normal.jpg"
"x1024905761367851009","x1232432629284143104",2020-02-25 22:30:10,"Bloodshot","Meet Dr. Harting. The Mastermind. Catch @TheGuyPearce in #Bloodshot <U+0001F534>, in theaters March 13! https://t.co/GkTIhjm0kU","Twitter Media Studio",92,,,,FALSE,FALSE,129,47,,,"Bloodshot",,,,,"http://pbs.twimg.com/media/ERp5zkJVUAcWtvv.jpg","https://t.co/GkTIhjm0kU","https://twitter.com/Bloodshot/status/1232432629284143104/video/1","photo","http://pbs.twimg.com/media/ERp5zkJVUAcWtvv.jpg","https://t.co/GkTIhjm0kU","https://twitter.com/Bloodshot/status/1232432629284143104/video/1",,"x2840670079","TheGuyPearce","en",,,,,,,,,,,,,,,,,,,,,,,,,,,,,,,,,,,,,"NA NA","NA NA","NA NA NA NA NA NA NA NA","https://twitter.com/Bloodshot/status/1232432629284143104","Bloodshot","","#BLOODSHOT <U+0001F534>, starring @VinDiesel, in theaters March 13.","https://t.co/GMeiaZ2pfN",FALSE,3837,9,20,63,27,2018-08-02 06:32:30,TRUE,"https://t.co/GMeiaZ2pfN","http://www.bloodshot.movie",,"https://pbs.twimg.com/profile_banners/1024905761367851009/1581184235",,"http://pbs.twimg.com/profile_images/1219999341378596864/WgScN2QE_normal.jpg"
"x1024905761367851009","x1232417517605310464",2020-02-25 21:30:08,"Bloodshot","Meet Wilfred Wigans. Superpower: Coding. Catch @LamorneMorris in #Bloodshot <U+0001F534>, in theaters March 13! https://t.co/epPy2JdH2z","Twitter Media Studio",100,,,,FALSE,FALSE,145,47,,,"Bloodshot",,,,,"http://pbs.twimg.com/media/ERptFjlU8AAP0O4.jpg","https://t.co/epPy2JdH2z","https://twitter.com/Bloodshot/status/1232417517605310464/video/1","photo","http://pbs.twimg.com/media/ERptFjlU8AAP0O4.jpg","https://t.co/epPy2JdH2z","https://twitter.com/Bloodshot/status/1232417517605310464/video/1",,"x26705414","LamorneMorris","en",,,,,,,,,,,,,,,,,,,,,,,,,,,,,,,,,,,,,"NA NA","NA NA","NA NA NA NA NA NA NA NA","https://twitter.com/Bloodshot/status/1232417517605310464","Bloodshot","","#BLOODSHOT <U+0001F534>, starring @VinDiesel, in theaters March 13.","https://t.co/GMeiaZ2pfN",FALSE,3837,9,20,63,27,2018-08-02 06:32:30,TRUE,"https://t.co/GMeiaZ2pfN","http://www.bloodshot.movie",,"https://pbs.twimg.com/profile_banners/1024905761367851009/1581184235",,"http://pbs.twimg.com/profile_images/1219999341378596864/WgScN2QE_normal.jpg"
"x1024905761367851009","x1232037935127486464",2020-02-24 20:21:48,"Bloodshot","If you want the gains, you gotta work. #Bloodshot <U+0001F534> in theaters March 13. #MondayMotivation https://t.co/FRyWhOdyoZ","Twitter Media Studio",91,,,,FALSE,FALSE,1600,145,,,"Bloodshot MondayMotivation",,,,,"http://pbs.twimg.com/media/ERkTOWDU8AEyUmS.jpg","https://t.co/FRyWhOdyoZ","https://twitter.com/Bloodshot/status/1232037935127486464/video/1","photo","http://pbs.twimg.com/media/ERkTOWDU8AEyUmS.jpg","https://t.co/FRyWhOdyoZ","https://twitter.com/Bloodshot/status/1232037935127486464/video/1",,,,"en",,,,,,,,,,,,,,,,,,,,,,,,,,,,,,,,,,,,,"NA NA","NA NA","NA NA NA NA NA NA NA NA","https://twitter.com/Bloodshot/status/1232037935127486464","Bloodshot","","#BLOODSHOT <U+0001F534>, starring @VinDiesel, in theaters March 13.","https://t.co/GMeiaZ2pfN",FALSE,3837,9,20,63,27,2018-08-02 06:32:30,TRUE,"https://t.co/GMeiaZ2pfN","http://www.bloodshot.movie",,"https://pbs.twimg.com/profile_banners/1024905761367851009/1581184235",,"http://pbs.twimg.com/profile_images/1219999341378596864/WgScN2QE_normal.jpg"
"x1024905761367851009","x1231670060848050177",2020-02-23 20:00:00,"Bloodshot","A hero fights to come home. Vin Diesel is #Bloodshot :red_circle:, in theaters March 13. https://t.co/sCgQ0B2dgi","Twitter Media Studio",88,,,,FALSE,FALSE,473,88,,,"Bloodshot",,,,,"http://pbs.twimg.com/media/ERcPHskU8AMSNSP.jpg","https://t.co/sCgQ0B2dgi","https://twitter.com/Bloodshot/status/1231670060848050177/video/1","photo","http://pbs.twimg.com/media/ERcPHskU8AMSNSP.jpg","https://t.co/sCgQ0B2dgi","https://twitter.com/Bloodshot/status/1231670060848050177/video/1",,,,"en",,,,,,,,,,,,,,,,,,,,,,,,,,,,,,,,,,,,,"NA NA","NA NA","NA NA NA NA NA NA NA NA","https://twitter.com/Bloodshot/status/1231670060848050177","Bloodshot","","#BLOODSHOT <U+0001F534>, starring @VinDiesel, in theaters March 13.","https://t.co/GMeiaZ2pfN",FALSE,3837,9,20,63,27,2018-08-02 06:32:30,TRUE,"https://t.co/GMeiaZ2pfN","http://www.bloodshot.movie",,"https://pbs.twimg.com/profile_banners/1024905761367851009/1581184235",,"http://pbs.twimg.com/profile_images/1219999341378596864/WgScN2QE_normal.jpg"
"x1024905761367851009","x1231307676082032641",2020-02-22 20:00:01,"Bloodshot","Stronger. Faster. Enhanced. Vin Diesel is #Bloodshot <U+0001F534>, in theaters March 13. https://t.co/yTOi3bDONh","Twitter Media Studio",77,,,,FALSE,FALSE,409,77,,,"Bloodshot",,,,,"http://pbs.twimg.com/media/ERZ1wAHU8AAiS-0.jpg","https://t.co/yTOi3bDONh","https://twitter.com/Bloodshot/status/1231307676082032641/video/1","photo","http://pbs.twimg.com/media/ERZ1wAHU8AAiS-0.jpg","https://t.co/yTOi3bDONh","https://twitter.com/Bloodshot/status/1231307676082032641/video/1",,,,"en",,,,,,,,,,,,,,,,,,,,,,,,,,,,,,,,,,,,,"NA NA","NA NA","NA NA NA NA NA NA NA NA","https://twitter.com/Bloodshot/status/1231307676082032641","Bloodshot","","#BLOODSHOT <U+0001F534>, starring @VinDiesel, in theaters March 13.","https://t.co/GMeiaZ2pfN",FALSE,3837,9,20,63,27,2018-08-02 06:32:30,TRUE,"https://t.co/GMeiaZ2pfN","http://www.bloodshot.movie",,"https://pbs.twimg.com/profile_banners/1024905761367851009/1581184235",,"http://pbs.twimg.com/profile_images/1219999341378596864/WgScN2QE_normal.jpg"
"x1024905761367851009","x1231104493632114689",2020-02-22 06:32:38,"Bloodshot","@SamHeughan @SonyPictures https://t.co/kQTRjSdZph","Twitter for iPhone",0,"x1231028947778985985","x336445332","SamHeughan",FALSE,FALSE,183,20,,,,,,,,"http://pbs.twimg.com/tweet_video_thumb/ERXDAlPUcAELW7H.jpg","https://t.co/kQTRjSdZph","https://twitter.com/Bloodshot/status/1231104493632114689/photo/1","photo","http://pbs.twimg.com/tweet_video_thumb/ERXDAlPUcAELW7H.jpg","https://t.co/kQTRjSdZph","https://twitter.com/Bloodshot/status/1231104493632114689/photo/1",,"x336445332 x14497313","SamHeughan SonyPictures","und",,,,,,,,,,,,,,,,,,,,,,,,,,,,,,,,,,,,,"NA NA","NA NA","NA NA NA NA NA NA NA NA","https://twitter.com/Bloodshot/status/1231104493632114689","Bloodshot","","#BLOODSHOT <U+0001F534>, starring @VinDiesel, in theaters March 13.","https://t.co/GMeiaZ2pfN",FALSE,3837,9,20,63,27,2018-08-02 06:32:30,TRUE,"https://t.co/GMeiaZ2pfN","http://www.bloodshot.movie",,"https://pbs.twimg.com/profile_banners/1024905761367851009/1581184235",,"http://pbs.twimg.com/profile_images/1219999341378596864/WgScN2QE_normal.jpg"
"x1024905761367851009","x1231104426170994688",2020-02-22 06:32:22,"Bloodshot","You’ll love this part... @Bloodshot @SonyPictures <U+0001F996> https://t.co/XhGt9elarf","Twitter for iPhone",91,,,,FALSE,TRUE,0,699,,,,,,,,"http://pbs.twimg.com/ext_tw_video_thumb/1231028858192789504/pu/img/zucIXZdpVyRM1vnz.jpg","https://t.co/XhGt9elarf","https://twitter.com/SamHeughan/status/1231028947778985985/video/1","photo","http://pbs.twimg.com/ext_tw_video_thumb/1231028858192789504/pu/img/zucIXZdpVyRM1vnz.jpg","https://t.co/XhGt9elarf","https://twitter.com/SamHeughan/status/1231028947778985985/video/1",,"x336445332 x1024905761367851009 x14497313","SamHeughan Bloodshot SonyPictures","en",,,,,,,,,,,,,,,,"x1231028947778985985","You’ll love this part... @Bloodshot @SonyPictures <U+0001F996> https://t.co/XhGt9elarf",2020-02-22 01:32:27,"Twitter for iPhone",7871,699,"x336445332","SamHeughan","Sam Heughan",581072,1101,21425,"MPC2020","Scot-ish Actor. Passionate about Scotland, Whisky and Fitness. (All three go well together<U+0001F92A>) @sassenachspirit @mypeakchallenge",TRUE,,,,,,,"NA NA","NA NA","NA NA NA NA NA NA NA NA","https://twitter.com/Bloodshot/status/1231104426170994688","Bloodshot","","#BLOODSHOT <U+0001F534>, starring @VinDiesel, in theaters March 13.","https://t.co/GMeiaZ2pfN",FALSE,3837,9,20,63,27,2018-08-02 06:32:30,TRUE,"https://t.co/GMeiaZ2pfN","http://www.bloodshot.movie",,"https://pbs.twimg.com/profile_banners/1024905761367851009/1581184235",,"http://pbs.twimg.com/profile_images/1219999341378596864/WgScN2QE_normal.jpg"
"x1024905761367851009","x1231006719179771904",2020-02-22 00:04:07,"Bloodshot","Another amazing #Bloodshot <U+0001F534> inspired art piece for #FanArtFriday!

Artist: Mark Louie Superales https://t.co/l81xnm2Wo9","Twitter Web App",96,"x1231006717183348736","x1024905761367851009","Bloodshot",FALSE,FALSE,111,24,,,"Bloodshot FanArtFriday",,,,,"http://pbs.twimg.com/media/ERVp1t8UcAEYmia.jpg","https://t.co/l81xnm2Wo9","https://twitter.com/Bloodshot/status/1231006719179771904/photo/1","photo","http://pbs.twimg.com/media/ERVp1t8UcAEYmia.jpg","https://t.co/l81xnm2Wo9","https://twitter.com/Bloodshot/status/1231006719179771904/photo/1",,,,"en",,,,,,,,,,,,,,,,,,,,,,,,,,,,,,,,,,,,,"NA NA","NA NA","NA NA NA NA NA NA NA NA","https://twitter.com/Bloodshot/status/1231006719179771904","Bloodshot","","#BLOODSHOT <U+0001F534>, starring @VinDiesel, in theaters March 13.","https://t.co/GMeiaZ2pfN",FALSE,3837,9,20,63,27,2018-08-02 06:32:30,TRUE,"https://t.co/GMeiaZ2pfN","http://www.bloodshot.movie",,"https://pbs.twimg.com/profile_banners/1024905761367851009/1581184235",,"http://pbs.twimg.com/profile_images/1219999341378596864/WgScN2QE_normal.jpg"
"x1024905761367851009","x1231006717183348736",2020-02-22 00:04:07,"Bloodshot","More incredible #Bloodshot <U+0001F534> artwork for #FanArtFriday!

Artists: @kyouzins, @theSandeep94 https://t.co/KEP9HdBr6k","Twitter Web App",90,"x1231006714712903681","x1024905761367851009","Bloodshot",FALSE,FALSE,101,28,,,"Bloodshot FanArtFriday",,,,,"http://pbs.twimg.com/media/ERVo6WeU8AAUDZn.jpg","https://t.co/KEP9HdBr6k","https://twitter.com/Bloodshot/status/1231006717183348736/photo/1","photo","http://pbs.twimg.com/media/ERVo6WeU8AAUDZn.jpg http://pbs.twimg.com/media/ERVo6XHVUAAM4Fe.jpg","https://t.co/KEP9HdBr6k https://t.co/KEP9HdBr6k","https://twitter.com/Bloodshot/status/1231006717183348736/photo/1 https://twitter.com/Bloodshot/status/1231006717183348736/photo/1",,"x68882213 x2240867431","kyouzins theSandeep94","en",,,,,,,,,,,,,,,,,,,,,,,,,,,,,,,,,,,,,"NA NA","NA NA","NA NA NA NA NA NA NA NA","https://twitter.com/Bloodshot/status/1231006717183348736","Bloodshot","","#BLOODSHOT <U+0001F534>, starring @VinDiesel, in theaters March 13.","https://t.co/GMeiaZ2pfN",FALSE,3837,9,20,63,27,2018-08-02 06:32:30,TRUE,"https://t.co/GMeiaZ2pfN","http://www.bloodshot.movie",,"https://pbs.twimg.com/profile_banners/1024905761367851009/1581184235",,"http://pbs.twimg.com/profile_images/1219999341378596864/WgScN2QE_normal.jpg"
"x1024905761367851009","x1231006714712903681",2020-02-22 00:04:06,"Bloodshot","Upgrading our fan art to the next level for #FanArtFriday. #Bloodshot <U+0001F534> in theaters March 13.

Follow this thread for more!

Artists: Luis Damián Yelo, Reza Maulana https://t.co/upkviLD3oU","Twitter Web App",164,,,,FALSE,FALSE,225,46,,,"FanArtFriday Bloodshot",,,,,"http://pbs.twimg.com/media/ERVotlFUcAEthqG.jpg","https://t.co/upkviLD3oU","https://twitter.com/Bloodshot/status/1231006714712903681/photo/1","photo","http://pbs.twimg.com/media/ERVotlFUcAEthqG.jpg http://pbs.twimg.com/media/ERVotluU0AAmY2k.jpg","https://t.co/upkviLD3oU https://t.co/upkviLD3oU","https://twitter.com/Bloodshot/status/1231006714712903681/photo/1 https://twitter.com/Bloodshot/status/1231006714712903681/photo/1",,,,"en",,,,,,,,,,,,,,,,,,,,,,,,,,,,,,,,,,,,,"NA NA","NA NA","NA NA NA NA NA NA NA NA","https://twitter.com/Bloodshot/status/1231006714712903681","Bloodshot","","#BLOODSHOT <U+0001F534>, starring @VinDiesel, in theaters March 13.","https://t.co/GMeiaZ2pfN",FALSE,3837,9,20,63,27,2018-08-02 06:32:30,TRUE,"https://t.co/GMeiaZ2pfN","http://www.bloodshot.movie",,"https://pbs.twimg.com/profile_banners/1024905761367851009/1581184235",,"http://pbs.twimg.com/profile_images/1219999341378596864/WgScN2QE_normal.jpg"
"x1024905761367851009","x1230662832540119042",2020-02-21 01:17:38,"Bloodshot","Say hello to Jimmy Dalton. Catch @SamHeughan in #Bloodshot <U+0001F534>, in theaters March 13! #TBThursday https://t.co/2YuwS9ldq6","Twitter Web App",95,,,,FALSE,FALSE,4686,431,,,"Bloodshot TBThursday",,,,,"http://pbs.twimg.com/media/ERQxODHU0AAw-qT.jpg","https://t.co/2YuwS9ldq6","https://twitter.com/Bloodshot/status/1230662832540119042/photo/1","photo","http://pbs.twimg.com/media/ERQxODHU0AAw-qT.jpg","https://t.co/2YuwS9ldq6","https://twitter.com/Bloodshot/status/1230662832540119042/photo/1",,"x336445332","SamHeughan","en",,,,,,,,,,,,,,,,,,,,,,,,,,,,,,,,,,,,,"NA NA","NA NA","NA NA NA NA NA NA NA NA","https://twitter.com/Bloodshot/status/1230662832540119042","Bloodshot","","#BLOODSHOT <U+0001F534>, starring @VinDiesel, in theaters March 13.","https://t.co/GMeiaZ2pfN",FALSE,3837,9,20,63,27,2018-08-02 06:32:30,TRUE,"https://t.co/GMeiaZ2pfN","http://www.bloodshot.movie",,"https://pbs.twimg.com/profile_banners/1024905761367851009/1581184235",,"http://pbs.twimg.com/profile_images/1219999341378596864/WgScN2QE_normal.jpg"
"x1024905761367851009","x1230200219045744641",2020-02-19 18:39:22,"Bloodshot","@AMCTheatres @IMAX https://t.co/ZDJhPK7YLC","Twitter Web App",0,"x1230163234952400896","x40245758","AMCTheatres",FALSE,FALSE,16,3,,,,,,,,"http://pbs.twimg.com/tweet_video_thumb/ERKMk6WUYAA4R4g.jpg","https://t.co/ZDJhPK7YLC","https://twitter.com/Bloodshot/status/1230200219045744641/photo/1","photo","http://pbs.twimg.com/tweet_video_thumb/ERKMk6WUYAA4R4g.jpg","https://t.co/ZDJhPK7YLC","https://twitter.com/Bloodshot/status/1230200219045744641/photo/1",,"x40245758 x22821175","AMCTheatres IMAX","und",,,,,,,,,,,,,,,,,,,,,,,,,,,,,,,,,,,,,"NA NA","NA NA","NA NA NA NA NA NA NA NA","https://twitter.com/Bloodshot/status/1230200219045744641","Bloodshot","","#BLOODSHOT <U+0001F534>, starring @VinDiesel, in theaters March 13.","https://t.co/GMeiaZ2pfN",FALSE,3837,9,20,63,27,2018-08-02 06:32:30,TRUE,"https://t.co/GMeiaZ2pfN","http://www.bloodshot.movie",,"https://pbs.twimg.com/profile_banners/1024905761367851009/1581184235",,"http://pbs.twimg.com/profile_images/1219999341378596864/WgScN2QE_normal.jpg"
"x1024905761367851009","x1230199552830926848",2020-02-19 18:36:44,"Bloodshot","@Cinemark https://t.co/6jcB4gND9g","Twitter Web App",0,"x1230160115979845632","x374688790","Cinemark",FALSE,FALSE,3,0,,,,,,,,"http://pbs.twimg.com/tweet_video_thumb/ERKL936UYAElWml.jpg","https://t.co/6jcB4gND9g","https://twitter.com/Bloodshot/status/1230199552830926848/photo/1","photo","http://pbs.twimg.com/tweet_video_thumb/ERKL936UYAElWml.jpg","https://t.co/6jcB4gND9g","https://twitter.com/Bloodshot/status/1230199552830926848/photo/1",,"x374688790","Cinemark","und",,,,,,,,,,,,,,,,,,,,,,,,,,,,,,,,,,,,,"NA NA","NA NA","NA NA NA NA NA NA NA NA","https://twitter.com/Bloodshot/status/1230199552830926848","Bloodshot","","#BLOODSHOT <U+0001F534>, starring @VinDiesel, in theaters March 13.","https://t.co/GMeiaZ2pfN",FALSE,3837,9,20,63,27,2018-08-02 06:32:30,TRUE,"https://t.co/GMeiaZ2pfN","http://www.bloodshot.movie",,"https://pbs.twimg.com/profile_banners/1024905761367851009/1581184235",,"http://pbs.twimg.com/profile_images/1219999341378596864/WgScN2QE_normal.jpg"
"x1024905761367851009","x1230166060369768448",2020-02-19 16:23:38,"Bloodshot","@IMAX https://t.co/lV7RepI7Xz","Twitter for iPhone",0,"x1230164132722167813","x22821175","IMAX",FALSE,FALSE,8,3,,,,,,,,"http://pbs.twimg.com/tweet_video_thumb/ERJtglHUcAMYNlV.jpg","https://t.co/lV7RepI7Xz","https://twitter.com/Bloodshot/status/1230166060369768448/photo/1","photo","http://pbs.twimg.com/tweet_video_thumb/ERJtglHUcAMYNlV.jpg","https://t.co/lV7RepI7Xz","https://twitter.com/Bloodshot/status/1230166060369768448/photo/1",,"x22821175","IMAX","und",,,,,,,,,,,,,,,,,,,,,,,,,,,,,,,,,,,,,"NA NA","NA NA","NA NA NA NA NA NA NA NA","https://twitter.com/Bloodshot/status/1230166060369768448","Bloodshot","","#BLOODSHOT <U+0001F534>, starring @VinDiesel, in theaters March 13.","https://t.co/GMeiaZ2pfN",FALSE,3837,9,20,63,27,2018-08-02 06:32:30,TRUE,"https://t.co/GMeiaZ2pfN","http://www.bloodshot.movie",,"https://pbs.twimg.com/profile_banners/1024905761367851009/1581184235",,"http://pbs.twimg.com/profile_images/1219999341378596864/WgScN2QE_normal.jpg"
"x1024905761367851009","x1230165658509307905",2020-02-19 16:22:03,"Bloodshot","Your movie experience just got upgraded. Check out the @IMAX exclusive artwork for #Bloodshot <U+0001F534> - in #IMAX theaters March 13. Tickets for available in one week! https://t.co/mbny0Cg7Hk","Twitter Web App",160,,,,FALSE,FALSE,228,75,,,"Bloodshot IMAX",,,,,"http://pbs.twimg.com/media/ERJtJPpU0AAX_75.jpg","https://t.co/mbny0Cg7Hk","https://twitter.com/Bloodshot/status/1230165658509307905/photo/1","photo","http://pbs.twimg.com/media/ERJtJPpU0AAX_75.jpg","https://t.co/mbny0Cg7Hk","https://twitter.com/Bloodshot/status/1230165658509307905/photo/1",,"x22821175","IMAX","en",,,,,,,,,,,,,,,,,,,,,,,,,,,,,,,,,,,,,"NA NA","NA NA","NA NA NA NA NA NA NA NA","https://twitter.com/Bloodshot/status/1230165658509307905","Bloodshot","","#BLOODSHOT <U+0001F534>, starring @VinDiesel, in theaters March 13.","https://t.co/GMeiaZ2pfN",FALSE,3837,9,20,63,27,2018-08-02 06:32:30,TRUE,"https://t.co/GMeiaZ2pfN","http://www.bloodshot.movie",,"https://pbs.twimg.com/profile_banners/1024905761367851009/1581184235",,"http://pbs.twimg.com/profile_images/1219999341378596864/WgScN2QE_normal.jpg"
"x1024905761367851009","x1229133348066537472",2020-02-16 20:00:01,"Bloodshot","Welcome to the future. On March 13, superheroes get an upgrade. #Bloodshot <U+0001F534> https://t.co/rG0QwaPaas","Twitter Media Studio",76,,,,FALSE,FALSE,413,125,,,"Bloodshot",,,,,"http://pbs.twimg.com/media/EQ6uE_sUwAElbwW.jpg","https://t.co/rG0QwaPaas","https://twitter.com/Bloodshot/status/1229133348066537472/video/1","photo","http://pbs.twimg.com/media/EQ6uE_sUwAElbwW.jpg","https://t.co/rG0QwaPaas","https://twitter.com/Bloodshot/status/1229133348066537472/video/1",,,,"en",,,,,,,,,,,,,,,,,,,,,,,,,,,,,,,,,,,,,"NA NA","NA NA","NA NA NA NA NA NA NA NA","https://twitter.com/Bloodshot/status/1229133348066537472","Bloodshot","","#BLOODSHOT <U+0001F534>, starring @VinDiesel, in theaters March 13.","https://t.co/GMeiaZ2pfN",FALSE,3837,9,20,63,27,2018-08-02 06:32:30,TRUE,"https://t.co/GMeiaZ2pfN","http://www.bloodshot.movie",,"https://pbs.twimg.com/profile_banners/1024905761367851009/1581184235",,"http://pbs.twimg.com/profile_images/1219999341378596864/WgScN2QE_normal.jpg"
"x1024905761367851009","x1228413977392111619",2020-02-14 20:21:29,"Bloodshot","Self-care &gt; Relationships. Make yourself a priority this #ValentinesDay. #Bloodshot <U+0001F534> 3.13.20. https://t.co/6qDVJjbXBZ","Twitter Media Studio",97,,,,FALSE,FALSE,321,69,,,"ValentinesDay Bloodshot",,,,,"http://pbs.twimg.com/media/EQwz-CdUYAI99zk.jpg","https://t.co/6qDVJjbXBZ","https://twitter.com/Bloodshot/status/1228413977392111619/video/1","photo","http://pbs.twimg.com/media/EQwz-CdUYAI99zk.jpg","https://t.co/6qDVJjbXBZ","https://twitter.com/Bloodshot/status/1228413977392111619/video/1",,,,"en",,,,,,,,,,,,,,,,,,,,,,,,,,,,,,,,,,,,,"NA NA","NA NA","NA NA NA NA NA NA NA NA","https://twitter.com/Bloodshot/status/1228413977392111619","Bloodshot","","#BLOODSHOT <U+0001F534>, starring @VinDiesel, in theaters March 13.","https://t.co/GMeiaZ2pfN",FALSE,3837,9,20,63,27,2018-08-02 06:32:30,TRUE,"https://t.co/GMeiaZ2pfN","http://www.bloodshot.movie",,"https://pbs.twimg.com/profile_banners/1024905761367851009/1581184235",,"http://pbs.twimg.com/profile_images/1219999341378596864/WgScN2QE_normal.jpg"
"x1024905761367851009","x1228044873602748416",2020-02-13 19:54:48,"Bloodshot","ONE MONTH. #Bloodshot <U+0001F534> hits theaters March 13. https://t.co/kqC8QXdbWN","Twitter Media Studio",47,,,,FALSE,FALSE,317,96,,,"Bloodshot",,,,,"http://pbs.twimg.com/media/EQrkAjtUYAA3lTM.jpg","https://t.co/kqC8QXdbWN","https://twitter.com/Bloodshot/status/1228044873602748416/video/1","photo","http://pbs.twimg.com/media/EQrkAjtUYAA3lTM.jpg","https://t.co/kqC8QXdbWN","https://twitter.com/Bloodshot/status/1228044873602748416/video/1",,,,"en",,,,,,,,,,,,,,,,,,,,,,,,,,,,,,,,,,,,,"NA NA","NA NA","NA NA NA NA NA NA NA NA","https://twitter.com/Bloodshot/status/1228044873602748416","Bloodshot","","#BLOODSHOT <U+0001F534>, starring @VinDiesel, in theaters March 13.","https://t.co/GMeiaZ2pfN",FALSE,3837,9,20,63,27,2018-08-02 06:32:30,TRUE,"https://t.co/GMeiaZ2pfN","http://www.bloodshot.movie",,"https://pbs.twimg.com/profile_banners/1024905761367851009/1581184235",,"http://pbs.twimg.com/profile_images/1219999341378596864/WgScN2QE_normal.jpg"
"x1024905761367851009","x1227499168698028032",2020-02-12 07:46:22,"Bloodshot","#BloodshotMovie posters up all over the @SonyPictures lot! @DavidSFWilson + Dan Cohan https://t.co/oievg9gKrc","Twitter for iPhone",123,,,,FALSE,TRUE,0,56,,,"BloodshotMovie",,,,,"http://pbs.twimg.com/media/EQi0so1UEAANdZ-.jpg","https://t.co/oievg9gKrc","https://twitter.com/dinesh_s/status/1227429583554666496/photo/1","photo","http://pbs.twimg.com/media/EQi0so1UEAANdZ-.jpg","https://t.co/oievg9gKrc","https://twitter.com/dinesh_s/status/1227429583554666496/photo/1",,"x28224344 x14497313 x2763398893","dinesh_s SonyPictures DavidSFWilson","en",,,,,,,,,,,,,,,,"x1227429583554666496","#BloodshotMovie posters up all over the @SonyPictures lot! @DavidSFWilson + Dan Cohan https://t.co/oievg9gKrc",2020-02-12 03:09:51,"Twitter for iPhone",786,56,"x28224344","dinesh_s","Dinesh Shamdasani",7675,1036,16582,"Los Angeles","Co-CEO & Chief Creative Officer at Bad Idea; Partner at Hivemind; producing the Bloodshot film for Sony; Valiant Comics fan.",FALSE,,,,,,,"NA NA","NA NA","NA NA NA NA NA NA NA NA","https://twitter.com/Bloodshot/status/1227499168698028032","Bloodshot","","#BLOODSHOT <U+0001F534>, starring @VinDiesel, in theaters March 13.","https://t.co/GMeiaZ2pfN",FALSE,3837,9,20,63,27,2018-08-02 06:32:30,TRUE,"https://t.co/GMeiaZ2pfN","http://www.bloodshot.movie",,"https://pbs.twimg.com/profile_banners/1024905761367851009/1581184235",,"http://pbs.twimg.com/profile_images/1219999341378596864/WgScN2QE_normal.jpg"
"x1024905761367851009","x1225966332081917953",2020-02-08 02:15:25,"Bloodshot","Great #Bloodshot artwork from Inno Chrisanthos!

Submit yours here <U+2192> https://t.co/nGHdQFAx2X https://t.co/4KNazYtblf","Twitter Web App",92,"x1225966330458755072","x1024905761367851009","Bloodshot",FALSE,FALSE,113,20,,,"Bloodshot",,"bit.ly/bloodshotart","https://t.co/nGHdQFAx2X","http://bit.ly/bloodshotart","http://pbs.twimg.com/media/EQOBstOU4AEN_0Y.jpg","https://t.co/4KNazYtblf","https://twitter.com/Bloodshot/status/1225966332081917953/photo/1","photo","http://pbs.twimg.com/media/EQOBstOU4AEN_0Y.jpg","https://t.co/4KNazYtblf","https://twitter.com/Bloodshot/status/1225966332081917953/photo/1",,,,"en",,,,,,,,,,,,,,,,,,,,,,,,,,,,,,,,,,,,,"NA NA","NA NA","NA NA NA NA NA NA NA NA","https://twitter.com/Bloodshot/status/1225966332081917953","Bloodshot","","#BLOODSHOT <U+0001F534>, starring @VinDiesel, in theaters March 13.","https://t.co/GMeiaZ2pfN",FALSE,3837,9,20,63,27,2018-08-02 06:32:30,TRUE,"https://t.co/GMeiaZ2pfN","http://www.bloodshot.movie",,"https://pbs.twimg.com/profile_banners/1024905761367851009/1581184235",,"http://pbs.twimg.com/profile_images/1219999341378596864/WgScN2QE_normal.jpg"
"x1024905761367851009","x1225966330458755072",2020-02-08 02:15:25,"Bloodshot","Amazing #Bloodshot-inspired art from @Talenthouse artists! Submit your work here <U+2192> https://t.co/nGHdQFAx2X

Artists: Ebin Varghese, Sergio Di Iorio https://t.co/yIwYBXoiaa","Twitter Web App",147,"x1225966328047030273","x1024905761367851009","Bloodshot",FALSE,FALSE,124,27,,,"Bloodshot",,"bit.ly/bloodshotart","https://t.co/nGHdQFAx2X","http://bit.ly/bloodshotart","http://pbs.twimg.com/media/EQOBRiVU4AA_KDd.jpg","https://t.co/yIwYBXoiaa","https://twitter.com/Bloodshot/status/1225966330458755072/photo/1","photo","http://pbs.twimg.com/media/EQOBRiVU4AA_KDd.jpg http://pbs.twimg.com/media/EQOBRivVAAAo5IU.jpg","https://t.co/yIwYBXoiaa https://t.co/yIwYBXoiaa","https://twitter.com/Bloodshot/status/1225966330458755072/photo/1 https://twitter.com/Bloodshot/status/1225966330458755072/photo/1",,"x16194018","talenthouse","en",,,,,,,,,,,,,,,,,,,,,,,,,,,,,,,,,,,,,"NA NA","NA NA","NA NA NA NA NA NA NA NA","https://twitter.com/Bloodshot/status/1225966330458755072","Bloodshot","","#BLOODSHOT <U+0001F534>, starring @VinDiesel, in theaters March 13.","https://t.co/GMeiaZ2pfN",FALSE,3837,9,20,63,27,2018-08-02 06:32:30,TRUE,"https://t.co/GMeiaZ2pfN","http://www.bloodshot.movie",,"https://pbs.twimg.com/profile_banners/1024905761367851009/1581184235",,"http://pbs.twimg.com/profile_images/1219999341378596864/WgScN2QE_normal.jpg"
"x1024905761367851009","x1225966328047030273",2020-02-08 02:15:24,"Bloodshot","Only a few days left to take your shot at the #Bloodshot <U+0001F534> fan art contest. Check out these awesome submissions and submit yours on @Talenthouse now! <U+2192> https://t.co/nGHdQFAx2X

Artists: @gstone78, Mark Eraldo https://t.co/P8zhalZz9f","Twitter Web App",208,,,,FALSE,FALSE,191,54,,,"Bloodshot",,"bit.ly/bloodshotart","https://t.co/nGHdQFAx2X","http://bit.ly/bloodshotart","http://pbs.twimg.com/media/EQOAp4_VAAAsjDl.jpg","https://t.co/P8zhalZz9f","https://twitter.com/Bloodshot/status/1225966328047030273/photo/1","photo","http://pbs.twimg.com/media/EQOAp4_VAAAsjDl.jpg http://pbs.twimg.com/media/EQOAp5DUcAEIY_s.jpg","https://t.co/P8zhalZz9f https://t.co/P8zhalZz9f","https://twitter.com/Bloodshot/status/1225966328047030273/photo/1 https://twitter.com/Bloodshot/status/1225966328047030273/photo/1",,"x16194018 x2669353178","talenthouse gstone78","en",,,,,,,,,,,,,,,,,,,,,,,,,,,,,,,,,,,,,"NA NA","NA NA","NA NA NA NA NA NA NA NA","https://twitter.com/Bloodshot/status/1225966328047030273","Bloodshot","","#BLOODSHOT <U+0001F534>, starring @VinDiesel, in theaters March 13.","https://t.co/GMeiaZ2pfN",FALSE,3837,9,20,63,27,2018-08-02 06:32:30,TRUE,"https://t.co/GMeiaZ2pfN","http://www.bloodshot.movie",,"https://pbs.twimg.com/profile_banners/1024905761367851009/1581184235",,"http://pbs.twimg.com/profile_images/1219999341378596864/WgScN2QE_normal.jpg"
"x1024905761367851009","x1225548360372903938",2020-02-06 22:34:33,"Bloodshot","Keeping the selfie game strong with @VinDiesel and @LamorneMorris. #TBT #Bloodshot // <U+0001F4F8>: @LamorneMorris https://t.co/2ZzjpHTAP7","Twitter for iPhone",103,,,,FALSE,FALSE,262,41,,,"TBT Bloodshot",,,,,"http://pbs.twimg.com/media/EQIFvKPUYAAOcPv.jpg","https://t.co/2ZzjpHTAP7","https://twitter.com/Bloodshot/status/1225548360372903938/photo/1","photo","http://pbs.twimg.com/media/EQIFvKPUYAAOcPv.jpg","https://t.co/2ZzjpHTAP7","https://twitter.com/Bloodshot/status/1225548360372903938/photo/1",,"x3061977469 x26705414 x26705414","vindiesel LamorneMorris LamorneMorris","en",,,,,,,,,,,,,,,,,,,,,,,,,,,,,,,,,,,,,"NA NA","NA NA","NA NA NA NA NA NA NA NA","https://twitter.com/Bloodshot/status/1225548360372903938","Bloodshot","","#BLOODSHOT <U+0001F534>, starring @VinDiesel, in theaters March 13.","https://t.co/GMeiaZ2pfN",FALSE,3837,9,20,63,27,2018-08-02 06:32:30,TRUE,"https://t.co/GMeiaZ2pfN","http://www.bloodshot.movie",,"https://pbs.twimg.com/profile_banners/1024905761367851009/1581184235",,"http://pbs.twimg.com/profile_images/1219999341378596864/WgScN2QE_normal.jpg"
"x1024905761367851009","x1225547874043400193",2020-02-06 22:32:37,"Bloodshot","Have you gotten your free #BLOODSHOT<U+0001F534> movie edition comic yet???

Scan the code below or click this link (https://t.co/OaK7w9g7pE) for a FREE DOWNLOAD of a special edition #1 Bloodshot comic book from Valiant, @Bloodshot, and @SonyPictures! https://t.co/2Ax4MHhVpm","Twitter for iPhone",140,,,,FALSE,TRUE,0,70,,,"BLOODSHOT",,,,,,,,,,,,,"x18951206","ValiantComics","en",,,,,,,,,,,,,,,,"x1225478053326917633","Have you gotten your free #BLOODSHOT<U+0001F534> movie edition comic yet???

Scan the code below or click this link (https://t.co/OaK7w9g7pE) for a FREE DOWNLOAD of a special edition #1 Bloodshot comic book from Valiant, @Bloodshot, and @SonyPictures! https://t.co/2Ax4MHhVpm",2020-02-06 17:55:10,"Twitter Web App",594,70,"x18951206","ValiantComics","Valiant Comics",102234,2047,76409,"New York, NY","https://t.co/cvxJwcWzZX
Official Twitter Account Of Valiant Comics!
#BLOODSHOT <U+0001F534>",TRUE,,,,,,,"NA NA","NA NA","NA NA NA NA NA NA NA NA","https://twitter.com/Bloodshot/status/1225547874043400193","Bloodshot","","#BLOODSHOT <U+0001F534>, starring @VinDiesel, in theaters March 13.","https://t.co/GMeiaZ2pfN",FALSE,3837,9,20,63,27,2018-08-02 06:32:30,TRUE,"https://t.co/GMeiaZ2pfN","http://www.bloodshot.movie",,"https://pbs.twimg.com/profile_banners/1024905761367851009/1581184235",,"http://pbs.twimg.com/profile_images/1219999341378596864/WgScN2QE_normal.jpg"
"x1024905761367851009","x1224882678467452928",2020-02-05 02:29:22,"Bloodshot","Whoa! Hey @Bloodshot, check it out! https://t.co/NRFRHlNen6","Twitter for iPhone",54,,,,FALSE,TRUE,0,78,,,,,,,,,,,,,,,,"x18951206 x1024905761367851009","ValiantComics Bloodshot","en",,,,,,,,,,,,,,,,"x1224802827471597568","Whoa! Hey @Bloodshot, check it out! https://t.co/NRFRHlNen6",2020-02-04 21:12:04,"Twitter Web App",757,78,"x18951206","ValiantComics","Valiant Comics",102234,2047,76409,"New York, NY","https://t.co/cvxJwcWzZX
Official Twitter Account Of Valiant Comics!
#BLOODSHOT <U+0001F534>",TRUE,,,,,,,"NA NA","NA NA","NA NA NA NA NA NA NA NA","https://twitter.com/Bloodshot/status/1224882678467452928","Bloodshot","","#BLOODSHOT <U+0001F534>, starring @VinDiesel, in theaters March 13.","https://t.co/GMeiaZ2pfN",FALSE,3837,9,20,63,27,2018-08-02 06:32:30,TRUE,"https://t.co/GMeiaZ2pfN","http://www.bloodshot.movie",,"https://pbs.twimg.com/profile_banners/1024905761367851009/1581184235",,"http://pbs.twimg.com/profile_images/1219999341378596864/WgScN2QE_normal.jpg"
"x1024905761367851009","x1224882678240960512",2020-02-05 02:29:22,"Bloodshot","Featuring an exclusive new short story! #BLOODSHOT<U+0001F534>

@Bloodshot @vindiesel @SonyPictures https://t.co/6UFwJIGg18","Twitter for iPhone",107,,,,FALSE,TRUE,0,63,,,"BLOODSHOT",,,,,,,,,,,,,"x18951206 x1024905761367851009 x3061977469 x14497313","ValiantComics Bloodshot vindiesel SonyPictures","en",,,,,,,,,,,,,,,,"x1224753270461206529","Featuring an exclusive new short story! #BLOODSHOT<U+0001F534>

@Bloodshot @vindiesel @SonyPictures https://t.co/6UFwJIGg18",2020-02-04 17:55:09,"Twitter Web App",352,63,"x18951206","ValiantComics","Valiant Comics",102234,2047,76409,"New York, NY","https://t.co/cvxJwcWzZX
Official Twitter Account Of Valiant Comics!
#BLOODSHOT <U+0001F534>",TRUE,,,,,,,"NA NA","NA NA","NA NA NA NA NA NA NA NA","https://twitter.com/Bloodshot/status/1224882678240960512","Bloodshot","","#BLOODSHOT <U+0001F534>, starring @VinDiesel, in theaters March 13.","https://t.co/GMeiaZ2pfN",FALSE,3837,9,20,63,27,2018-08-02 06:32:30,TRUE,"https://t.co/GMeiaZ2pfN","http://www.bloodshot.movie",,"https://pbs.twimg.com/profile_banners/1024905761367851009/1581184235",,"http://pbs.twimg.com/profile_images/1219999341378596864/WgScN2QE_normal.jpg"
"x1024905761367851009","x1224169520354353152",2020-02-03 03:15:32,"Bloodshot","When you shoot your shot for the Big Game and it pays off. #Bloodshot <U+0001F534> in theaters March 13. https://t.co/FDUT4a3x5v","Twitter Media Studio",93,,,,FALSE,FALSE,107,29,,,"Bloodshot",,,,,"http://pbs.twimg.com/media/EPp_uPtU4AAS_IR.jpg","https://t.co/FDUT4a3x5v","https://twitter.com/Bloodshot/status/1224169520354353152/video/1","photo","http://pbs.twimg.com/media/EPp_uPtU4AAS_IR.jpg","https://t.co/FDUT4a3x5v","https://twitter.com/Bloodshot/status/1224169520354353152/video/1",,,,"en",,,,,,,,,,,,,,,,,,,,,,,,,,,,,,,,,,,,,"NA NA","NA NA","NA NA NA NA NA NA NA NA","https://twitter.com/Bloodshot/status/1224169520354353152","Bloodshot","","#BLOODSHOT <U+0001F534>, starring @VinDiesel, in theaters March 13.","https://t.co/GMeiaZ2pfN",FALSE,3837,9,20,63,27,2018-08-02 06:32:30,TRUE,"https://t.co/GMeiaZ2pfN","http://www.bloodshot.movie",,"https://pbs.twimg.com/profile_banners/1024905761367851009/1581184235",,"http://pbs.twimg.com/profile_images/1219999341378596864/WgScN2QE_normal.jpg"
"x1024905761367851009","x1222956299651973120",2020-01-30 18:54:37,"Bloodshot","Happy birthday to #Bloodshot’s Eiza González! https://t.co/495FCBnwTN","Twitter Web App",45,,,,FALSE,FALSE,572,91,,,"Bloodshot",,,,,"http://pbs.twimg.com/media/EPjQRSfU0AEpe2o.jpg","https://t.co/495FCBnwTN","https://twitter.com/Bloodshot/status/1222956299651973120/photo/1","photo","http://pbs.twimg.com/media/EPjQRSfU0AEpe2o.jpg","https://t.co/495FCBnwTN","https://twitter.com/Bloodshot/status/1222956299651973120/photo/1",,,,"en",,,,,,,,,,,,,,,,,,,,,,,,,,,,,,,,,,,,,"NA NA","NA NA","NA NA NA NA NA NA NA NA","https://twitter.com/Bloodshot/status/1222956299651973120","Bloodshot","","#BLOODSHOT <U+0001F534>, starring @VinDiesel, in theaters March 13.","https://t.co/GMeiaZ2pfN",FALSE,3837,9,20,63,27,2018-08-02 06:32:30,TRUE,"https://t.co/GMeiaZ2pfN","http://www.bloodshot.movie",,"https://pbs.twimg.com/profile_banners/1024905761367851009/1581184235",,"http://pbs.twimg.com/profile_images/1219999341378596864/WgScN2QE_normal.jpg"
"x1024905761367851009","x1220782492447207424",2020-01-24 18:56:41,"Bloodshot","Take your best shot and submit your #Bloodshot-inspired art to @Talenthouse now! #FanArtFriday <U+0001F534> <U+2192> https://t.co/nGHdQFAx2X https://t.co/psNTGg5X6P","Twitter Web App",122,,,,FALSE,FALSE,129,45,,,"Bloodshot FanArtFriday",,"bit.ly/bloodshotart","https://t.co/nGHdQFAx2X","http://bit.ly/bloodshotart","http://pbs.twimg.com/media/EPEXNDkU8AESvq6.jpg","https://t.co/psNTGg5X6P","https://twitter.com/Bloodshot/status/1220782492447207424/photo/1","photo","http://pbs.twimg.com/media/EPEXNDkU8AESvq6.jpg","https://t.co/psNTGg5X6P","https://twitter.com/Bloodshot/status/1220782492447207424/photo/1",,"x16194018","talenthouse","en",,,,,,,,,,,,,,,,,,,,,,,,,,,,,,,,,,,,,"NA NA","NA NA","NA NA NA NA NA NA NA NA","https://twitter.com/Bloodshot/status/1220782492447207424","Bloodshot","","#BLOODSHOT <U+0001F534>, starring @VinDiesel, in theaters March 13.","https://t.co/GMeiaZ2pfN",FALSE,3837,9,20,63,27,2018-08-02 06:32:30,TRUE,"https://t.co/GMeiaZ2pfN","http://www.bloodshot.movie",,"https://pbs.twimg.com/profile_banners/1024905761367851009/1581184235",,"http://pbs.twimg.com/profile_images/1219999341378596864/WgScN2QE_normal.jpg"
"x1024905761367851009","x1220441302443216899",2020-01-23 20:20:55,"Bloodshot","@ValiantComics @SonyPictures @SamHeughan @eizamusica @LamorneMorris @TheGuyPearce @TalulahRiley @DavidSFWilson @comiXology @Snapchat https://t.co/I8nKwDUkpb","Twitter Web App",0,"x1220418699456282624","x18951206","ValiantComics",FALSE,FALSE,35,6,,,,,,,,"http://pbs.twimg.com/tweet_video_thumb/EO_g5MDUUAAVO8f.jpg","https://t.co/I8nKwDUkpb","https://twitter.com/Bloodshot/status/1220441302443216899/photo/1","photo","http://pbs.twimg.com/tweet_video_thumb/EO_g5MDUUAAVO8f.jpg","https://t.co/I8nKwDUkpb","https://twitter.com/Bloodshot/status/1220441302443216899/photo/1",,"x18951206 x14497313 x336445332 x55072675 x26705414 x2840670079 x344538987 x2763398893 x15135752 x376502929","ValiantComics SonyPictures SamHeughan eizamusica LamorneMorris TheGuyPearce TalulahRiley DavidSFWilson comiXology Snapchat","und",,,,,,,,,,,,,,,,,,,,,,,,,,,,,,,,,,,,,"NA NA","NA NA","NA NA NA NA NA NA NA NA","https://twitter.com/Bloodshot/status/1220441302443216899","Bloodshot","","#BLOODSHOT <U+0001F534>, starring @VinDiesel, in theaters March 13.","https://t.co/GMeiaZ2pfN",FALSE,3837,9,20,63,27,2018-08-02 06:32:30,TRUE,"https://t.co/GMeiaZ2pfN","http://www.bloodshot.movie",,"https://pbs.twimg.com/profile_banners/1024905761367851009/1581184235",,"http://pbs.twimg.com/profile_images/1219999341378596864/WgScN2QE_normal.jpg"
"x1024905761367851009","x1220441112919363589",2020-01-23 20:20:10,"Bloodshot","Get a FREE DOWNLOAD of a special edition #1 Bloodshot comic book from @ValiantComics! Visit https://t.co/DGE0UZCqBn or scan below! 

See #Bloodshot <U+0001F534> in theaters March 13. https://t.co/epGZjeCMfo","Twitter Web App",171,,,,FALSE,FALSE,126,36,,,"Bloodshot",,"bit.ly/BloodshotComic1","https://t.co/DGE0UZCqBn","http://bit.ly/BloodshotComic1","http://pbs.twimg.com/media/EO_guQRU4AA5Iuo.jpg","https://t.co/epGZjeCMfo","https://twitter.com/Bloodshot/status/1220441112919363589/photo/1","photo","http://pbs.twimg.com/media/EO_guQRU4AA5Iuo.jpg","https://t.co/epGZjeCMfo","https://twitter.com/Bloodshot/status/1220441112919363589/photo/1",,"x18951206","ValiantComics","en",,,,,,,,,,,,,,,,,,,,,,,,,,,,,,,,,,,,,"NA NA","NA NA","NA NA NA NA NA NA NA NA","https://twitter.com/Bloodshot/status/1220441112919363589","Bloodshot","","#BLOODSHOT <U+0001F534>, starring @VinDiesel, in theaters March 13.","https://t.co/GMeiaZ2pfN",FALSE,3837,9,20,63,27,2018-08-02 06:32:30,TRUE,"https://t.co/GMeiaZ2pfN","http://www.bloodshot.movie",,"https://pbs.twimg.com/profile_banners/1024905761367851009/1581184235",,"http://pbs.twimg.com/profile_images/1219999341378596864/WgScN2QE_normal.jpg"
"x1024905761367851009","x1220166482891427840",2020-01-23 02:08:53,"Bloodshot","@AMCTheatres https://t.co/8rBVRTjsUp","Twitter for iPhone",0,"x1220014098181697536","x40245758","AMCTheatres",FALSE,FALSE,1,0,,,,,,,,"http://pbs.twimg.com/tweet_video_thumb/EO7m8kSUwAAe4gE.jpg","https://t.co/8rBVRTjsUp","https://twitter.com/Bloodshot/status/1220166482891427840/photo/1","photo","http://pbs.twimg.com/tweet_video_thumb/EO7m8kSUwAAe4gE.jpg","https://t.co/8rBVRTjsUp","https://twitter.com/Bloodshot/status/1220166482891427840/photo/1",,"x40245758","AMCTheatres","und",,,,,,,,,,,,,,,,,,,,,,,,,,,,,,,,,,,,,"NA NA","NA NA","NA NA NA NA NA NA NA NA","https://twitter.com/Bloodshot/status/1220166482891427840","Bloodshot","","#BLOODSHOT <U+0001F534>, starring @VinDiesel, in theaters March 13.","https://t.co/GMeiaZ2pfN",FALSE,3837,9,20,63,27,2018-08-02 06:32:30,TRUE,"https://t.co/GMeiaZ2pfN","http://www.bloodshot.movie",,"https://pbs.twimg.com/profile_banners/1024905761367851009/1581184235",,"http://pbs.twimg.com/profile_images/1219999341378596864/WgScN2QE_normal.jpg"
"x1024905761367851009","x1220166035388526592",2020-01-23 02:07:07,"Bloodshot","@Cinemark https://t.co/cKB0LAFLKh","Twitter for iPhone",0,"x1220003584462462977","x374688790","Cinemark",FALSE,FALSE,1,0,,,,,,,,"http://pbs.twimg.com/tweet_video_thumb/EO7mijGU4AAv8K4.jpg","https://t.co/cKB0LAFLKh","https://twitter.com/Bloodshot/status/1220166035388526592/photo/1","photo","http://pbs.twimg.com/tweet_video_thumb/EO7mijGU4AAv8K4.jpg","https://t.co/cKB0LAFLKh","https://twitter.com/Bloodshot/status/1220166035388526592/photo/1",,"x374688790","Cinemark","und",,,,,,,,,,,,,,,,,,,,,,,,,,,,,,,,,,,,,"NA NA","NA NA","NA NA NA NA NA NA NA NA","https://twitter.com/Bloodshot/status/1220166035388526592","Bloodshot","","#BLOODSHOT <U+0001F534>, starring @VinDiesel, in theaters March 13.","https://t.co/GMeiaZ2pfN",FALSE,3837,9,20,63,27,2018-08-02 06:32:30,TRUE,"https://t.co/GMeiaZ2pfN","http://www.bloodshot.movie",,"https://pbs.twimg.com/profile_banners/1024905761367851009/1581184235",,"http://pbs.twimg.com/profile_images/1219999341378596864/WgScN2QE_normal.jpg"
"x1024905761367851009","x1220160665307844608",2020-01-23 01:45:46,"Bloodshot","@DolbyCinema https://t.co/w0LGRwATQW","Twitter for iPhone",0,"x1220061673928712192","x791319669353254912","DolbyCinema",FALSE,FALSE,2,0,,,,,,,,"http://pbs.twimg.com/tweet_video_thumb/EO7hp7ZUcAEHNx2.jpg","https://t.co/w0LGRwATQW","https://twitter.com/Bloodshot/status/1220160665307844608/photo/1","photo","http://pbs.twimg.com/tweet_video_thumb/EO7hp7ZUcAEHNx2.jpg","https://t.co/w0LGRwATQW","https://twitter.com/Bloodshot/status/1220160665307844608/photo/1",,"x791319669353254912","DolbyCinema","und",,,,,,,,,,,,,,,,,,,,,,,,,,,,,,,,,,,,,"NA NA","NA NA","NA NA NA NA NA NA NA NA","https://twitter.com/Bloodshot/status/1220160665307844608","Bloodshot","","#BLOODSHOT <U+0001F534>, starring @VinDiesel, in theaters March 13.","https://t.co/GMeiaZ2pfN",FALSE,3837,9,20,63,27,2018-08-02 06:32:30,TRUE,"https://t.co/GMeiaZ2pfN","http://www.bloodshot.movie",,"https://pbs.twimg.com/profile_banners/1024905761367851009/1581184235",,"http://pbs.twimg.com/profile_images/1219999341378596864/WgScN2QE_normal.jpg"
"x1024905761367851009","x1219998152264056833",2020-01-22 15:00:00,"Bloodshot","You don’t need to have a past to have a future. #Bloodshot <U+0001F534> in theaters March 13. https://t.co/7xYTTpGxWc","Twitter Media Studio",82,,,,FALSE,FALSE,432,129,,,"Bloodshot",,,,,"http://pbs.twimg.com/media/EO5GUssUwAcbqTU.jpg","https://t.co/7xYTTpGxWc","https://twitter.com/Bloodshot/status/1219998152264056833/photo/1","photo","http://pbs.twimg.com/media/EO5GUssUwAcbqTU.jpg","https://t.co/7xYTTpGxWc","https://twitter.com/Bloodshot/status/1219998152264056833/photo/1",,,,"en",,,,,,,,,,,,,,,,,,,,,,,,,,,,,,,,,,,,,"NA NA","NA NA","NA NA NA NA NA NA NA NA","https://twitter.com/Bloodshot/status/1219998152264056833","Bloodshot","","#BLOODSHOT <U+0001F534>, starring @VinDiesel, in theaters March 13.","https://t.co/GMeiaZ2pfN",FALSE,3837,9,20,63,27,2018-08-02 06:32:30,TRUE,"https://t.co/GMeiaZ2pfN","http://www.bloodshot.movie",,"https://pbs.twimg.com/profile_banners/1024905761367851009/1581184235",,"http://pbs.twimg.com/profile_images/1219999341378596864/WgScN2QE_normal.jpg"
"x1024905761367851009","x1219989077954457600",2020-01-22 14:23:57,"Bloodshot","You don’t need to have a past to have a future. 
#Bloodshot <U+0001F534>, in theaters March 13 https://t.co/ygTQhdnc9f","Twitter for iPhone",122,,,,FALSE,TRUE,0,698,,,"Bloodshot",,,,,"http://pbs.twimg.com/ext_tw_video_thumb/1219760624164462592/pu/img/N6-aawF54r7904ya.jpg","https://t.co/ygTQhdnc9f","https://twitter.com/vindiesel/status/1219983054912905216/video/1","photo","http://pbs.twimg.com/ext_tw_video_thumb/1219760624164462592/pu/img/N6-aawF54r7904ya.jpg","https://t.co/ygTQhdnc9f","https://twitter.com/vindiesel/status/1219983054912905216/video/1",,"x3061977469","vindiesel","en",,,,,,,,,,,,,,,,"x1219983054912905216","You don’t need to have a past to have a future. 
#Bloodshot <U+0001F534>, in theaters March 13 https://t.co/ygTQhdnc9f",2020-01-22 14:00:01,"Twitter Web App",4583,698,"x3061977469","vindiesel","Vin Diesel",301310,0,34,"","Actor, Director and Producer... fortunate enough to be able to do what I love...",TRUE,,,,,,,"NA NA","NA NA","NA NA NA NA NA NA NA NA","https://twitter.com/Bloodshot/status/1219989077954457600","Bloodshot","","#BLOODSHOT <U+0001F534>, starring @VinDiesel, in theaters March 13.","https://t.co/GMeiaZ2pfN",FALSE,3837,9,20,63,27,2018-08-02 06:32:30,TRUE,"https://t.co/GMeiaZ2pfN","http://www.bloodshot.movie",,"https://pbs.twimg.com/profile_banners/1024905761367851009/1581184235",,"http://pbs.twimg.com/profile_images/1219999341378596864/WgScN2QE_normal.jpg"
"x1024905761367851009","x1219988890498396160",2020-01-22 14:23:12,"Bloodshot","Boom! Official poster for the #Bloodshot movie starring Vin Diesel! 
https://t.co/RVEAaUUO7c https://t.co/uImFDhrleH","Twitter for iPhone",131,,,,FALSE,TRUE,0,61,,,"Bloodshot",,"comicbook.com/movies/2020/01…","https://t.co/RVEAaUUO7c","https://comicbook.com/movies/2020/01/21/bloodshot-poster-vin-diesel-sony-valiant-movie/","http://pbs.twimg.com/media/EO182gvXkAIar5u.jpg","https://t.co/uImFDhrleH","https://twitter.com/ComicBook/status/1219983052048347136/photo/1","photo","http://pbs.twimg.com/media/EO182gvXkAIar5u.jpg","https://t.co/uImFDhrleH","https://twitter.com/ComicBook/status/1219983052048347136/photo/1",,"x22490294","ComicBook","en",,,,,,,,,,,,,,,,"x1219983052048347136","Boom! Official poster for the #Bloodshot movie starring Vin Diesel! 
https://t.co/RVEAaUUO7c https://t.co/uImFDhrleH",2020-01-22 14:00:00,"TweetDeck",327,61,"x22490294","ComicBook","Comicbook.com",189197,1867,281767,"","The OFFICIAL Twitter account for http://t.co/RmAlqTQSAj. We're your #1 resource of news on comic books, movies, and TV shows.",TRUE,,,,,,,"NA NA","NA NA","NA NA NA NA NA NA NA NA","https://twitter.com/Bloodshot/status/1219988890498396160","Bloodshot","","#BLOODSHOT <U+0001F534>, starring @VinDiesel, in theaters March 13.","https://t.co/GMeiaZ2pfN",FALSE,3837,9,20,63,27,2018-08-02 06:32:30,TRUE,"https://t.co/GMeiaZ2pfN","http://www.bloodshot.movie",,"https://pbs.twimg.com/profile_banners/1024905761367851009/1581184235",,"http://pbs.twimg.com/profile_images/1219999341378596864/WgScN2QE_normal.jpg"
"x1024905761367851009","x1217624121552465920",2020-01-16 01:46:27,"Bloodshot","@DolbyCinema <U+0001F44F>","Twitter for iPhone",1,"x1217129518760103936","x791319669353254912","DolbyCinema",FALSE,FALSE,1,0,,,,,,,,,,,,,,,,"x791319669353254912","DolbyCinema","und",,,,,,,,,,,,,,,,,,,,,,,,,,,,,,,,,,,,,"NA NA","NA NA","NA NA NA NA NA NA NA NA","https://twitter.com/Bloodshot/status/1217624121552465920","Bloodshot","","#BLOODSHOT <U+0001F534>, starring @VinDiesel, in theaters March 13.","https://t.co/GMeiaZ2pfN",FALSE,3837,9,20,63,27,2018-08-02 06:32:30,TRUE,"https://t.co/GMeiaZ2pfN","http://www.bloodshot.movie",,"https://pbs.twimg.com/profile_banners/1024905761367851009/1581184235",,"http://pbs.twimg.com/profile_images/1219999341378596864/WgScN2QE_normal.jpg"
"x1024905761367851009","x1217624083233271809",2020-01-16 01:46:18,"Bloodshot","Superheroes just got an upgrade. <U+0001F534> Watch the new @Bloodshot
international trailer now and see the movie in #DolbyCinema March 13. https://t.co/18YOVwUlEl","Twitter for iPhone",140,,,,FALSE,TRUE,0,43,,,"DolbyCinema",,,,,,,,,,,,,"x791319669353254912 x1024905761367851009","DolbyCinema Bloodshot","en",,,,,,,,,,,,,,,,"x1217129518760103936","Superheroes just got an upgrade. <U+0001F534> Watch the new @Bloodshot
international trailer now and see the movie in #DolbyCinema March 13. https://t.co/18YOVwUlEl",2020-01-14 17:01:05,"Sprout Social",111,43,"x791319669353254912","DolbyCinema","Dolby Cinema",15830,825,4269,"","Dramatic imaging with #DolbyVision. Moving audio with #DolbyAtmos. Innovative seating.",TRUE,,,,,,,"NA NA","NA NA","NA NA NA NA NA NA NA NA","https://twitter.com/Bloodshot/status/1217624083233271809","Bloodshot","","#BLOODSHOT <U+0001F534>, starring @VinDiesel, in theaters March 13.","https://t.co/GMeiaZ2pfN",FALSE,3837,9,20,63,27,2018-08-02 06:32:30,TRUE,"https://t.co/GMeiaZ2pfN","http://www.bloodshot.movie",,"https://pbs.twimg.com/profile_banners/1024905761367851009/1581184235",,"http://pbs.twimg.com/profile_images/1219999341378596864/WgScN2QE_normal.jpg"
"x1024905761367851009","x1216996153532665856",2020-01-14 08:11:08,"Bloodshot","@vindiesel https://t.co/u0n6xEKeep","Twitter for iPhone",0,"x1216994054375800832","x3061977469","vindiesel",FALSE,FALSE,53,4,,,,,,,,"http://pbs.twimg.com/tweet_video_thumb/EOOjjIOUYAAhLKF.jpg","https://t.co/u0n6xEKeep","https://twitter.com/Bloodshot/status/1216996153532665856/photo/1","photo","http://pbs.twimg.com/tweet_video_thumb/EOOjjIOUYAAhLKF.jpg","https://t.co/u0n6xEKeep","https://twitter.com/Bloodshot/status/1216996153532665856/photo/1",,"x3061977469","vindiesel","und",,,,,,,,,,,,,,,,,,,,,,,,,,,,,,,,,,,,,"NA NA","NA NA","NA NA NA NA NA NA NA NA","https://twitter.com/Bloodshot/status/1216996153532665856","Bloodshot","","#BLOODSHOT <U+0001F534>, starring @VinDiesel, in theaters March 13.","https://t.co/GMeiaZ2pfN",FALSE,3837,9,20,63,27,2018-08-02 06:32:30,TRUE,"https://t.co/GMeiaZ2pfN","http://www.bloodshot.movie",,"https://pbs.twimg.com/profile_banners/1024905761367851009/1581184235",,"http://pbs.twimg.com/profile_images/1219999341378596864/WgScN2QE_normal.jpg"
"x1024905761367851009","x1216995835122053120",2020-01-14 08:09:52,"Bloodshot","@ValiantComics https://t.co/EmyHCisZ1H","Twitter for iPhone",0,"x1216994735627362309","x18951206","ValiantComics",FALSE,FALSE,29,4,,,,,,,,"http://pbs.twimg.com/tweet_video_thumb/EOOjQh1U0AEW8CL.jpg","https://t.co/EmyHCisZ1H","https://twitter.com/Bloodshot/status/1216995835122053120/photo/1","photo","http://pbs.twimg.com/tweet_video_thumb/EOOjQh1U0AEW8CL.jpg","https://t.co/EmyHCisZ1H","https://twitter.com/Bloodshot/status/1216995835122053120/photo/1",,"x18951206","ValiantComics","und",,,,,,,,,,,,,,,,,,,,,,,,,,,,,,,,,,,,,"NA NA","NA NA","NA NA NA NA NA NA NA NA","https://twitter.com/Bloodshot/status/1216995835122053120","Bloodshot","","#BLOODSHOT <U+0001F534>, starring @VinDiesel, in theaters March 13.","https://t.co/GMeiaZ2pfN",FALSE,3837,9,20,63,27,2018-08-02 06:32:30,TRUE,"https://t.co/GMeiaZ2pfN","http://www.bloodshot.movie",,"https://pbs.twimg.com/profile_banners/1024905761367851009/1581184235",,"http://pbs.twimg.com/profile_images/1219999341378596864/WgScN2QE_normal.jpg"
"x1024905761367851009","x1216993352370884608",2020-01-14 08:00:00,"Bloodshot","Superheroes just got an upgrade. <U+0001F534> Watch the new #Bloodshot international trailer now and see the movie in theaters March 13. https://t.co/wsWbN23ZTn","Twitter Media Studio",125,,,,FALSE,FALSE,1279,588,,,"Bloodshot",,,,,"http://pbs.twimg.com/media/EONxDboUYAABsVQ.jpg","https://t.co/wsWbN23ZTn","https://twitter.com/Bloodshot/status/1216993352370884608/video/1","photo","http://pbs.twimg.com/media/EONxDboUYAABsVQ.jpg","https://t.co/wsWbN23ZTn","https://twitter.com/Bloodshot/status/1216993352370884608/video/1",,,,"en",,,,,,,,,,,,,,,,,,,,,,,,,,,,,,,,,,,,,"NA NA","NA NA","NA NA NA NA NA NA NA NA","https://twitter.com/Bloodshot/status/1216993352370884608","Bloodshot","","#BLOODSHOT <U+0001F534>, starring @VinDiesel, in theaters March 13.","https://t.co/GMeiaZ2pfN",FALSE,3837,9,20,63,27,2018-08-02 06:32:30,TRUE,"https://t.co/GMeiaZ2pfN","http://www.bloodshot.movie",,"https://pbs.twimg.com/profile_banners/1024905761367851009/1581184235",,"http://pbs.twimg.com/profile_images/1219999341378596864/WgScN2QE_normal.jpg"
"x1024905761367851009","x1216812158110928896",2020-01-13 20:00:00,"Bloodshot","2 Months. #Bloodshot <U+0001F534> 3.13.20. Trailer Tomorrow. https://t.co/3iKKNizo5t","Twitter Media Studio",49,,,,FALSE,FALSE,2012,286,,,"Bloodshot",,,,,"http://pbs.twimg.com/media/EOL3YVYUEAAlwqH.jpg","https://t.co/3iKKNizo5t","https://twitter.com/Bloodshot/status/1216812158110928896/video/1","photo","http://pbs.twimg.com/media/EOL3YVYUEAAlwqH.jpg","https://t.co/3iKKNizo5t","https://twitter.com/Bloodshot/status/1216812158110928896/video/1",,,,"en",,,,,,,,,,,,,,,,,,,,,,,,,,,,,,,,,,,,,"NA NA","NA NA","NA NA NA NA NA NA NA NA","https://twitter.com/Bloodshot/status/1216812158110928896","Bloodshot","","#BLOODSHOT <U+0001F534>, starring @VinDiesel, in theaters March 13.","https://t.co/GMeiaZ2pfN",FALSE,3837,9,20,63,27,2018-08-02 06:32:30,TRUE,"https://t.co/GMeiaZ2pfN","http://www.bloodshot.movie",,"https://pbs.twimg.com/profile_banners/1024905761367851009/1581184235",,"http://pbs.twimg.com/profile_images/1219999341378596864/WgScN2QE_normal.jpg"
"x1024905761367851009","x1186175534977282048",2019-10-21 07:01:00,"Bloodshot","Vin Diesel is #Bloodshot. <U+0001F534> Based on the best-selling comic book - watch the trailer now. 2.21.20 https://t.co/W0VPackPp0","Twitter Media Studio",97,,,,FALSE,FALSE,13360,4608,,,"Bloodshot",,,,,"http://pbs.twimg.com/media/EHX0x9LU0AAE4ih.jpg","https://t.co/W0VPackPp0","https://twitter.com/Bloodshot/status/1186175534977282048/video/1","photo","http://pbs.twimg.com/media/EHX0x9LU0AAE4ih.jpg","https://t.co/W0VPackPp0","https://twitter.com/Bloodshot/status/1186175534977282048/video/1",,,,"en",,,,,,,,,,,,,,,,,,,,,,,,,,,,,,,,,,,,,"NA NA","NA NA","NA NA NA NA NA NA NA NA","https://twitter.com/Bloodshot/status/1186175534977282048","Bloodshot","","#BLOODSHOT <U+0001F534>, starring @VinDiesel, in theaters March 13.","https://t.co/GMeiaZ2pfN",FALSE,3837,9,20,63,27,2018-08-02 06:32:30,TRUE,"https://t.co/GMeiaZ2pfN","http://www.bloodshot.movie",,"https://pbs.twimg.com/profile_banners/1024905761367851009/1581184235",,"http://pbs.twimg.com/profile_images/1219999341378596864/WgScN2QE_normal.jpg"
"x1024905761367851009","x1185813147032195072",2019-10-20 07:01:00,"Bloodshot","Trailer Tomorrow. #Bloodshot <U+0001F534> https://t.co/2gpttmGLuZ","Twitter Media Studio",30,,,,FALSE,FALSE,1150,306,,,"Bloodshot",,,,,"http://pbs.twimg.com/media/EHSk6z0VAAA3j-P.jpg","https://t.co/2gpttmGLuZ","https://twitter.com/Bloodshot/status/1185813147032195072/video/1","photo","http://pbs.twimg.com/media/EHSk6z0VAAA3j-P.jpg","https://t.co/2gpttmGLuZ","https://twitter.com/Bloodshot/status/1185813147032195072/video/1",,,,"en",,,,,,,,,,,,,,,,,,,,,,,,,,,,,,,,,,,,,"NA NA","NA NA","NA NA NA NA NA NA NA NA","https://twitter.com/Bloodshot/status/1185813147032195072","Bloodshot","","#BLOODSHOT <U+0001F534>, starring @VinDiesel, in theaters March 13.","https://t.co/GMeiaZ2pfN",FALSE,3837,9,20,63,27,2018-08-02 06:32:30,TRUE,"https://t.co/GMeiaZ2pfN","http://www.bloodshot.movie",,"https://pbs.twimg.com/profile_banners/1024905761367851009/1581184235",,"http://pbs.twimg.com/profile_images/1219999341378596864/WgScN2QE_normal.jpg"
"x1024905761367851009","x1030233340199067649",2018-08-16 23:22:23,"Bloodshot","Day 1. #Bloodshot https://t.co/CxYoC48MvQ https://t.co/nh5qgN6mZA","Twitter Web Client",41,,,,FALSE,FALSE,255,32,,,"Bloodshot",,"instagram.com/p/BmJPDY8AIMw","https://t.co/CxYoC48MvQ","https://www.instagram.com/p/BmJPDY8AIMw","http://pbs.twimg.com/media/DkwfuNNVAAAqzMt.jpg","https://t.co/nh5qgN6mZA","https://twitter.com/Bloodshot/status/1030233340199067649/photo/1","photo","http://pbs.twimg.com/media/DkwfuNNVAAAqzMt.jpg","https://t.co/nh5qgN6mZA","https://twitter.com/Bloodshot/status/1030233340199067649/photo/1",,,,"und",,,,,,,,,,,,,,,,,,,,,,,,,,,,,,,,,,,,,"NA NA","NA NA","NA NA NA NA NA NA NA NA","https://twitter.com/Bloodshot/status/1030233340199067649","Bloodshot","","#BLOODSHOT <U+0001F534>, starring @VinDiesel, in theaters March 13.","https://t.co/GMeiaZ2pfN",FALSE,3837,9,20,63,27,2018-08-02 06:32:30,TRUE,"https://t.co/GMeiaZ2pfN","http://www.bloodshot.movie",,"https://pbs.twimg.com/profile_banners/1024905761367851009/1581184235",,"http://pbs.twimg.com/profile_images/1219999341378596864/WgScN2QE_normal.jpg"
