"user_id","status_id","created_at","screen_name","text","source","display_text_width","reply_to_status_id","reply_to_user_id","reply_to_screen_name","is_quote","is_retweet","favorite_count","retweet_count","quote_count","reply_count","hashtags","symbols","urls_url","urls_t.co","urls_expanded_url","media_url","media_t.co","media_expanded_url","media_type","ext_media_url","ext_media_t.co","ext_media_expanded_url","ext_media_type","mentions_user_id","mentions_screen_name","lang","quoted_status_id","quoted_text","quoted_created_at","quoted_source","quoted_favorite_count","quoted_retweet_count","quoted_user_id","quoted_screen_name","quoted_name","quoted_followers_count","quoted_friends_count","quoted_statuses_count","quoted_location","quoted_description","quoted_verified","retweet_status_id","retweet_text","retweet_created_at","retweet_source","retweet_favorite_count","retweet_retweet_count","retweet_user_id","retweet_screen_name","retweet_name","retweet_followers_count","retweet_friends_count","retweet_statuses_count","retweet_location","retweet_description","retweet_verified","place_url","place_name","place_full_name","place_type","country","country_code","geo_coords","coords_coords","bbox_coords","status_url","name","location","description","url","protected","followers_count","friends_count","listed_count","statuses_count","favourites_count","account_created_at","verified","profile_url","profile_expanded_url","account_lang","profile_banner_url","profile_background_url","profile_image_url"
"x1027039671652515842","x1234523865587601411",2020-03-02 17:00:00,"DisneysMulan","""There is no courage without fear."" See Disney's #Mulan in theaters March 27! Get tickets: https://t.co/HlpIPdzo5U https://t.co/S8tHKTyn1b","Twitter Media Studio",114,,,,FALSE,FALSE,845,216,,,"Mulan",,"fandango.com/Mulan","https://t.co/HlpIPdzo5U","http://www.fandango.com/Mulan","http://pbs.twimg.com/media/ESHjg_LVUAgUbDi.jpg","https://t.co/S8tHKTyn1b","https://twitter.com/DisneysMulan/status/1234523865587601411/video/1","photo","http://pbs.twimg.com/media/ESHjg_LVUAgUbDi.jpg","https://t.co/S8tHKTyn1b","https://twitter.com/DisneysMulan/status/1234523865587601411/video/1",,,,"en",,,,,,,,,,,,,,,,,,,,,,,,,,,,,,,,,,,,,"NA NA","NA NA","NA NA NA NA NA NA NA NA","https://twitter.com/DisneysMulan/status/1234523865587601411","Mulan","","Disney’s #Mulan in theaters March 27, 2020",,FALSE,50998,9,91,35,0,2018-08-08 03:51:54,TRUE,,,,"https://pbs.twimg.com/profile_banners/1027039671652515842/1562519210",,"http://pbs.twimg.com/profile_images/1230202614773477376/OdmugK8k_normal.jpg"
"x1027039671652515842","x1233436701642625024",2020-02-28 17:00:00,"DisneysMulan","""I'm Hua Mulan. I will bring honor to us all."" See Disney's #Mulan in theaters March 27! Get tickets now: https://t.co/HlpIPdzo5U https://t.co/EBa5HvSJyq","Twitter Media Studio",129,,,,FALSE,FALSE,1791,494,,,"Mulan",,"fandango.com/Mulan","https://t.co/HlpIPdzo5U","http://www.fandango.com/Mulan","http://pbs.twimg.com/media/ER4E1unUUAEsOxZ.jpg","https://t.co/EBa5HvSJyq","https://twitter.com/DisneysMulan/status/1233436701642625024/video/1","photo","http://pbs.twimg.com/media/ER4E1unUUAEsOxZ.jpg","https://t.co/EBa5HvSJyq","https://twitter.com/DisneysMulan/status/1233436701642625024/video/1",,,,"en",,,,,,,,,,,,,,,,,,,,,,,,,,,,,,,,,,,,,"NA NA","NA NA","NA NA NA NA NA NA NA NA","https://twitter.com/DisneysMulan/status/1233436701642625024","Mulan","","Disney’s #Mulan in theaters March 27, 2020",,FALSE,50998,9,91,35,0,2018-08-08 03:51:54,TRUE,,,,"https://pbs.twimg.com/profile_banners/1027039671652515842/1562519210",,"http://pbs.twimg.com/profile_images/1230202614773477376/OdmugK8k_normal.jpg"
"x1027039671652515842","x1233119611912118272",2020-02-27 20:00:00,"DisneysMulan","""There is no courage without fear."" Check out the exclusive @RealD3D artwork for Disney's #Mulan. See it in theaters in 1 Month! Tickets now available: https://t.co/HlpIPdzo5U https://t.co/TtgyQ8gvLG","Twitter Media Studio",175,,,,FALSE,FALSE,840,217,,,"Mulan",,"fandango.com/Mulan","https://t.co/HlpIPdzo5U","http://www.fandango.com/Mulan","http://pbs.twimg.com/media/ERuxsGrUwAAHPoa.jpg","https://t.co/TtgyQ8gvLG","https://twitter.com/DisneysMulan/status/1233119611912118272/photo/1","photo","http://pbs.twimg.com/media/ERuxsGrUwAAHPoa.jpg","https://t.co/TtgyQ8gvLG","https://twitter.com/DisneysMulan/status/1233119611912118272/photo/1",,"x117538430","RealD3D","en",,,,,,,,,,,,,,,,,,,,,,,,,,,,,,,,,,,,,"NA NA","NA NA","NA NA NA NA NA NA NA NA","https://twitter.com/DisneysMulan/status/1233119611912118272","Mulan","","Disney’s #Mulan in theaters March 27, 2020",,FALSE,50998,9,91,35,0,2018-08-08 03:51:54,TRUE,,,,"https://pbs.twimg.com/profile_banners/1027039671652515842/1562519210",,"http://pbs.twimg.com/profile_images/1230202614773477376/OdmugK8k_normal.jpg"
"x1027039671652515842","x1233104512132567040",2020-02-27 19:00:00,"DisneysMulan","Loyal. Brave. True. Check out the exclusive @DolbyCinema artwork for Disney's #Mulan. See it in theaters in 1 Month! Tickets now available: https://t.co/HlpIPdzo5U https://t.co/2ghfzBtkcl","Twitter Media Studio",163,,,,FALSE,FALSE,1340,356,,,"Mulan",,"fandango.com/Mulan","https://t.co/HlpIPdzo5U","http://www.fandango.com/Mulan","http://pbs.twimg.com/media/ERuxdYVU8AA2ZsU.jpg","https://t.co/2ghfzBtkcl","https://twitter.com/DisneysMulan/status/1233104512132567040/photo/1","photo","http://pbs.twimg.com/media/ERuxdYVU8AA2ZsU.jpg","https://t.co/2ghfzBtkcl","https://twitter.com/DisneysMulan/status/1233104512132567040/photo/1",,"x791319669353254912","DolbyCinema","en",,,,,,,,,,,,,,,,,,,,,,,,,,,,,,,,,,,,,"NA NA","NA NA","NA NA NA NA NA NA NA NA","https://twitter.com/DisneysMulan/status/1233104512132567040","Mulan","","Disney’s #Mulan in theaters March 27, 2020",,FALSE,50998,9,91,35,0,2018-08-08 03:51:54,TRUE,,,,"https://pbs.twimg.com/profile_banners/1027039671652515842/1562519210",,"http://pbs.twimg.com/profile_images/1230202614773477376/OdmugK8k_normal.jpg"
"x1027039671652515842","x1233089414877806592",2020-02-27 18:00:00,"DisneysMulan","""I will never give up."" Check out the @IMAX exclusive artwork for Disney’s #Mulan. See it in theaters in 1 Month! Tickets now available: https://t.co/HlpIPdzo5U https://t.co/p36CYXFvTK","Twitter Media Studio",160,,,,FALSE,FALSE,794,174,,,"Mulan",,"fandango.com/Mulan","https://t.co/HlpIPdzo5U","http://www.fandango.com/Mulan","http://pbs.twimg.com/media/ERuxM3jU0AALcA6.jpg","https://t.co/p36CYXFvTK","https://twitter.com/DisneysMulan/status/1233089414877806592/photo/1","photo","http://pbs.twimg.com/media/ERuxM3jU0AALcA6.jpg","https://t.co/p36CYXFvTK","https://twitter.com/DisneysMulan/status/1233089414877806592/photo/1",,"x22821175","IMAX","en",,,,,,,,,,,,,,,,,,,,,,,,,,,,,,,,,,,,,"NA NA","NA NA","NA NA NA NA NA NA NA NA","https://twitter.com/DisneysMulan/status/1233089414877806592","Mulan","","Disney’s #Mulan in theaters March 27, 2020",,FALSE,50998,9,91,35,0,2018-08-08 03:51:54,TRUE,,,,"https://pbs.twimg.com/profile_banners/1027039671652515842/1562519210",,"http://pbs.twimg.com/profile_images/1230202614773477376/OdmugK8k_normal.jpg"
"x1027039671652515842","x1233074314330566656",2020-02-27 17:00:00,"DisneysMulan","""It is my duty to fight for the kingdom."" See Disney's #Mulan in theaters in 1 Month! Tickets now available: https://t.co/HlpIPdQYXs https://t.co/jUfjwXq0lx","Twitter Media Studio",132,,,,FALSE,FALSE,838,197,,,"Mulan",,"fandango.com/Mulan","https://t.co/HlpIPdQYXs","http://www.fandango.com/Mulan","http://pbs.twimg.com/media/ERv2F_wUYAESCqc.jpg","https://t.co/jUfjwXq0lx","https://twitter.com/DisneysMulan/status/1233074314330566656/video/1","photo","http://pbs.twimg.com/media/ERv2F_wUYAESCqc.jpg","https://t.co/jUfjwXq0lx","https://twitter.com/DisneysMulan/status/1233074314330566656/video/1",,,,"en",,,,,,,,,,,,,,,,,,,,,,,,,,,,,,,,,,,,,"NA NA","NA NA","NA NA NA NA NA NA NA NA","https://twitter.com/DisneysMulan/status/1233074314330566656","Mulan","","Disney’s #Mulan in theaters March 27, 2020",,FALSE,50998,9,91,35,0,2018-08-08 03:51:54,TRUE,,,,"https://pbs.twimg.com/profile_banners/1027039671652515842/1562519210",,"http://pbs.twimg.com/profile_images/1230202614773477376/OdmugK8k_normal.jpg"
"x1027039671652515842","x1233059216409157633",2020-02-27 16:00:00,"DisneysMulan","""I will bring honor to us all."" See Disney's #Mulan in theaters in 1 Month! Tickets now available: https://t.co/HlpIPdzo5U https://t.co/KpHPrOwbDw","Twitter Media Studio",122,,,,FALSE,FALSE,2228,341,,,"Mulan",,"fandango.com/Mulan","https://t.co/HlpIPdzo5U","http://www.fandango.com/Mulan","http://pbs.twimg.com/media/ERvQrFSUwAEdp-h.jpg","https://t.co/KpHPrOwbDw","https://twitter.com/DisneysMulan/status/1233059216409157633/video/1","photo","http://pbs.twimg.com/media/ERvQrFSUwAEdp-h.jpg","https://t.co/KpHPrOwbDw","https://twitter.com/DisneysMulan/status/1233059216409157633/video/1",,,,"en",,,,,,,,,,,,,,,,,,,,,,,,,,,,,,,,,,,,,"NA NA","NA NA","NA NA NA NA NA NA NA NA","https://twitter.com/DisneysMulan/status/1233059216409157633","Mulan","","Disney’s #Mulan in theaters March 27, 2020",,FALSE,50998,9,91,35,0,2018-08-08 03:51:54,TRUE,,,,"https://pbs.twimg.com/profile_banners/1027039671652515842/1562519210",,"http://pbs.twimg.com/profile_images/1230202614773477376/OdmugK8k_normal.jpg"
"x1027039671652515842","x1232935900578902016",2020-02-27 07:50:00,"DisneysMulan","""There have been many tales of a warrior. She is our protector."" See Disney's #Mulan in theaters in 1 Month! Tickets now available: https://t.co/HlpIPdQYXs https://t.co/7wCowf5xBU","Twitter Media Studio",155,,,,FALSE,FALSE,20960,4439,,,"Mulan",,"fandango.com/Mulan","https://t.co/HlpIPdQYXs","http://www.fandango.com/Mulan","http://pbs.twimg.com/media/ERuAHDeVUAEP2-t.jpg","https://t.co/7wCowf5xBU","https://twitter.com/DisneysMulan/status/1232935900578902016/video/1","photo","http://pbs.twimg.com/media/ERuAHDeVUAEP2-t.jpg","https://t.co/7wCowf5xBU","https://twitter.com/DisneysMulan/status/1232935900578902016/video/1",,,,"en",,,,,,,,,,,,,,,,,,,,,,,,,,,,,,,,,,,,,"NA NA","NA NA","NA NA NA NA NA NA NA NA","https://twitter.com/DisneysMulan/status/1232935900578902016","Mulan","","Disney’s #Mulan in theaters March 27, 2020",,FALSE,50998,9,91,35,0,2018-08-08 03:51:54,TRUE,,,,"https://pbs.twimg.com/profile_banners/1027039671652515842/1562519210",,"http://pbs.twimg.com/profile_images/1230202614773477376/OdmugK8k_normal.jpg"
"x1027039671652515842","x1232711927702228992",2020-02-26 17:00:00,"DisneysMulan","""She's everything an action-movie hero should be."" Watch this special featurette showcasing the thrilling stunts for Disney's #Mulan. See it in theaters March 27! https://t.co/0Rmlv6uPkd","Twitter Media Studio",162,,,,FALSE,FALSE,6612,1825,,,"Mulan",,,,,"http://pbs.twimg.com/media/ERtmqr1VAAIz1Ga.jpg","https://t.co/0Rmlv6uPkd","https://twitter.com/DisneysMulan/status/1232711927702228992/video/1","photo","http://pbs.twimg.com/media/ERtmqr1VAAIz1Ga.jpg","https://t.co/0Rmlv6uPkd","https://twitter.com/DisneysMulan/status/1232711927702228992/video/1",,,,"en",,,,,,,,,,,,,,,,,,,,,,,,,,,,,,,,,,,,,"NA NA","NA NA","NA NA NA NA NA NA NA NA","https://twitter.com/DisneysMulan/status/1232711927702228992","Mulan","","Disney’s #Mulan in theaters March 27, 2020",,FALSE,50998,9,91,35,0,2018-08-08 03:51:54,TRUE,,,,"https://pbs.twimg.com/profile_banners/1027039671652515842/1562519210",,"http://pbs.twimg.com/profile_images/1230202614773477376/OdmugK8k_normal.jpg"
"x1027039671652515842","x1232431445429276672",2020-02-25 22:25:28,"DisneysMulan","""It is my duty to fight."" Check out the 3rd in a series of living photos for Disney's #Mulan. See it in theaters March 27! https://t.co/UHwPmv8wgH","Twitter Media Studio",122,,,,FALSE,FALSE,1108,247,,,"Mulan",,,,,"http://pbs.twimg.com/tweet_video_thumb/ERlMXJ2U0AApGj-.jpg","https://t.co/UHwPmv8wgH","https://twitter.com/DisneysMulan/status/1232431445429276672/photo/1","photo","http://pbs.twimg.com/tweet_video_thumb/ERlMXJ2U0AApGj-.jpg","https://t.co/UHwPmv8wgH","https://twitter.com/DisneysMulan/status/1232431445429276672/photo/1",,,,"en",,,,,,,,,,,,,,,,,,,,,,,,,,,,,,,,,,,,,"NA NA","NA NA","NA NA NA NA NA NA NA NA","https://twitter.com/DisneysMulan/status/1232431445429276672","Mulan","","Disney’s #Mulan in theaters March 27, 2020",,FALSE,50998,9,91,35,0,2018-08-08 03:51:54,TRUE,,,,"https://pbs.twimg.com/profile_banners/1027039671652515842/1562519210",,"http://pbs.twimg.com/profile_images/1230202614773477376/OdmugK8k_normal.jpg"
"x1027039671652515842","x1231987152126455810",2020-02-24 17:00:00,"DisneysMulan","Loyal. Brave. True. See Disney's #Mulan in theaters March 27! https://t.co/TLvJdpYKwB","Twitter Media Studio",61,,,,FALSE,FALSE,2570,751,,,"Mulan",,,,,"http://pbs.twimg.com/media/ERfuMLhUUAEqyBv.jpg","https://t.co/TLvJdpYKwB","https://twitter.com/DisneysMulan/status/1231987152126455810/video/1","photo","http://pbs.twimg.com/media/ERfuMLhUUAEqyBv.jpg","https://t.co/TLvJdpYKwB","https://twitter.com/DisneysMulan/status/1231987152126455810/video/1",,,,"en",,,,,,,,,,,,,,,,,,,,,,,,,,,,,,,,,,,,,"NA NA","NA NA","NA NA NA NA NA NA NA NA","https://twitter.com/DisneysMulan/status/1231987152126455810","Mulan","","Disney’s #Mulan in theaters March 27, 2020",,FALSE,50998,9,91,35,0,2018-08-08 03:51:54,TRUE,,,,"https://pbs.twimg.com/profile_banners/1027039671652515842/1562519210",,"http://pbs.twimg.com/profile_images/1230202614773477376/OdmugK8k_normal.jpg"
"x1027039671652515842","x1230899985975214087",2020-02-21 17:00:00,"DisneysMulan","""Your spirit is evident, but something holds you back."" See Disney's #Mulan in theaters March 27! https://t.co/Sz9RoUW4pz","Twitter Media Studio",97,,,,FALSE,FALSE,2908,1019,,,"Mulan",,,,,"http://pbs.twimg.com/media/ERUB-GXU4AAGJl2.jpg","https://t.co/Sz9RoUW4pz","https://twitter.com/DisneysMulan/status/1230899985975214087/video/1","photo","http://pbs.twimg.com/media/ERUB-GXU4AAGJl2.jpg","https://t.co/Sz9RoUW4pz","https://twitter.com/DisneysMulan/status/1230899985975214087/video/1",,,,"en",,,,,,,,,,,,,,,,,,,,,,,,,,,,,,,,,,,,,"NA NA","NA NA","NA NA NA NA NA NA NA NA","https://twitter.com/DisneysMulan/status/1230899985975214087","Mulan","","Disney’s #Mulan in theaters March 27, 2020",,FALSE,50998,9,91,35,0,2018-08-08 03:51:54,TRUE,,,,"https://pbs.twimg.com/profile_banners/1027039671652515842/1562519210",,"http://pbs.twimg.com/profile_images/1230202614773477376/OdmugK8k_normal.jpg"
"x1027039671652515842","x1230537631735271424",2020-02-20 17:00:08,"DisneysMulan","#Mulan https://t.co/DEU4eVzLBt","Twitter Web App",6,"x1230537630221131776","x1027039671652515842","DisneysMulan",FALSE,FALSE,822,212,,,"Mulan",,,,,"http://pbs.twimg.com/media/ERO-pOEU0AE7U4y.jpg","https://t.co/DEU4eVzLBt","https://twitter.com/DisneysMulan/status/1230537631735271424/photo/1","photo","http://pbs.twimg.com/media/ERO-pOEU0AE7U4y.jpg http://pbs.twimg.com/media/ERO-rz0U0AAsKgn.jpg","https://t.co/DEU4eVzLBt https://t.co/DEU4eVzLBt","https://twitter.com/DisneysMulan/status/1230537631735271424/photo/1 https://twitter.com/DisneysMulan/status/1230537631735271424/photo/1",,,,"und",,,,,,,,,,,,,,,,,,,,,,,,,,,,,,,,,,,,,"NA NA","NA NA","NA NA NA NA NA NA NA NA","https://twitter.com/DisneysMulan/status/1230537631735271424","Mulan","","Disney’s #Mulan in theaters March 27, 2020",,FALSE,50998,9,91,35,0,2018-08-08 03:51:54,TRUE,,,,"https://pbs.twimg.com/profile_banners/1027039671652515842/1562519210",,"http://pbs.twimg.com/profile_images/1230202614773477376/OdmugK8k_normal.jpg"
"x1027039671652515842","x1230537630221131776",2020-02-20 17:00:07,"DisneysMulan","#Mulan https://t.co/EjzKj5kcQr","Twitter Web App",6,"x1230537628904120321","x1027039671652515842","DisneysMulan",FALSE,FALSE,847,201,,,"Mulan",,,,,"http://pbs.twimg.com/media/ERO-lzgVUAEyUCU.jpg","https://t.co/EjzKj5kcQr","https://twitter.com/DisneysMulan/status/1230537630221131776/photo/1","photo","http://pbs.twimg.com/media/ERO-lzgVUAEyUCU.jpg http://pbs.twimg.com/media/ERO-lzcVUAElCxx.jpg","https://t.co/EjzKj5kcQr https://t.co/EjzKj5kcQr","https://twitter.com/DisneysMulan/status/1230537630221131776/photo/1 https://twitter.com/DisneysMulan/status/1230537630221131776/photo/1",,,,"und",,,,,,,,,,,,,,,,,,,,,,,,,,,,,,,,,,,,,"NA NA","NA NA","NA NA NA NA NA NA NA NA","https://twitter.com/DisneysMulan/status/1230537630221131776","Mulan","","Disney’s #Mulan in theaters March 27, 2020",,FALSE,50998,9,91,35,0,2018-08-08 03:51:54,TRUE,,,,"https://pbs.twimg.com/profile_banners/1027039671652515842/1562519210",,"http://pbs.twimg.com/profile_images/1230202614773477376/OdmugK8k_normal.jpg"
"x1027039671652515842","x1230537628904120321",2020-02-20 17:00:07,"DisneysMulan","Check out the international character artwork for Disney's #Mulan. See it in theaters March 27! https://t.co/CjfrUomuic","Twitter Web App",95,,,,FALSE,FALSE,2725,827,,,"Mulan",,,,,"http://pbs.twimg.com/media/ERO-h1aUYAEdFLw.jpg","https://t.co/CjfrUomuic","https://twitter.com/DisneysMulan/status/1230537628904120321/photo/1","photo","http://pbs.twimg.com/media/ERO-h1aUYAEdFLw.jpg http://pbs.twimg.com/media/ERO-h1bUwAA0HOj.jpg","https://t.co/CjfrUomuic https://t.co/CjfrUomuic","https://twitter.com/DisneysMulan/status/1230537628904120321/photo/1 https://twitter.com/DisneysMulan/status/1230537628904120321/photo/1",,,,"en",,,,,,,,,,,,,,,,,,,,,,,,,,,,,,,,,,,,,"NA NA","NA NA","NA NA NA NA NA NA NA NA","https://twitter.com/DisneysMulan/status/1230537628904120321","Mulan","","Disney’s #Mulan in theaters March 27, 2020",,FALSE,50998,9,91,35,0,2018-08-08 03:51:54,TRUE,,,,"https://pbs.twimg.com/profile_banners/1027039671652515842/1562519210",,"http://pbs.twimg.com/profile_images/1230202614773477376/OdmugK8k_normal.jpg"
"x1027039671652515842","x1230233477577969664",2020-02-19 20:51:32,"DisneysMulan","Loyal. Brave. True. Check out the 2nd in a series of living photos for Disney's #Mulan. See it in theaters March 27! https://t.co/MYQ5O75q3r","Twitter Media Studio",116,,,,FALSE,FALSE,1620,384,,,"Mulan",,,,,"http://pbs.twimg.com/tweet_video_thumb/ERGeawvUwAEpn1S.jpg","https://t.co/MYQ5O75q3r","https://twitter.com/DisneysMulan/status/1230233477577969664/photo/1","photo","http://pbs.twimg.com/tweet_video_thumb/ERGeawvUwAEpn1S.jpg","https://t.co/MYQ5O75q3r","https://twitter.com/DisneysMulan/status/1230233477577969664/photo/1",,,,"en",,,,,,,,,,,,,,,,,,,,,,,,,,,,,,,,,,,,,"NA NA","NA NA","NA NA NA NA NA NA NA NA","https://twitter.com/DisneysMulan/status/1230233477577969664","Mulan","","Disney’s #Mulan in theaters March 27, 2020",,FALSE,50998,9,91,35,0,2018-08-08 03:51:54,TRUE,,,,"https://pbs.twimg.com/profile_banners/1027039671652515842/1562519210",,"http://pbs.twimg.com/profile_images/1230202614773477376/OdmugK8k_normal.jpg"
"x1027039671652515842","x1229833487118585856",2020-02-18 18:22:07,"DisneysMulan","""It's my duty to fight."" See Disney's #Mulan in theaters March 27. https://t.co/Vk4dzmeNLT","Twitter Media Studio",66,,,,FALSE,FALSE,2446,495,,,"Mulan",,,,,"http://pbs.twimg.com/media/ERB4s6RUUAANZQD.jpg","https://t.co/Vk4dzmeNLT","https://twitter.com/DisneysMulan/status/1229833487118585856/video/1","photo","http://pbs.twimg.com/media/ERB4s6RUUAANZQD.jpg","https://t.co/Vk4dzmeNLT","https://twitter.com/DisneysMulan/status/1229833487118585856/video/1",,,,"en",,,,,,,,,,,,,,,,,,,,,,,,,,,,,,,,,,,,,"NA NA","NA NA","NA NA NA NA NA NA NA NA","https://twitter.com/DisneysMulan/status/1229833487118585856","Mulan","","Disney’s #Mulan in theaters March 27, 2020",,FALSE,50998,9,91,35,0,2018-08-08 03:51:54,TRUE,,,,"https://pbs.twimg.com/profile_banners/1027039671652515842/1562519210",,"http://pbs.twimg.com/profile_images/1230202614773477376/OdmugK8k_normal.jpg"
"x1027039671652515842","x1227670871705149441",2020-02-12 19:08:39,"DisneysMulan","""I will bring honor to us all."" Check out the first in a series of living photos for Disney's #Mulan. See it in theaters March 27. https://t.co/JqRZFisCVb","Twitter Media Studio",130,,,,FALSE,FALSE,1978,522,,,"Mulan",,,,,"http://pbs.twimg.com/tweet_video_thumb/EQmP1onU4AAG12d.jpg","https://t.co/JqRZFisCVb","https://twitter.com/DisneysMulan/status/1227670871705149441/photo/1","photo","http://pbs.twimg.com/tweet_video_thumb/EQmP1onU4AAG12d.jpg","https://t.co/JqRZFisCVb","https://twitter.com/DisneysMulan/status/1227670871705149441/photo/1",,,,"en",,,,,,,,,,,,,,,,,,,,,,,,,,,,,,,,,,,,,"NA NA","NA NA","NA NA NA NA NA NA NA NA","https://twitter.com/DisneysMulan/status/1227670871705149441","Mulan","","Disney’s #Mulan in theaters March 27, 2020",,FALSE,50998,9,91,35,0,2018-08-08 03:51:54,TRUE,,,,"https://pbs.twimg.com/profile_banners/1027039671652515842/1562519210",,"http://pbs.twimg.com/profile_images/1230202614773477376/OdmugK8k_normal.jpg"
"x1027039671652515842","x1226551331021656064",2020-02-09 17:00:00,"DisneysMulan","""It is my duty to protect my family."" See Disney's #Mulan in theaters March 27. https://t.co/pfmNwvIXgl","Twitter Media Studio",79,,,,FALSE,FALSE,2716,772,,,"Mulan",,,,,"http://pbs.twimg.com/media/EQMPF04UUAA47Kh.jpg","https://t.co/pfmNwvIXgl","https://twitter.com/DisneysMulan/status/1226551331021656064/video/1","photo","http://pbs.twimg.com/media/EQMPF04UUAA47Kh.jpg","https://t.co/pfmNwvIXgl","https://twitter.com/DisneysMulan/status/1226551331021656064/video/1",,,,"en",,,,,,,,,,,,,,,,,,,,,,,,,,,,,,,,,,,,,"NA NA","NA NA","NA NA NA NA NA NA NA NA","https://twitter.com/DisneysMulan/status/1226551331021656064","Mulan","","Disney’s #Mulan in theaters March 27, 2020",,FALSE,50998,9,91,35,0,2018-08-08 03:51:54,TRUE,,,,"https://pbs.twimg.com/profile_banners/1027039671652515842/1562519210",,"http://pbs.twimg.com/profile_images/1230202614773477376/OdmugK8k_normal.jpg"
"x1027039671652515842","x1225508774015832066",2020-02-06 19:57:15,"DisneysMulan","Loyal. Brave. True. See Disney's #Mulan in theaters in 50 days. https://t.co/clUmXlecHB","Twitter Media Studio",63,,,,FALSE,FALSE,2201,586,,,"Mulan",,,,,"http://pbs.twimg.com/media/EQHhoGPXUAEuczR.jpg","https://t.co/clUmXlecHB","https://twitter.com/DisneysMulan/status/1225508774015832066/video/1","photo","http://pbs.twimg.com/media/EQHhoGPXUAEuczR.jpg","https://t.co/clUmXlecHB","https://twitter.com/DisneysMulan/status/1225508774015832066/video/1",,,,"en",,,,,,,,,,,,,,,,,,,,,,,,,,,,,,,,,,,,,"NA NA","NA NA","NA NA NA NA NA NA NA NA","https://twitter.com/DisneysMulan/status/1225508774015832066","Mulan","","Disney’s #Mulan in theaters March 27, 2020",,FALSE,50998,9,91,35,0,2018-08-08 03:51:54,TRUE,,,,"https://pbs.twimg.com/profile_banners/1027039671652515842/1562519210",,"http://pbs.twimg.com/profile_images/1230202614773477376/OdmugK8k_normal.jpg"
"x1027039671652515842","x1225501392669941761",2020-02-06 19:27:55,"DisneysMulan","Yoson An gave WWD an inside look at the live-action adaptation of Mulan. https://t.co/RwKPATN1d0","Twitter Web App",105,,,,FALSE,TRUE,0,29,,,,,"bit.ly/2H2EUgi","https://t.co/RwKPATN1d0","http://bit.ly/2H2EUgi",,,,,,,,,"x19784831","wwd","en",,,,,,,,,,,,,,,,"x1225478929936474113","Yoson An gave WWD an inside look at the live-action adaptation of Mulan. https://t.co/RwKPATN1d0",2020-02-06 17:58:39,"SocialFlow",138,29,"x19784831","wwd","WWD",2865154,477,83866,"","Fashion. Beauty. Business.",TRUE,,,,,,,"NA NA","NA NA","NA NA NA NA NA NA NA NA","https://twitter.com/DisneysMulan/status/1225501392669941761","Mulan","","Disney’s #Mulan in theaters March 27, 2020",,FALSE,50998,9,91,35,0,2018-08-08 03:51:54,TRUE,,,,"https://pbs.twimg.com/profile_banners/1027039671652515842/1562519210",,"http://pbs.twimg.com/profile_images/1230202614773477376/OdmugK8k_normal.jpg"
"x1027039671652515842","x1224114354427031552",2020-02-02 23:36:19,"DisneysMulan","“You will now take the oath of the warrior. Loyal. Brave. True.” 

Watch the brand-new trailer for Disney’s #Mulan, in theaters March 27. https://t.co/hM9zZWJe3S","Twitter Media Studio",137,,,,FALSE,FALSE,38391,17476,,,"Mulan",,,,,"http://pbs.twimg.com/media/EPzqpjSUcAAYOVA.jpg","https://t.co/hM9zZWJe3S","https://twitter.com/DisneysMulan/status/1224114354427031552/video/1","photo","http://pbs.twimg.com/media/EPzqpjSUcAAYOVA.jpg","https://t.co/hM9zZWJe3S","https://twitter.com/DisneysMulan/status/1224114354427031552/video/1",,,,"en",,,,,,,,,,,,,,,,,,,,,,,,,,,,,,,,,,,,,"NA NA","NA NA","NA NA NA NA NA NA NA NA","https://twitter.com/DisneysMulan/status/1224114354427031552","Mulan","","Disney’s #Mulan in theaters March 27, 2020",,FALSE,50998,9,91,35,0,2018-08-08 03:51:54,TRUE,,,,"https://pbs.twimg.com/profile_banners/1027039671652515842/1562519210",,"http://pbs.twimg.com/profile_images/1230202614773477376/OdmugK8k_normal.jpg"
"x1027039671652515842","x1223254004005666816",2020-01-31 14:37:36,"DisneysMulan","Loyal. Brave. True. 

Watch the Big Game spot now and <U+2764><U+FE0F> this Tweet to be one of the first to see the @DisneysMulan final trailer on Sunday! https://t.co/YcJKAzyomK","Twitter Web App",140,,,,FALSE,TRUE,0,2457,,,,,,,,,,,,,,,,"x1027039671652515842 x1027039671652515842","DisneysMulan DisneysMulan","en",,,,,,,,,,,,,,,,"x1223244545548120064","Loyal. Brave. True. 

Watch the Big Game spot now and <U+2764><U+FE0F> this Tweet to be one of the first to see the @DisneysMulan final trailer on Sunday! https://t.co/YcJKAzyomK",2020-01-31 14:00:01,"Twitter for Advertisers",13758,2457,"x1027039671652515842","DisneysMulan","Mulan",50998,9,35,"","Disney’s #Mulan in theaters March 27, 2020",TRUE,,,,,,,"NA NA","NA NA","NA NA NA NA NA NA NA NA","https://twitter.com/DisneysMulan/status/1223254004005666816","Mulan","","Disney’s #Mulan in theaters March 27, 2020",,FALSE,50998,9,91,35,0,2018-08-08 03:51:54,TRUE,,,,"https://pbs.twimg.com/profile_banners/1027039671652515842/1562519210",,"http://pbs.twimg.com/profile_images/1230202614773477376/OdmugK8k_normal.jpg"
"x1027039671652515842","x1223244543111450626",2020-01-31 14:00:00,"DisneysMulan","""It is my duty to fight for the kingdom."" Watch the Big Game spot for Disney's #Mulan now and see the final trailer on Sunday! https://t.co/EOgacz6PC2","Twitter Media Studio",126,,,,FALSE,FALSE,3652,1310,,,"Mulan",,,,,"http://pbs.twimg.com/media/EPkfN-uUEAATmt6.jpg","https://t.co/EOgacz6PC2","https://twitter.com/DisneysMulan/status/1223244543111450626/video/1","photo","http://pbs.twimg.com/media/EPkfN-uUEAATmt6.jpg","https://t.co/EOgacz6PC2","https://twitter.com/DisneysMulan/status/1223244543111450626/video/1",,,,"en",,,,,,,,,,,,,,,,,,,,,,,,,,,,,,,,,,,,,"NA NA","NA NA","NA NA NA NA NA NA NA NA","https://twitter.com/DisneysMulan/status/1223244543111450626","Mulan","","Disney’s #Mulan in theaters March 27, 2020",,FALSE,50998,9,91,35,0,2018-08-08 03:51:54,TRUE,,,,"https://pbs.twimg.com/profile_banners/1027039671652515842/1562519210",,"http://pbs.twimg.com/profile_images/1230202614773477376/OdmugK8k_normal.jpg"
"x1027039671652515842","x1221477904132919296",2020-01-26 17:00:00,"DisneysMulan","""I will bring honor to us all."" See Disney's #Mulan in theaters March 27. https://t.co/4A3Bz4Y56f","Twitter Ads",73,,,,FALSE,FALSE,3892,1557,,,"Mulan",,,,,"http://pbs.twimg.com/media/EPFUl-CU4AEtVw4.jpg","https://t.co/4A3Bz4Y56f","https://twitter.com/DisneysMulan/status/1221477904132919296/video/1","photo","http://pbs.twimg.com/media/EPFUl-CU4AEtVw4.jpg","https://t.co/4A3Bz4Y56f","https://twitter.com/DisneysMulan/status/1221477904132919296/video/1",,,,"en",,,,,,,,,,,,,,,,,,,,,,,,,,,,,,,,,,,,,"NA NA","NA NA","NA NA NA NA NA NA NA NA","https://twitter.com/DisneysMulan/status/1221477904132919296","Mulan","","Disney’s #Mulan in theaters March 27, 2020",,FALSE,50998,9,91,35,0,2018-08-08 03:51:54,TRUE,,,,"https://pbs.twimg.com/profile_banners/1027039671652515842/1562519210",,"http://pbs.twimg.com/profile_images/1230202614773477376/OdmugK8k_normal.jpg"
"x1027039671652515842","x1221115874335027200",2020-01-25 17:01:26,"DisneysMulan","Check out the new character artwork for Disney’s #Mulan. See it in theaters March 27! (2/2) https://t.co/4ywLmvih9t","Twitter Web App",91,"x1221115831297249280","x1027039671652515842","DisneysMulan",FALSE,FALSE,3828,1390,,,"Mulan",,,,,"http://pbs.twimg.com/media/EPJGYc5UEAEVSiW.jpg","https://t.co/4ywLmvih9t","https://twitter.com/DisneysMulan/status/1221115874335027200/photo/1","photo","http://pbs.twimg.com/media/EPJGYc5UEAEVSiW.jpg http://pbs.twimg.com/media/EPJGYc5U4AEZJlJ.jpg http://pbs.twimg.com/media/EPJGYc5VUAIhF2C.jpg","https://t.co/4ywLmvih9t https://t.co/4ywLmvih9t https://t.co/4ywLmvih9t","https://twitter.com/DisneysMulan/status/1221115874335027200/photo/1 https://twitter.com/DisneysMulan/status/1221115874335027200/photo/1 https://twitter.com/DisneysMulan/status/1221115874335027200/photo/1",,,,"en",,,,,,,,,,,,,,,,,,,,,,,,,,,,,,,,,,,,,"NA NA","NA NA","NA NA NA NA NA NA NA NA","https://twitter.com/DisneysMulan/status/1221115874335027200","Mulan","","Disney’s #Mulan in theaters March 27, 2020",,FALSE,50998,9,91,35,0,2018-08-08 03:51:54,TRUE,,,,"https://pbs.twimg.com/profile_banners/1027039671652515842/1562519210",,"http://pbs.twimg.com/profile_images/1230202614773477376/OdmugK8k_normal.jpg"
"x1027039671652515842","x1221115831297249280",2020-01-25 17:01:16,"DisneysMulan","Check out the new character artwork for Disney’s #Mulan. See it in theaters March 27! (1/2) https://t.co/NeveFVDpp4","Twitter Web App",91,,,,FALSE,FALSE,10026,3534,,,"Mulan",,,,,"http://pbs.twimg.com/media/EPJGWADUEAEfG93.jpg","https://t.co/NeveFVDpp4","https://twitter.com/DisneysMulan/status/1221115831297249280/photo/1","photo","http://pbs.twimg.com/media/EPJGWADUEAEfG93.jpg http://pbs.twimg.com/media/EPJGWACVUAUDQLc.jpg http://pbs.twimg.com/media/EPJGWAEU0AAiOM_.jpg","https://t.co/NeveFVDpp4 https://t.co/NeveFVDpp4 https://t.co/NeveFVDpp4","https://twitter.com/DisneysMulan/status/1221115831297249280/photo/1 https://twitter.com/DisneysMulan/status/1221115831297249280/photo/1 https://twitter.com/DisneysMulan/status/1221115831297249280/photo/1",,,,"en",,,,,,,,,,,,,,,,,,,,,,,,,,,,,,,,,,,,,"NA NA","NA NA","NA NA NA NA NA NA NA NA","https://twitter.com/DisneysMulan/status/1221115831297249280","Mulan","","Disney’s #Mulan in theaters March 27, 2020",,FALSE,50998,9,91,35,0,2018-08-08 03:51:54,TRUE,,,,"https://pbs.twimg.com/profile_banners/1027039671652515842/1562519210",,"http://pbs.twimg.com/profile_images/1230202614773477376/OdmugK8k_normal.jpg"
"x1027039671652515842","x1217257357178068992",2020-01-15 01:29:04,"DisneysMulan","“My father cannot fight. So I will take his place.” 

See Disney’s #Mulan in theaters March 27. https://t.co/k8z9SK4e2G","Twitter Media Studio",95,,,,FALSE,FALSE,7347,2956,,,"Mulan",,,,,"http://pbs.twimg.com/media/EOSQyxnU4AAe3Ug.jpg","https://t.co/k8z9SK4e2G","https://twitter.com/DisneysMulan/status/1217257357178068992/video/1","photo","http://pbs.twimg.com/media/EOSQyxnU4AAe3Ug.jpg","https://t.co/k8z9SK4e2G","https://twitter.com/DisneysMulan/status/1217257357178068992/video/1",,,,"en",,,,,,,,,,,,,,,,,,,,,,,,,,,,,,,,,,,,,"NA NA","NA NA","NA NA NA NA NA NA NA NA","https://twitter.com/DisneysMulan/status/1217257357178068992","Mulan","","Disney’s #Mulan in theaters March 27, 2020",,FALSE,50998,9,91,35,0,2018-08-08 03:51:54,TRUE,,,,"https://pbs.twimg.com/profile_banners/1027039671652515842/1562519210",,"http://pbs.twimg.com/profile_images/1230202614773477376/OdmugK8k_normal.jpg"
"x1027039671652515842","x1216042087256350722",2020-01-11 17:00:01,"DisneysMulan","Check out the Korean poster for #Mulan. See it in theaters March 27! https://t.co/XhDRwOOMg7","Twitter Media Studio",68,,,,FALSE,FALSE,5067,1495,,,"Mulan",,,,,"http://pbs.twimg.com/media/EN9qgAbUYAAhYX6.jpg","https://t.co/XhDRwOOMg7","https://twitter.com/DisneysMulan/status/1216042087256350722/photo/1","photo","http://pbs.twimg.com/media/EN9qgAbUYAAhYX6.jpg","https://t.co/XhDRwOOMg7","https://twitter.com/DisneysMulan/status/1216042087256350722/photo/1",,,,"en",,,,,,,,,,,,,,,,,,,,,,,,,,,,,,,,,,,,,"NA NA","NA NA","NA NA NA NA NA NA NA NA","https://twitter.com/DisneysMulan/status/1216042087256350722","Mulan","","Disney’s #Mulan in theaters March 27, 2020",,FALSE,50998,9,91,35,0,2018-08-08 03:51:54,TRUE,,,,"https://pbs.twimg.com/profile_banners/1027039671652515842/1562519210",,"http://pbs.twimg.com/profile_images/1230202614773477376/OdmugK8k_normal.jpg"
"x1027039671652515842","x1202588438974754816",2019-12-05 14:00:01,"DisneysMulan","Loyal. Brave. True. I will bring honor to us all. Watch the brand new trailer for Disney’s #Mulan. See it in theaters March 27, 2020. https://t.co/L1bLP6hjJu","Twitter Media Studio",133,,,,FALSE,FALSE,56328,27563,,,"Mulan",,,,,"http://pbs.twimg.com/media/EK_MeI6U8AAOXQl.jpg","https://t.co/L1bLP6hjJu","https://twitter.com/DisneysMulan/status/1202588438974754816/video/1","photo","http://pbs.twimg.com/media/EK_MeI6U8AAOXQl.jpg","https://t.co/L1bLP6hjJu","https://twitter.com/DisneysMulan/status/1202588438974754816/video/1",,,,"en",,,,,,,,,,,,,,,,,,,,,,,,,,,,,,,,,,,,,"NA NA","NA NA","NA NA NA NA NA NA NA NA","https://twitter.com/DisneysMulan/status/1202588438974754816","Mulan","","Disney’s #Mulan in theaters March 27, 2020",,FALSE,50998,9,91,35,0,2018-08-08 03:51:54,TRUE,,,,"https://pbs.twimg.com/profile_banners/1027039671652515842/1562519210",,"http://pbs.twimg.com/profile_images/1230202614773477376/OdmugK8k_normal.jpg"
"x1027039671652515842","x1202316645923864576",2019-12-04 20:00:01,"DisneysMulan","Check out the official poster for Disney’s #Mulan. Tune in tomorrow morning to watch the brand new trailer! https://t.co/OcokPL8Nti","Twitter Media Studio",107,,,,FALSE,FALSE,32874,9373,,,"Mulan",,,,,"http://pbs.twimg.com/media/EK9zDtnUcAA5zXM.jpg","https://t.co/OcokPL8Nti","https://twitter.com/DisneysMulan/status/1202316645923864576/photo/1","photo","http://pbs.twimg.com/media/EK9zDtnUcAA5zXM.jpg","https://t.co/OcokPL8Nti","https://twitter.com/DisneysMulan/status/1202316645923864576/photo/1",,,,"en",,,,,,,,,,,,,,,,,,,,,,,,,,,,,,,,,,,,,"NA NA","NA NA","NA NA NA NA NA NA NA NA","https://twitter.com/DisneysMulan/status/1202316645923864576","Mulan","","Disney’s #Mulan in theaters March 27, 2020",,FALSE,50998,9,91,35,0,2018-08-08 03:51:54,TRUE,,,,"https://pbs.twimg.com/profile_banners/1027039671652515842/1562519210",,"http://pbs.twimg.com/profile_images/1230202614773477376/OdmugK8k_normal.jpg"
"x1027039671652515842","x1165440696628592645",2019-08-25 01:48:09,"DisneysMulan","Niki Caro took the stage at #D23Expo to show the audience some brand new footage from Disney’s #Mulan. https://t.co/S4Eq93zjoW","Twitter Web App",102,,,,FALSE,FALSE,2022,299,,,"D23Expo Mulan",,,,,"http://pbs.twimg.com/media/ECx6IgnUYAAkT4A.jpg","https://t.co/S4Eq93zjoW","https://twitter.com/DisneysMulan/status/1165440696628592645/photo/1","photo","http://pbs.twimg.com/media/ECx6IgnUYAAkT4A.jpg","https://t.co/S4Eq93zjoW","https://twitter.com/DisneysMulan/status/1165440696628592645/photo/1",,,,"en",,,,,,,,,,,,,,,,,,,,,,,,,,,,,,,,,,,,,"NA NA","NA NA","NA NA NA NA NA NA NA NA","https://twitter.com/DisneysMulan/status/1165440696628592645","Mulan","","Disney’s #Mulan in theaters March 27, 2020",,FALSE,50998,9,91,35,0,2018-08-08 03:51:54,TRUE,,,,"https://pbs.twimg.com/profile_banners/1027039671652515842/1562519210",,"http://pbs.twimg.com/profile_images/1230202614773477376/OdmugK8k_normal.jpg"
"x1027039671652515842","x1165353628535676928",2019-08-24 20:02:10,"DisneysMulan","Director Niki Caro joins the #D23Expo stage to talk about #Mulan. https://t.co/uegRHvCXSt","Twitter for iPhone",65,,,,FALSE,FALSE,3330,499,,,"D23Expo Mulan",,,,,"http://pbs.twimg.com/media/ECwq8HvUcAAA7W0.jpg","https://t.co/uegRHvCXSt","https://twitter.com/DisneysMulan/status/1165353628535676928/photo/1","photo","http://pbs.twimg.com/media/ECwq8HvUcAAA7W0.jpg","https://t.co/uegRHvCXSt","https://twitter.com/DisneysMulan/status/1165353628535676928/photo/1",,,,"en",,,,,,,,,,,,,,,,,,,,,,,,,,,,,,,,,,,,,"NA NA","NA NA","NA NA NA NA NA NA NA NA","https://twitter.com/DisneysMulan/status/1165353628535676928","Mulan","","Disney’s #Mulan in theaters March 27, 2020",,FALSE,50998,9,91,35,0,2018-08-08 03:51:54,TRUE,,,,"https://pbs.twimg.com/profile_banners/1027039671652515842/1562519210",,"http://pbs.twimg.com/profile_images/1230202614773477376/OdmugK8k_normal.jpg"
"x1027039671652515842","x1147902024270241792",2019-07-07 16:15:44,"DisneysMulan","Disney’s #Mulan, in theaters March 27, 2020. https://t.co/EA61fp4506","Twitter Media Studio",44,,,,FALSE,FALSE,149000,54936,,,"Mulan",,,,,"http://pbs.twimg.com/media/D-4qvoCU0AUsNqD.jpg","https://t.co/EA61fp4506","https://twitter.com/DisneysMulan/status/1147902024270241792/photo/1","photo","http://pbs.twimg.com/media/D-4qvoCU0AUsNqD.jpg","https://t.co/EA61fp4506","https://twitter.com/DisneysMulan/status/1147902024270241792/photo/1",,,,"en",,,,,,,,,,,,,,,,,,,,,,,,,,,,,,,,,,,,,"NA NA","NA NA","NA NA NA NA NA NA NA NA","https://twitter.com/DisneysMulan/status/1147902024270241792","Mulan","","Disney’s #Mulan in theaters March 27, 2020",,FALSE,50998,9,91,35,0,2018-08-08 03:51:54,TRUE,,,,"https://pbs.twimg.com/profile_banners/1027039671652515842/1562519210",,"http://pbs.twimg.com/profile_images/1230202614773477376/OdmugK8k_normal.jpg"
"x1027039671652515842","x1147898346268348417",2019-07-07 16:01:07,"DisneysMulan","It is my duty to fight. Disney’s #Mulan is in theaters March 27, 2020. https://t.co/Xq6El2A4nN","Twitter Media Studio",70,,,,FALSE,FALSE,285910,110897,,,"Mulan",,,,,"http://pbs.twimg.com/media/D-4TmZkUIAA49ej.jpg","https://t.co/Xq6El2A4nN","https://twitter.com/DisneysMulan/status/1147898346268348417/video/1","photo","http://pbs.twimg.com/media/D-4TmZkUIAA49ej.jpg","https://t.co/Xq6El2A4nN","https://twitter.com/DisneysMulan/status/1147898346268348417/video/1",,,,"en",,,,,,,,,,,,,,,,,,,,,,,,,,,,,,,,,,,,,"NA NA","NA NA","NA NA NA NA NA NA NA NA","https://twitter.com/DisneysMulan/status/1147898346268348417","Mulan","","Disney’s #Mulan in theaters March 27, 2020",,FALSE,50998,9,91,35,0,2018-08-08 03:51:54,TRUE,,,,"https://pbs.twimg.com/profile_banners/1027039671652515842/1562519210",,"http://pbs.twimg.com/profile_images/1230202614773477376/OdmugK8k_normal.jpg"
