"user_id","status_id","created_at","screen_name","text","source","display_text_width","reply_to_status_id","reply_to_user_id","reply_to_screen_name","is_quote","is_retweet","favorite_count","retweet_count","quote_count","reply_count","hashtags","symbols","urls_url","urls_t.co","urls_expanded_url","media_url","media_t.co","media_expanded_url","media_type","ext_media_url","ext_media_t.co","ext_media_expanded_url","ext_media_type","mentions_user_id","mentions_screen_name","lang","quoted_status_id","quoted_text","quoted_created_at","quoted_source","quoted_favorite_count","quoted_retweet_count","quoted_user_id","quoted_screen_name","quoted_name","quoted_followers_count","quoted_friends_count","quoted_statuses_count","quoted_location","quoted_description","quoted_verified","retweet_status_id","retweet_text","retweet_created_at","retweet_source","retweet_favorite_count","retweet_retweet_count","retweet_user_id","retweet_screen_name","retweet_name","retweet_followers_count","retweet_friends_count","retweet_statuses_count","retweet_location","retweet_description","retweet_verified","place_url","place_name","place_full_name","place_type","country","country_code","geo_coords","coords_coords","bbox_coords","status_url","name","location","description","url","protected","followers_count","friends_count","listed_count","statuses_count","favourites_count","account_created_at","verified","profile_url","profile_expanded_url","account_lang","profile_banner_url","profile_background_url","profile_image_url"
"x1225848645162958848","x1234562072274325509",2020-03-02 19:31:49,"TheHuntMovie","12 Hunted. 6 Hunters. Choose your side. #TheHuntMovie opens Friday the 13th of March. https://t.co/anZFX9Z62X","Twitter Media Studio",85,,,,FALSE,FALSE,52,13,,,"TheHuntMovie",,,,,"http://pbs.twimg.com/media/ESILkR9U8AATlcY.jpg","https://t.co/anZFX9Z62X","https://twitter.com/TheHuntMovie/status/1234562072274325509/video/1","photo","http://pbs.twimg.com/media/ESILkR9U8AATlcY.jpg","https://t.co/anZFX9Z62X","https://twitter.com/TheHuntMovie/status/1234562072274325509/video/1",,,,"en",,,,,,,,,,,,,,,,,,,,,,,,,,,,,,,,,,,,,"NA NA","NA NA","NA NA NA NA NA NA NA NA","https://twitter.com/TheHuntMovie/status/1234562072274325509","The Hunt","","In Theaters March 13","https://t.co/AffWt4PBuI",FALSE,527,0,5,5,0,2020-02-07 18:27:55,TRUE,"https://t.co/AffWt4PBuI","http://www.TheHunt.movie",,"https://pbs.twimg.com/profile_banners/1225848645162958848/1581440101",,"http://pbs.twimg.com/profile_images/1227272425248673792/htAzAZrK_normal.jpg"
"x1225848645162958848","x1233127252683939840",2020-02-27 20:30:22,"TheHuntMovie","On Friday the 13th of March, EVERYONE is fair game. #TheHuntMovie https://t.co/xu4kUVf1Qp","Twitter Media Studio",65,,,,FALSE,FALSE,66,20,,,"TheHuntMovie",,,,,"http://pbs.twimg.com/media/ERzx81eUwAA3ZHJ.jpg","https://t.co/xu4kUVf1Qp","https://twitter.com/TheHuntMovie/status/1233127252683939840/video/1","photo","http://pbs.twimg.com/media/ERzx81eUwAA3ZHJ.jpg","https://t.co/xu4kUVf1Qp","https://twitter.com/TheHuntMovie/status/1233127252683939840/video/1",,,,"en",,,,,,,,,,,,,,,,,,,,,,,,,,,,,,,,,,,,,"NA NA","NA NA","NA NA NA NA NA NA NA NA","https://twitter.com/TheHuntMovie/status/1233127252683939840","The Hunt","","In Theaters March 13","https://t.co/AffWt4PBuI",FALSE,527,0,5,5,0,2020-02-07 18:27:55,TRUE,"https://t.co/AffWt4PBuI","http://www.TheHunt.movie",,"https://pbs.twimg.com/profile_banners/1225848645162958848/1581440101",,"http://pbs.twimg.com/profile_images/1227272425248673792/htAzAZrK_normal.jpg"
"x1225848645162958848","x1231987152646332416",2020-02-24 17:00:01,"TheHuntMovie","Don’t believe everything you hear. On Friday the 13th of March, decide for yourself. #TheHuntMovie https://t.co/P1IDURpgMi","Twitter Media Studio",98,,,,FALSE,FALSE,78,30,,,"TheHuntMovie",,,,,"http://pbs.twimg.com/media/ERgxl9aUwAAuJen.jpg","https://t.co/P1IDURpgMi","https://twitter.com/TheHuntMovie/status/1231987152646332416/video/1","photo","http://pbs.twimg.com/media/ERgxl9aUwAAuJen.jpg","https://t.co/P1IDURpgMi","https://twitter.com/TheHuntMovie/status/1231987152646332416/video/1",,,,"en",,,,,,,,,,,,,,,,,,,,,,,,,,,,,,,,,,,,,"NA NA","NA NA","NA NA NA NA NA NA NA NA","https://twitter.com/TheHuntMovie/status/1231987152646332416","The Hunt","","In Theaters March 13","https://t.co/AffWt4PBuI",FALSE,527,0,5,5,0,2020-02-07 18:27:55,TRUE,"https://t.co/AffWt4PBuI","http://www.TheHunt.movie",,"https://pbs.twimg.com/profile_banners/1225848645162958848/1581440101",,"http://pbs.twimg.com/profile_images/1227272425248673792/htAzAZrK_normal.jpg"
"x1225848645162958848","x1227336897212620801",2020-02-11 21:01:33,"TheHuntMovie","Decide for yourself. #TheHuntMovie opens in theaters Friday the 13th of March. https://t.co/LYYxDYHPo7","Twitter Web App",78,,,,FALSE,FALSE,136,57,,,"TheHuntMovie",,,,,"http://pbs.twimg.com/media/EQhgZqBU8AATZ33.jpg","https://t.co/LYYxDYHPo7","https://twitter.com/TheHuntMov/status/1227336897212620801/photo/1","photo","http://pbs.twimg.com/media/EQhgZqBU8AATZ33.jpg","https://t.co/LYYxDYHPo7","https://twitter.com/TheHuntMov/status/1227336897212620801/photo/1",,,,"en",,,,,,,,,,,,,,,,,,,,,,,,,,,,,,,,,,,,,"NA NA","NA NA","NA NA NA NA NA NA NA NA","https://twitter.com/TheHuntMovie/status/1227336897212620801","The Hunt","","In Theaters March 13","https://t.co/AffWt4PBuI",FALSE,527,0,5,5,0,2020-02-07 18:27:55,TRUE,"https://t.co/AffWt4PBuI","http://www.TheHunt.movie",,"https://pbs.twimg.com/profile_banners/1225848645162958848/1581440101",,"http://pbs.twimg.com/profile_images/1227272425248673792/htAzAZrK_normal.jpg"
"x1225848645162958848","x1227274277927305216",2020-02-11 16:52:44,"TheHuntMovie","The most talked about movie of the year is one nobody’s seen yet. #TheHuntMovie opens in theaters Friday the 13th of March. #DecideForYourself https://t.co/HCncx39rFX","Twitter Ads",142,,,,FALSE,FALSE,12044,2041,,,"TheHuntMovie DecideForYourself",,,,,"http://pbs.twimg.com/media/EQeXuBUU8AAh3aY.jpg","https://t.co/HCncx39rFX","https://twitter.com/TheHuntMov/status/1227274277927305216/video/1","photo","http://pbs.twimg.com/media/EQeXuBUU8AAh3aY.jpg","https://t.co/HCncx39rFX","https://twitter.com/TheHuntMov/status/1227274277927305216/video/1",,,,"en",,,,,,,,,,,,,,,,,,,,,,,,,,,,,,,,,,,,,"NA NA","NA NA","NA NA NA NA NA NA NA NA","https://twitter.com/TheHuntMovie/status/1227274277927305216","The Hunt","","In Theaters March 13","https://t.co/AffWt4PBuI",FALSE,527,0,5,5,0,2020-02-07 18:27:55,TRUE,"https://t.co/AffWt4PBuI","http://www.TheHunt.movie",,"https://pbs.twimg.com/profile_banners/1225848645162958848/1581440101",,"http://pbs.twimg.com/profile_images/1227272425248673792/htAzAZrK_normal.jpg"
