"
			
			";"

				";"
		";"
	";"You are here: ";"
								";"

								";"
							";"";"I have something to admit. I havent seen ";"yet. So when I read the credit list for the unexpected hits big-time sequel and noticed John Krasinskis name was not listed as a star but only the director and screenwriter, I assumed something from the first film was ultimately spoiled for me. Watching the trailer doesnt exactly confirm that fact but I can assume that Krasinski doesnt make it out of the first one.";"Regardless of whether youve seen the first one or not, the trailer is extremely stressful and looks like a fairly self-contained story, though Im assuming it has flashbacks to events prior to the first film. ";" ";" so I imagine no expense was spared for the sequel, which looks like a big-budget ";" episode (something I havent seen either). In the end, I just want to know if that alien-bug-creature thing is driving that bus.";"The official synopsis for the film:";"Following the deadly events at home, the Abbott family (Emily Blunt, Millicent Simmonds, Noah Jupe) must now face the terrors of the outside world as they continue their fightforsurvival in silence. Forced to venture into the unknown, they quickly realize that the creatures that hunt by sound are not the only threats that lurk beyond the sand path.";"will be released in theaters (including IMAX and Dolby Cinema formats) on March 20th, 2020. Follow news and developments on the films ";", ";", and ";". #AQUIETPLACEPART II";"John Krasinski";"Bryan Woods & Scott Beck";"Allyson Seeger, Joann Perritano, Aaron Janus";"Michael Bay, Andrew Form, Brad Fuller, John Krasinski";"Emily Blunt, Cillian Murphy, Millicent Simmonds, Noah Jupe, Djimon Hounsou";"";"Will is the author of the little read book Secure Immaturity: A Nostalgia-Crushing Journey Through Film. Seriously, I think only his mom read it. Will contributes articles to 25YL on horror films, pop culture, books and comics. Will loves his hometown Buccaneers, the MCU, and his two nerdy daughters. He lives in Phoenix, AZ, USA.";"
								";"
	
					";"				";"
								";"
	
					";"				";"
								";"
	
					";"				";"
								";"
	
					";"				";"
								";"
	
					";"				";"
								";"
	
					";"				";"
		";"
	";"25 Newsletters Later";"Sign up for highlights and exclusive content";"
	";"
";"
	";"
";"Don't worry, we don't spam";" 2020 by 25YearsLater";"
							";"
						";"
		";"
				";"
				";"
			";"
				";"
				";"
			";"
				";"
				";"
			";"
		Enter your account data and we will send you a link to reset your password.	";"
				";"
				";"
			";"
				";"
			";"	To use social login you have to agree with the storage and handling of your data by this website. %privacy_policy%";"Here you'll find all collections you've created before."
