"If youve never seen the CW show ";", you might be surprised to see how much the world of Archie Andrews has changed since we were kids. Once considered squeaky clean fare, it no longer is. However, KJ Apa, who plays Archie in the show, plays a whole different role portraying Christian singer Jeremy Camp in the movie ";". The faith-based film is unlike many seen today where chaste romance is celebrated and faith in God is the most important thing in the world. Of course some will scoff at this, but others not familiar with these notions, will take notice. ";" magazine already has.";" is based on a true story that many people are unaware of about how Camp met his first wife, fell in love and then choose to stick with her when she got deathly ill. Jeremy (Apa) falls for Melissa (Britt Robertson) right away during his first year in college. He falls hard. He is relentless to get to know this girl and she seems interested but theres this other guy who gets in the way. Jean-Luc (Nathan Parsons) is a member of the music group The Kry who play at the college regularly. He not only befriends and mentors Jeremy but he also has a crush on Melissa. This little love triangle is intriguing, but unfortunately there isnt much to it. ";"The first half of the story is a happy little romance story that is pretty light and fun, but things turn serious when Melissa is diagnosed with ovarian cancer. Instead of running away, Jeremy chooses to stay Melissas side  firmly believing that God will heal her even when she wonders if she is supposed to be healed. (If you noticed the words first wife above you already have a spoiler alert about where this story is going to go.)";"KJ shows a lot of range with his acting skills with this movie. He also sings and plays the guitar too. He and Robertson fit together well like a hand in a glove. They have some experience though. They played a couple once before for the movie ";". Their love seems genuine and Hollywood should take note that it is possible to portray a chaste relationship that still comes across as believable. And when the story calls for this love to go deeper, KJ and Britt are able to do that too. When Melissa is sick and in the hospital, her sister (Melissa Roxburgh) tell Jeremy that he should go home to get some rest and he says, She is my home. There isnt anything that he wont do for this girl. At the same time, Melissa is not shown as a helpless victim or a woman in distress, but instead she is portrayed as a strong woman with an equally kind heart.";" is a wonderful romance story that goes beyond anything youll ever see on the Hallmark Channel. Its innocent, but not cheesy. But it is also a story about faith and trusting God even when it doesnt seem that He is listening. How can one trust God when He chooses not to heal?";"It is a tearjerker for sure, but I didnt find the story to be overly depressing. Instead, I found it to be very inspirational and one that I highly recommend parents take their teen kids to. There are messages here that kids wont find anywhere else and every man, young or old, should be inspired to have this kind of love for their own mate. My only criticism for the movie is the lack of character development of Jeremys parents. It feels like a missed opportunity. They are characters that could provide more to the story, but dont.";"Gary Sinise plays Jeremys father and a pastor who had big dreams that never seemed to have materialized. The movie doesnt give a lot of information about this. It would have been nice to learn more about this character and how he still manages to give sage advice despite his own disappointments. Shania Twain plays Jeremys mother and like Sinise, doesnt get a lot of screen time, but what she does have, she plays well.";"I guess I will say that I felt that some of the conflicts (other than the issue of Melissas illness) are fixed rather quickly. Perhaps the Irwins didnt want to detract too far from the films main messages which are presented well in a non-preachy but life-affirming way. Just like the Irwins last inspirational film, ";" will change a lot of lives for the better and I cant wait to see what these ";" come up with next.";"Fill in your details below or click an icon to log in:";"
			";"
			You are commenting using your WordPress.com account.			";"
			";"
		";"
			";"
			You are commenting using your Google account.			";"
			";"
		";"
			";"
			You are commenting using your Twitter account.			";"
			";"
		";"
			";"
			You are commenting using your Facebook account.			";"
			";"
		";"Connecting to %s";" ";" ";" ";"
";"
";"This site uses Akismet to reduce spam. ";".";" ";"   ";"
						
							Welcome Guest.
							
								Please ";" or ";".
							
						
					";"Home";"Film Reviews";"Movie Trailers";"Magazine";"UK Film Channel";"Festivals";"About";"Submit Your Film";"More";"";"Directed by ";" ";"Written by ";" ";"Starring ";" ";" by ";"Jeremy Camp is a good big brother, loves to play guitar, and is headed to college. His first day on campus he meets one of his Christian rock idols and locks eyes with a girl who captures his undivided attention. We follow his resulting journey through young adulthood in ";".";"There are two important things you should know going into this film. First, it is based on a true story. And second, the final screen shows a hotline that you can call if you have questions about your faith or God. Being tied to a specific sequence of events and having a specific agenda limit the story, and ultimately deny it any true depth.";"We never get to truly know the characters in ";". What they like, what they want, what their hopes or dreams are When asked what she wants to do when she graduates college, Melissa (";") responds I dont knoweverything? We never learn what anyone, even Jeremy, has enrolled in school to do. 
 
 Jeremy never seems to make any other friends at college, and instead aggressively pursues Melissa in a way so straightforward that even the charming KJ Apa (";") cant hide all the red flags. Every character is wholly defined by their relationship with God. Either they believe, and events continue to happen to them, or they feel doubt, in which case they break some things in emotional torment before events continue to happen to them. The narrative plays out like a toddler retelling a long story And then, and then, and then, and then.";"The original story is heartbreaking, filled with devotion to your loved ones, the power of faith, and how to continue being the person you want to be when your questions go unanswered. But that story never has an opportunity to develop because so little of this film focuses on character or relationship. And then, and then, and then";"The film is shot in the the visual style of other Hallmark and faith-inspo productions, all over-saturated golden hour shots. The style is very reminiscent of the A Dogs series, and coincidentally, Apa and Robertson last acted opposite each other in";". 
 
While Apa and Robertson are both masters of the recent realism acting style that comes with pauses, repeats, and ums, neither has an opportunity to deliver a great performance because of how hard they have to work against the script. Robertson most excels when she gets to interact with more emotional content and her turns in faith and fear anchor the middle third of the film.
 
Directed by Andrew Erwin and Jon Erwin (The Erwin Brothers), theres little offensive about the visual style of the film but also very little inspired. The strangest choice was to not update the film to modern time, and instead keep it in what looks like the early 2000s. The time and setting is never explained. I assume the setting is based on the real events, but the story doesnt need a time-preserved setting, and the presence of flip phones and landlines pull you out of the viewing experience immediately.
 
 ";" is a guilty pleasure film for a specific audience. It doesnt require any thought, it takes limp stabs at being profound, it sets up easy moments to sneak in a cry, and its real-life roots will make believers feel vaguely inspired. But, youd be hard pressed to find any critical merit in the production.";"
		";"
		";" ";"
	";"Ray wakes up with no memory of his past and Dr. Emil by his bedside. His body was donated by the military to Rising Spirit Technologies (RST) because his family didnt claim his body. Ray is RSTs first fully revived candidate. Dr. Emil introduces Ray to other candidates who were injured in battle. KT was a military diver whose lungs were damaged. RST installed a breathing apparatus that can filter all gases. Tibbs lost his eyesight in battle. RST installed cameras that feed information to his brain. Now, he can see everything. Dolton lost his legs to an ";". RST installed legs that are faster, stronger, and weaponized. Ray feels normal but Dr. Emil cuts his hand and puts it under a microscope. Ray can see nanites repairing his cut before it has a chance to bleed. Now, Ray is superhuman. KT sees Ray is having a hard time adjusting so she offers to help Ray remember which alcohol he likes. As they take shots, ";" is played over the speaker (";"). It jogs an agonizing memory. Before Ray died, Martin Axe drugged him and kidnapped his wife, Gina. Martin wanted to know how Ray knew about the hostage situation in Mombasa. Ray explains that he was following orders and never knew who leaked the information. Martin believes Ray but kills Gina with a bolt gun anyway. Ray tells Martin that Martin better kill him or Ray will end his life. Martin takes Ray on his suggestion and kills Ray. Now, Ray has two missions, find and kill Martin Axe. Ray leaves the RST compound but Dr. Emil tries to talk him down. Ray doesnt know the killer was planted in his head. Dr. Emil is using Ray to eliminate former RST employees that are a threat to his business. When Ray discovers the truth, he will need to gain control of his new augmented body and bring down his creator.";"Based on the ";", this movie doesnt hold a candle to the comic (";"). The plot is a mix of ";" and ";" but it still doesnt excite you. The graphics are cartoonish, the action mundane, and the plot overdone. Thank goodness for the comic relief Wilfred. His one-liners will make you laugh out loud. This lovable computer genius is the wingman or guy in the chair every superhero needs. If you want to see this movie, wait for ";".";"I give it 2 out of 5 stars";"  Gina";"  Wilfred";"  KT";"  Bloodshot";"  Dolton";"  Dr. Emil";" leaves home with a brand new guitar for ";". After some time on campus, he sneaks backstage to hear and get tips from musician Jean-Luc. Not only did Jean-Luc give Jeremy tips, but he also let Jeremy tune his guitar. As Jeremy switches out the guitar, he sees a beautiful girl in the crowd. After the concert, he introduces himself to Melissa. Melissa attends Calvary and finds Jeremy interesting. The next day, she sees him play guitar under a tree. She invites him to a bonfire and tells him to bring his guitar. At the bonfire, Jeremy is surprised to see Jean-Luc there with Melissa. She explains her relationship with Jean-Luc is complicated. Jean-Luc wants more from their friendship and sees her as a muse but she doesnt have the heart to tell him she doesnt see him that way. To impress Melissa, Jean-Luc helps Jeremy with his music career. Unknown to Jean-Luc, Jeremy and Melissa start to date. The couple breaks up after a few months because Jeremy is tired of being a secret. During winter break, Jeremy gets a phone call from Jean-Luc. Melissa was taken to the hospital and its bad. Melissa tells Jeremy she has ";". They removed a cancerous growth, the size of an orange, from her stomach and she will start chemotherapy soon. Jeremy gets the news and decides to do anything to keep the love of his life. So, they get engaged. He is inspired to write songs for and ask fans to pray for his wife. With those decisions, Jeremy will find the miracle before the ";". Through it all, he has to find the power to still believe.";"Based on ";", this movie is a moving tribute to Melissa and the legacy she wanted to leave behind (";"). She wanted Jeremy to use her story to make people believe in faith and hope, not lose it during hard times. It may not have the same outcome as ";", it does give you a powerful love story within a deeper love story. At the time, Jeremy did not understand why he had to go through so much pain. But in the end, you will see how everything  his pain, his love, his faith  came full circle. While you may not want to add this to your DVD collection, its still worth seeing in theaters.";"I give it 3 out of 5 stars";"  Jeremy";"  Tom";"  Melissa";"Categories: ";", ";", ";", ";", ";", ";", ";", ";", ";", ";", ";", ";", ";", ";", ";", ";"			";"Tagged as: ";", ";", ";", ";", ";", ";", ";", ";", ";", ";", ";", ";", ";", ";", ";", ";", ";", ";"Fill in your details below or click an icon to log in:";"
			";"
			You are commenting using your WordPress.com account.			";"
			";"
		";"
			";"
			You are commenting using your Google account.			";"
			";"
		";"
			";"
			You are commenting using your Twitter account.			";"
			";"
		";"
			";"
			You are commenting using your Facebook account.			";"
			";"
		";"Connecting to %s";" ";" ";" ";"
";"
";"Enter your email address to follow this blog and receive notifications of new posts by email.";"Join 261 other followers";"
                    ";"
                    ";"
                    ";"
                    ";"
                    ";"
					";"                    ";"
                ";"
		";"
		 ";"
	";"
		";"
		 ";"
	";"
		";"
		 ";"
	";"
		";"
		 ";"
	";"
		";"
		 ";"
	";"I Still Believe with its tear-inducing story will make it so, even if you arent a person of faith, youll get why some hold onto theirs so tightly  despite it all.";" I Still Believe is about Jeremy Camps relationship with his first with Melissa Henning. It begins in the fall of 1999, when they met in college, and takes us through the trials and tribulations they went through. Nothing too saucy, but with Jeremy believing they were fate and Melissa struggling with how she feels, things begin rocky. However, Jeremys consistency and events that change Melissas mind in his favor lead to the kind of romance that YA novel writers wish they could craft.";"Suffering doesnt destroy faith, it refines it.";"
 Melissa";"I honestly can not recall the last time I cried so much throughout a movie. And mind you, outside of its Christian spin, I Still Believe is essentially the same setup as the majority of YA novels in existence. Boy meets Girl, one isnt so sure about the other, one moment leads to a date, and then they are inseparable until the worst thing imaginable happens.";"But, while no story in existence is new, I will say that even with knowing the trajectory due to watching the IMAX fan event, which tells you what happens, I was still in tears at least once every few minutes. And when I say in tears, Im talking about crying from both eyes, getting choked up, and my chest tightening. Im talking about a serious emotional reaction, which I cant say is due to this story being real or because of the ";" acting.";"Leading men with charm arent hard to find. A white boy with hair, a good face, abs, and knows how to make a girl swoon is pretty much the minimum if you wish to work in anything beyond indie dramas. Apa, on the other hand, doesnt rest on the basics. In a movie about faith, you can see this drive behind his eyes and in every action as if, beyond knowing the story and having the script, he and Melissa will be together in the end, and you get sucked in so deep.";"In fact, even with knowing how things will end, while you may not have hope things will change, you get brought into each individual moment and find yourself gripping onto it. Hoping that you can just lull in the feeling before the inevitable hits.";"And part of what really enhances nearly every moment is you can clearly see Robertson becomes Melissa. Unlike many actors, whose charisma makes it so you can never disassociate the actor from the character, from seeing her at a faith concert and crying, she breaks away. And, in fact, she is probably going to be the one who triggers most of your tears. For there is just something about her reaction to Jeremy, the highs and lows, which brings you to this uncomfortable vulnerability. If not the kind of empathy that feels so foreign that it almost feels wrong to connect with someone on that level.";"Yet, in many ways, that is how faith is pushed in this film. As you watch Robertson react in concerts, how she talks about her relationship with God, it forces you to understand how, even while suffering and appearing like they are shunned, people still believe.";"Honestly, the only thing I can ding the movie for is that, be it the actual Jeremy Camps songs, or KJ Apas singing, the music didnt do a thing for me. Mind you, the movie had a mini-concert proceeding it";" featuring Lauren Daigle, whose discography I plan to have in constant rotation. However, while I recognize the simplicity of Camps music is likely backed by the same faith we saw Apa tap into as a romantic lead, something just felt flat about the music.";"Films rooted in faith arent necessarily our go-to. Like horror, were not against watching them, but there are precedents that keep our expectations low. But when it comes to I Still Believe, those expectations were unfounded and blown out of the water. The team which brought Jeremy Camps story to life hit you in every which way they can. They give you the kind of romance people could only dream of, performances that dont use the tragedy of the story as a crutch, and even if you arent a person of faith, you are left with an understanding of those who have it which may make you wish you could believe as they do.";"
";"
";"
";"
";"
";"
";"This site uses Akismet to reduce spam. ";".";"
";"
";"
";"
";"
";"
";"
";"
";"
";"
";"
";"
";"
";"
";"
";"Enter your email below to get the latest updates!";"Film Reviews, Sports, And Editorials From A Minarchist Perspective";"I Still Believe cannot find the sweet mix of scripture and entertainment and unlike I Can Only Imagine, the film isn't engaging or well acted to enough to create magic.";"Two years ago, Andrew and Jon Erwin, known as the Erwin Brothers struck gold with the film ";". The film was not only a box office hit but a critical hit with critics who look down on the christian movie genre.";"The Erwin Brothers believed they had found a formula of selling christian films to ";", however the strategy of doing so becomes the Achilles heel of ";".";"Following the model of ";", ";" is a film based on the true story of a popular christian signer. Jeremy Camp (KJ Apa) is a college student who moves from Indiana to California with dreams of becoming a successful musician. While in college, he meets the girl of his dreams Melissa(Britt Robertson), and falls head over heels in love.";"However, their relationship is tested from the jump as Melissa is stricken with terminal cancer and is given only months to live. Jeremys journey with Melissa not only shapes his life but the lives of many others who will become inspired by his tragedy and her story.";"In their attempt to bring in new audiences, ";" waters down its storytelling to the point of lulling audiences on both sides. Secular critics complain about storytelling in christian movies not because of its presentation, but its subject matter. You cant sell religion to those who despise it, especially if its Christianity.";" attempts to bring in those who have looked down on the genre for many years but dragging the unwillingly to church is just not the right idea. Not to mention, the attempt to open doors for the secular audience leaves your base with nothing genuine to sink their teeth into. Camps rise in the music scene is glossed over making an career a secondary plot point showing how the movie doesnt focus enough of details that strike interest.";"The films attempt to tone down scripture results in a pasted together excuse to fill lapses in dialogue with unlicensed christian music. The Erwin Brothers rely on young actors to carry the emotional weight of the scenes but they dont have the depth to do so, turning real conflict into melodrama.";" cannot find the sweet mix of scripture and entertainment and unlike I Can Only Imagine, the film isnt engaging or well acted to enough to create magic.";"";"";"1.5/5";"";"";"Dont Forget to Like and Subscribe to";"For Updates. Also, Follow This Blog at";"I watched Michael Caines A Shock to the System on Amazon prime the other day. It was written by noted successful Christian writer and conservative pundit Andrew Klavan. You can tell Klavans Christian beliefs were buried in the storys premises and never became overt messaging. The book version could be called a Christian story even though theres little evangelizing or quoting of scripture. I think this illustrates the road to changing, or in the idiom of the left, occupying the culture. The film makers, unfortunately, changed Klavans original ending which somewhat invalidated the point. Now presume, however, the film makers were also Christian and kept the Christian ending.";"Fill in your details below or click an icon to log in:";"
			";"
			You are commenting using your WordPress.com account.			";"
			";"
		";"
			";"
			You are commenting using your Google account.			";"
			";"
		";"
			";"
			You are commenting using your Twitter account.			";"
			";"
		";"
			";"
			You are commenting using your Facebook account.			";"
			";"
		";"Connecting to %s";" ";" ";" ";"
";"
";"No doubt ";"will win this years Tear Jerker of the Year Award. That is not to say it isnt heartwarming, romantic, funny, toe-tapping, and sweet. You see, I do have a heart! The most loveable couple of the year is comprised of bucolic actors KJ Apa and Britt Robertson. Blessed with God-given talent and way too beautiful for words, they are the two young nippers everybody will be cheering through their tears. Get out your handkerchiefs for a good cry. I love it when Im miserable watching a movie.";"Twenty-three year-old KJ Apa, a young Samoan-Kiwi actor from New Zealand, plays real-life singer-songwriter Jeremy Camp, seller of millions of Christian-based albums. As Jeremy, KJ gets to show off his own musical talent by being featured on several songs that have been released on a Capitol Records album. Despite the fact Apa came to prominence in America on the near-soap opera/ cartoon TV series Riverdale as Archie Andrews, hes a good actor and projects deep-felt emotion when it is called for in the script.";"Jeremy shows an affinity for music and follows in his dads footsteps. Dad is played authentically by Gary Sinese, himself a musician in real life. He gives Jeremy a guitar as he goes off to college -- and that sparks an interest in writing songs and performing. Jeremy is befriended by popular campus musician Jean-Luc, (Nathan Parsons) who gives him a chance to perform at college concerts where he becomes a huge hit, and all the girls are chasing him.";"When Jeremy meets cute the lovely Melissa on campus, he is overcome by his testosterone working overtime. What can they do but fall in love instantaneously? Shes gorgeous and hes drop-dead handsome, so nature goes into full gear. But wait! We must have some Shakespearean tragedy and drama to make the story interesting. Its all based on a true story, so we learn that Melissa develops ovarian cancer and becomes extremely ill. ";"SPOILER ALERT";"But no matter, she gets well and they decide to get married despite the odds against them. Britt Robertson as Melissa is beautifully tragic but loveable. Shes cute, spunky and just the right solution for Jeremys exploding hormones. Sometimes life is not all we expect of it, but perhaps there is a higher reason for tragedy placed at our feet. After they return from their honeymoon, Dr. Furst (Cameron Arnett) informs them that the cancer has spread.";"This movie is not depressing, but it is dramatic. Its also rather heart-warming to see how much the kids love each other. Plus, a lot of up-lifting music shows off Apas talent at performing. Hes so handsome that guys all over the world will be smashing their mirrors because they dont look like him. Hes a major up-and-coming movie star for sure.";"(Released by Lionsgate and rated PG for thematic material.)";" tells the true story of Christian singer Jeremy Camp (K.J. Apa) and his first wife Melissa Henning (Britt Robertson). In September of 1999 Jeremy was about to make his trip across the country to Calvary Chapel Bible College in California. Jeremys family all piled into the car to drop him off at the local bus station. Before sending their son off to college Tom (Gary Sinise) and Teri (Shania Twain) gift Jeremy with a beautiful guitar. Along with the guitar is the message to go write his story. With those words echoing in his head, that is exactly what Jeremy set out to do.";"Jeremy wastes no time. Immediately he finds his way backstage at a popular Christian bands concert and in good graces with their lead singer Jean-Luc (Nathan Dean). It was at this concert that Jeremy first sees Melissa. Jeremy would go on to say that was love at first sight. Melissa is incredibly religious and loves music  so Jeremy and Jean-Lucs Christian songs are a perfect combination for her. Before long Jeremy and Melissa begin spending more and more time together just as Jean-Luc is helping Jeremy get his music career off the ground. John-Luc gives Jeremy opportunities to play at his concerts and time in the recording studio.";"In December of that same year Melissa gets sick and a large tumor is removed from her stomach. After the surgery, she receives the terrible news that cancer has spread to her liver. Jeremy doesnt let this dissuade him from being with the women he loves. He immediately proposes to her and stays by her side, trying to nurse her back to health all while continuing his music career. During concerts and radio interviews, Jeremy asks people listening to pray for Melissa and for her to get better. Jeremy tells his fans, Ill do the playing, you do the praying. With love and faith guiding them, Jeremy and Melissa do all they can to overcome her cancer so they can try and live out the lives they dreamed of together.";" is an emotional roller coaster. The audience encounters the highest of highs and lowest of lows along with Jeremy and Melissa. Apa and Robertson deliver strong performances that drive the film forward. We experience a wide range of emotions from both and their chemistry on screen is undeniable. Another force behind ";" is music itself. Whenever possible director Andrew and Jon Erwin give us at least some melodic music in the background of scenes. That spliced with Jeremys concert performances and song writing, music is virtually crammed into every possible crevice in the film.";"There are some questionable moments and ";" is far from perfect. However, the film is a straightforward religious romance drama and if that is what you are looking for, it delivers. I dont see the film setting itself apart in any way or having any truly memorable moments, but that doesnt mean it isnt worth a watch. That being said, it is one that you can wait and catch on Netflix, just make sure to keep the tissues nearby.";" ";"
";"
";"Proud members of the Music City Film Critics Association (@MCFCA615)";"Welcome to another edition of the The Valero Verdict movie review. In this I will give you a quick movie review with a couple of bullet points of which I either liked or disliked. I will end the review with rating of the movie and a short overall thoughts.";"On the docket today, the faith based film based on Jeremy Camp, I Still Believe. ";"Not everyone believes in faith, and thats okay but for those who do, understand that faith is something that will carry you through each stage of your life. When we are challenged with the consistent struggles of life, how we react is always dependent on how deep our faith is.";"The movie follows Jeremy Camp who when we are introduced to him seems like a charming young man about to start his journey into college. We witness the jump start of his path to becoming a global sensation. He stumbles across Jean-Luc (by lying his way into backstage) who has already made it and Luc takes him under his wing.";"During the first concert, we are introduced to the relationship that would carry the rest of the film. The first time Camp (Apa) lays eyes on Melissa (Britt Robertson), you felt the instant chemistry between the two leads. How they decided to shoot this scene and how it played out was beautiful. They laid the bait and you were hooked.";"As the movie progresses we see that Jean-Luc is in love with Melissa which causes a mass issue with an interesting love triangle. We understand how this plays out but they do a good job of casting doubt. We have a very A Star is Born (Coopers version) as Luc introduces Camp to the stage unpredictably to sing a song he just wrote. This scene was riveting because it showed you for the first time how much Melissa was falling in love with Camp.";"The story of love has been told a million times in a million different ways but showing it through the eyes of faith, is something we have never seen before. What the movie gets right is that our journey along life doesnt always go according to plan, we will lose battles, we will have our faith tested but at the end of the day, God is good all the time. It may not happen the way we want or how we want, but God makes things work.";"The Erwin brothers did a good job of giving us the viewers hope, hope in the idea that love will prevail but things dont always go according to plan. The duo did a wonderful job of building us up all while setting it up to tear us down. Often what faith-based movies get wrong is trying to over Hollywood the film. But they did a wonderful job of witnessing the power of faith through two people unwilling to give up on each other.";"Robertson/Apa chemistry gave us the ability to believe (pun intended) was what made this movie stand out. They did a wonderful job of engaging us the viewer and taking us inside the minds of Jeremy and Melissa Camp.";"I wont pretend that I Still Believe is the best movie of the year but I will say it is very inspirational. Gunn/Erwin wrote a love story through the eyes of faith which saw Apa/Robertson sold us on the idea that Melissa/Jeremy were just like us. Its heartfelt, its warm and its real.";"Yes. This is a warm heart-felt love story. ";":";"Fill in your details below or click an icon to log in:";"
			";"
			You are commenting using your WordPress.com account.			";"
			";"
		";"
			";"
			You are commenting using your Google account.			";"
			";"
		";"
			";"
			You are commenting using your Twitter account.			";"
			";"
		";"
			";"
			You are commenting using your Facebook account.			";"
			";"
		";"Connecting to %s";" ";" ";" ";"
";"
";"This site uses Akismet to reduce spam. ";".";" ";"Alabaman filmmaking brothers Andrew and Jon Erwin (collectively credited as the Erwin Brothers) have been making Christian films for the better part of ten years, all of which are tailor-made for a secular young-adult audience. I first stumbled onto the pair in 2012, when I was involved in a Christian youth group (yep, I work with kids) and one of my colleagues introduced me to their anti-abortion drama ";" (2011), hoping itd sway me into taking faith-based cinema more seriously. And while sure, the movie wasnt great (its overly saccharine and not very subtle), I understood its appeal, as the film is competently shot and scripted, pretty accessible, and spoke directly to its target group. It didnt, however, compel me to check out the brothers subsequent efforts, including the sports drama ";" (2015), and their box-office smash ";" (2018).";"Given all the craziness of the current state of the world, I decided to give the Erwins another go with their latest, the romance-drama ";", which tells the real-life story of contemporary American Christian music singer-songwriter Jeremy Camp (";"s K.J. Apa), chiefly his early life and how me met his first wife, Melissa Henning (Britt Robertson), who was diagnosed with ovarian cancer shortly before they wed. The result is another watchable yet overly sanitized affair, a film so wholesome it makes all those Nicholas Sparks movies look edgy!";"Based on Camps memoir of the same name, the film opens in September 1999, when young Jeremy, a blessed aspiring musician, is about to wave goodbye to his family in Indiana and say hello to a new chapter of his life at Californias Calvary Chapel Bible College. Once in the sun-kissed state with nothing but a guitar, Jeremy attends a gig where he winds up befriending famous worship group frontman Jean-Luc LaJoie from The Kry (played by Nathan Parsons), who, for reasons unknown, is still hanging around his old campus. It turns out that Jean-Luc has eyes on a wholesome blonde student named Melissa, who happens to be the very same girl that our Jeremy falls head-over-heels with at first sight. Jeremy and Melissa eventually begin to date in secret (we see the couple on the beach and going through day-to-day moments in their relationship), with Melissa afraid that Jean-Luc  whos close friends with Melissa and offers to mentor wannabe musician Jeremy  might find out.";"Once the love triangle is resolved, the pair are hit with an even tougher hurdle as Melissa is diagnosed with stage three ovarian cancer. This news doesnt deter Jeremy, though; in fact, it has the opposite effect, as the love-struck musician asks for her hand in marriage at the hospital where shes being treated, and, as Jeremys father puts it, chooses to walk into the fire with her. From here, the couple navigates the trials and tribulations that lie ahead, all the while holding onto their faith and the knowledge that God has their futures fully mapped out.";"Those familiar with Camps life and career probably know full well where the story is headed, and the Erwin Brothers use familiar tropes to take us through the journey  even the most casual of viewers should be able to foresee the outcome. Fans hoping to get more insight into Camps musical passage might also find themselves disappointed as this is barely explored here  he literally goes from singing in college to preaching to large crowds of people, with nothing in between about his record deals, rise to fame, or impact on the Christian music industry. There are a few scenes where Jeremy asks folks to pray for his wife over national radio, but thats about it. Even the songs, performed here by the talented Apa, all kind of meld into each other, with no defining musical moments bar maybe Camps titular track.";"With that said, bankable leads K.J. Apa and Britt Robertson have some great chemistry and really bring their thinly written characters to life, their movie star charisma lifting the film above its Hallmark Movie Channel aesthetic. Apa is believable as Camp and totally sells his characters emotional arc, where he discovers that suffering and faith are inextricably linked. Similarly, Robertsons is pretty endearing as Melissa  she aspires to be a wife and child-bearer, which are considered valuable vocations through Christian goggles, writes Bible notes on a whiteboard outside her dorm room, and stresses about breaking her promise to God, where she says shed focus on work during the semester rather than boys. Scenes where Apa and Robertson are together shine, even if weve seen a dozen other movies where doomed lovers stare at starlit skies and talk about constellations.";"Shania Twain is underused as Jeremys mother Terry, the Canadian singer-songwriter showing up in more of a cameo role (and nope, she doesnt get to sing). Likewise, Gary Sinise, ";" (1994), plays against type as Jeremys dad Tom, the veteran performer nailing a powerful scene in the movies third act. Melissa Roxburgh, ";" (2016), has a small part as Melissas supportive sister Heather, as does Reuben Dodd, ";" (2019), who is sweet as Jeremys disabled younger brother Josh, filmmakers using Jeremys interactions with his handicapped sibling to underline a subtle pro-life message.";"All told, theres no denying that theres power in Camps story, irrespective of how safe the Erwin Brothers play it. Yes, its messages might feel forced, and its structure formulaic, but ";" will speak to, and deeply affect the Christian crowd. Who knows, it might even convert some of those ";" non-believers, wholl track this one down because of star K.J. Apa.";"Reviewed by Mr. Movie";" is released through ";"Fill in your details below or click an icon to log in:";"
			";"
			You are commenting using your WordPress.com account.			";"
			";"
		";"
			";"
			You are commenting using your Google account.			";"
			";"
		";"
			";"
			You are commenting using your Twitter account.			";"
			";"
		";"
			";"
			You are commenting using your Facebook account.			";"
			";"
		";"Connecting to %s";" ";" ";" ";"
";"
";"This site uses Akismet to reduce spam. ";".";"Enter your email address to follow Mr. Movie's Film Blog and receive notifications of new posts by email.";"Join 408 other followers";"
                    ";"
                    ";"
                    ";"
                    ";"
                    ";"
					";"                    ";"
                ";" 2020 ";".";"About 2 years ago I talked about a film called ";", a biblical sermon disguised as a film made by people who dont know how films work. In that review, I made the point that a film is going to need more than just religion to work for me. Sure, religion can be an element, but if the entire thing is basically a sermon then Im not going to be kind to it no matter what the religion is. Enter ";", a biopic (of sorts) about a contemporary Christian musician named Jeremy Camp and how he met his first wife while making his rise to fame. In theory, this film does what Im talking about. Faith is a huge factor in the story but there is a story outside of the faith. In theory, Im OK with this. In practice, its a hard pass from me.";"The story of Jeremy Camp (K.J. Apa) is one that starts in a very similar way to a lot of these kinds of movies with a young Jeremy heading to college and seeing a concert by a band he likes. He talks to the lead singer, Jean-Luc (Nathan Parsons) for hints about how to be a better musician which eventually leads to Jeremy playing a song at one of Jean-Lucs concerts. Its through this performance that Jeremy meets Melissa (Britt Robertson) and falls head over heels for her. From there, the bulk of their love story consists of a strange argument with Jean-Luc and eventually Melissas tragic battle with ovarian cancer. Throughout these hardships, the couples love is tested and their faith is well, unwavering, having them reach a crisis of faith wouldve been interesting and we cant have that.";"Lets get this out of the way now, this is based on what really happened to Jeremy Camp and his first wife and I do not in any way mean to disparage them as people. I do not know them as people, I know them as characters that were written by three unrelated people and directed by two other unrelated people. Jeremys story of love and loss is a tragic one when HE tells it. Hes not the one telling it here, a team of writers are telling it and they do not do it justice in any way. Instead of focusing on the people, they focussed on the faith and forgot that were doing a movie and not a sermon about how awesome Jesus is. This is a story about a woman dying of cancer and still marrying the man she loves while he tries to become a singer. Its";", how is this so hard?";"One of the big problems with the movie is that it fast forwards through the actually interesting parts. Most of the actual courtship between Jeremy and Melissa is relegated to nothing more than a simple montage and then a different montage covers most of Melissas cancer treatment. The two times we could get to know these people, were denied it because instead, we need to keep cutting back to a shot of K.J. Apa trying his best to look confident on a stage while he plays 4 separate songs that all sound the same. Seriously, Im convinced every song thats played on screen is the same song with different words. I know a lot of pop music sounds the same, but this is borderline identical and considering Jeremy Camp has a long list of songs you couldve picked some that sounded a little different (I assume he has some songs that sound different, Im not going to go listen to his entire catalogue because this kind of music does less than nothing for me). Maybe Ive just been spoiled by ";", but you dont need to rely on time-period appropriate song choices, you could just pick anything that helps tell the story.";"The story itself just doesnt work in how its being told. Its so toothless and saccharine that when we have these big moments like, just an example out of nowhere, Melissa coughing up blood it ends up not working because theres no time for the impact of the actual intense moments to hit home. They spend so much time on their faith that we lose track of the human story, and sometimes the faith makes it impossible for the audience to engage in this genuinely emotional story. It is, sincerely, an emotional heartfelt story about a young couple who fall in love and are torn apart by death. Shakespeare literally became an icon telling that exact story but we dont get that emotional story. Instead, we get either I feel better, its a miracle or Im still dying, thats Gods plan.";"Again, I do not know if the real Melissa said that her cancer was part of Gods plan. I dont know, some people do genuinely say that and if they need to say that then fine I personally cant abide that kind of thing. I especially cant abide it when no one questions it, they still fight the illness using chemotherapy and then thank God when suddenly the cancer seems to have gone this was the point when it became clear they were not talking about the characters anymore. This movie stopped being about Jeremy and Melissa at that point and became about two generic believers who will just praise God no matter what and have no personalities or character traits outside of loving God. Thats a constant problem in this kind of movie, they portray believers as having no other facets outside of their belief in god. They stop being human at that point and its hard to care about them, even when going through tragedy. Its also hard to care because theyre badly written.";"So, earlier in this review, I mentioned Jean-Luc, leader of a band that Jeremy likes. Well, he has another purpose in the story attempting to be part of a love triangle. For the first half of this movie, Melissa and Jeremy dont openly admit theyre dating and its stated its because Melissa didnt want to hurt Jean-Luc. Jean-Luc and Melissa arent actually dating, theyre just friends but its played like they both know Jean-Luc is in love with Melissa. Its there so that we can have that moment of conflict when Jean-Luc finds out and thats it, this big plotline is there for a moment of conflict that means nothing in the long run. Hell, it meant nothing when it happened because the second you see Jean-Lucs reaction the immediate reaction is Why the hell do you care? Youre not involved in this. It turns him into a creepy stalker instead of the third wheel they were trying to make him into. The writers know that good stories have conflict, but they arent allowed to make the conflict into something interesting (like a loss of faith, for example) so they went the romantic classic You cheated on me scenario but couldnt go all the way with it, creating this awkward character dynamic that never works.";"Speaking of never works, lets talk about doubt. The way to tell this kind of story properly would be to have the things that Melissa goes through test Jeremys faith, losing her means that he may as well not believe anymore. This is how a good storyteller might spin this but not only do we not have one of those, were dealing with a real persons story AND were here to preach the gospel above anything else so any actual moments of doubt have to be brought up once in one conversation with Jeremys father near the end, it lasts maybe 30 seconds and never impacts the plot. They pay lip service to the idea but dismiss it, denying the character an emotional breakthrough which sucks because K.J. Apa is actually pretty good in this film and shows off a lot of talent, he wouldve destroyed with a scene of actually getting angry at God for taking his soulmate away but we arent here to tell a story, were here to preach.";"What ";" needed to do was just be a documentary about Jeremy. The film ends with a brief bit of footage with the real Jeremy Camp and when he talks theres genuine emotion there. Dont bother telling me the story through the lens of this attempted romantic drama, just have Jeremy tell Melissas story with all the raw details you can only get from first-hand knowledge. Thats what this story needed for it to work, but it got ground through the Christian Film machine and came out as an edgeless pointless ball of boredom with good performers trying to tell a real story thats been badly translated. I tried to believe, but sadly I just cant.";"
						";"
		";"Fill in your details below or click an icon to log in:";"
			";"
			You are commenting using your WordPress.com account.			";"
			";"
		";"
			";"
			You are commenting using your Google account.			";"
			";"
		";"
			";"
			You are commenting using your Twitter account.			";"
			";"
		";"
			";"
			You are commenting using your Facebook account.			";"
			";"
		";"Connecting to %s";" ";" ";" ";"
";"
";"This site uses Akismet to reduce spam. ";".";"This is a place where Ill be putting quick reviews of movies Ive seen";"Enter your email address to follow this blog and receive notifications of new posts by email.";"
                    ";"
                    ";"
                    ";"
                    ";"
                    ";"
					";"                    ";"
                ";"
	";"
";"

		
							";"
			
		
		";"		";"
		";"		";"
		";"		";"
		";"		";"
		";"		";"
		";"		";"
		";"		";"
		";"		";"
		";"
					This website uses cookies to improve your experience. We'll assume you're ok with this, but you can opt-out if you wish.
					";"

											";"
									";"Right away, most audiences have probably already seen";"in one form or another before but as these types of films go, thats not necessarily the point. Its also sometimes about the escapism of seeing younger, good-looking people falling in love on screen though in this case, its a little more than that with religious themes thrown into the mix. The latter will certainly be a moot point for audiences as the film certainly will not be for everyone, assuming they can look past the romance angle obviously. Though it is based on a true story with religious themes, the film overplays its religious overtones in an arguably overly-contrived way that permeates throughout the film, that is both irritating at times and also unintentionally hilarious at others. Suffice it to say that those who are not religiously-inclined will simply be rolling their eyes at the events of the film while those who are should find more than enough to enjoy here.";"is based on the true story of the famed Christian music star Jeremy Camp (Apa) and his emotional rollercoaster of a relationship with a woman named Melissa (Robertson). Those familiar with the true story or anyone who has seen any of the films promotional material can more or less figure out how the story will go which pretty much takes any type of fun or interest away from it as nothing should come as much of a surprise to anyone. Just another story of two seemingly incompatible people inevitably falling in love with another over time because they are good looking and because obviously. Meeting at a Christian college, Jeremy was an aspiring singer and songwriter while Melissa was something but was also a big Christian music fan. Of course religion was the driving force of their relationship and throughout their mostly ups and downs, thats what they had on their side.";"The story was incredibly dull to watch as these characters had almost no chemistry and faced little to no serious adversity whatsoever. As Jeremy was on the rise in the music scene and he and Melissa grew closer, Melissa would be stricken with cancer out of nowhere. Her strong belief in God and Gods plan was certainly infectious. Regardless of what may or may not happen to her, it all was his plan and she had faith in that. Throughout her many hardships, Jeremys faith was tested but he still remained by her side as his love of Melissa never waned. Though they relied on the power of their faith to get them through, something had to give. With a running time of just under 2 hours, theres only so much of this one person can take. The film definitely could have been 10-15 minutes shorter as it goes out of its way on countless occasions to justify itself ";".";"While its extremely cheesy dialog didnt do it any favors, the best part of";"was Apas performance as Jeremy. He brings boatloads of charisma to the role and was still somewhat compelling to watch despite being handcuffed by the material. Meanwhile, he also sang and played guitar and surprisingly wasnt bad. The other side of the spectrum unfortunately was Robertsons Melissa whose performance screamed";"being held against her will. While she was saddled with most of the cheesy dialog, her unnatural performance was painful to watch as she was seemingly stringed along by Apa. If it wasnt for him, the films central relationship would have faced a much different fate. The film wants us to care about them and their story but while it wasnt necessarily the actors fault, it certainly was difficult to do so.";"In the end. some people will still believe in";"and thats fine but for those who dont believe, it will not change your mind.";"If you liked this, please read our other reviews";"anddont forget to follow us on";"or";"or like us on";"Enter your email address to subscribe to this blog and receive notifications of new posts by email.";"Join 8,125 other subscribers";"
                        ";"
                        ";"
                    ";"
                        ";"
                        ";"
                        ";"
                        ";"
						                        ";"
                    ";"Jeremy Camp is a good big brother,
loves to play guitar, and is headed to college. His first day on campus he
meets one of his Christian rock idols and locks eyes with a girl who captures
his undivided attention. We follow his resulting journey through young
adulthood in ";".";"There are two important things you
should know going into this film. First, it is based on a true story. And
second, the final screen shows a hotline that you can call if you have
questions about your faith or God. Being tied to a specific sequence of events
and having a specific agenda limit the story, and ultimately deny it any true
depth.";"We never get to truly know the characters in ";". What they like, what they want, what their hopes or dreams are When asked what she wants to do when she graduates college, Melissa (";") responds I dont knoweverything? We never learn what anyone, even Jeremy, has enrolled in school to do. ";" ";" Jeremy never seems to make any other friends at college, and instead aggressively pursues Melissa in a way so straightforward that even the charming KJ Apa (";") cant hide all the red flags. Every character is wholly defined by their relationship with God. Either they believe, and events continue to happen to them, or they feel doubt, in which case they break some things in emotional torment before events continue to happen to them. The narrative plays out like a toddler retelling a long story And then, and then, and then, and then. ";"The original story is heartbreaking, filled with devotion to your loved ones, the power of faith, and how to continue being the person you want to be when your questions go unanswered. But that story never has an opportunity to develop because so little of this film focuses on character or relationship. And then, and then, and then";"The film is shot in the the visual style of other Hallmark and faith-inspo productions, all over-saturated golden hour shots. The style is very reminiscent of the A Dogs series, and coincidentally, Apa and Robertson last acted opposite each other in";". ";" ";"While Apa and Robertson are both masters of the recent realism acting style that comes with pauses, repeats, and ums, neither has an opportunity to deliver a great performance because of how hard they have to work against the script. Robertson most excels when she gets to interact with more emotional content and her turns in faith and fear anchor the middle third of the film.";" ";"Directed by Andrew Erwin and Jon Erwin (The Erwin Brothers), theres little offensive about the visual style of the film but also very little inspired. The strangest choice was to not update the film to modern time, and instead keep it in what looks like the early 2000s. The time and setting is never explained. I assume the setting is based on the real events, but the story doesnt need a time-preserved setting, and the presence of flip phones and landlines pull you out of the viewing experience immediately.";" ";" ";" is a guilty pleasure film for a specific audience. It doesnt require any thought, it takes limp stabs at being profound, it sets up easy moments to sneak in a cry, and its real-life roots will make believers feel vaguely inspired. But, youd be hard pressed to find any critical merit in the production.";"";"";"";"";"Read other posts by ";"Out of the Furnace by Hope Madden Just in time for the holidays, a bleak look at desperation, blood ties,";"Eat That Question: Frank Zappa in His Own Words by Hope Madden There is no word nor any sound that";"High Life by George Wolf In tackling the final frontier, it's not surprising that unconventional filmmaker Claire Denis shows little";" ";" ";"
";"
";"Gamerheadquarters - Games, Movies";" I still believe is a true story based on Christian, Jeremy Camp (KJ Apa) This movie takes us on his journey through love, loss, faith and all the hardships that come with it. He is a signer songwriter from Lafayette, Indiana. The movie starts with Jeremey heading off to Calvary Chapel Bible College in Murrieta, California where he meets a girl named Melissa Henning (Britt Robertson). Their relationship is not an easy one and early on they are faced with life altering decisions. ";"Melissa gets sick and tries to push Jeremy away but he knows shes the one and chooses to stand by her side no matter what. Through everything they have faith that God has a plan and that she will be healed. This movie shows us both Jeremy and Melissas story and how strong these two are individually but also how strong they are together. It takes us on a rollercoaster of emotions and shows us what true faith really is.";"
";"
";"
";" I thought this cast was really well chosen and complimented each other very well. The acting didnt feel forced and you really believed their story. Knowing that this was a true story made it even more meaningful. Kj Apa did an amazing job playing Jeremy Camp and Britt Robertson really gave it her all with Mellissas character. ";"The songs that were chosen and the way they were played wasnt over the top and I think even people who dont know what their faith is will love this movie. (as long as you are okay with crying). This movie did a very good job with keeping you on the edge of your seat, not fully knowing what was going to happen. ";" This story brings you sadness, joy and hope. You want to believe everything is going to work out and that it will be a happily ever after but God doesnt always work that way. It shows you that its okay to have questions, its okay to not know all the answers and its okay to be angry. ";"I still Believe doesnt shy away from the hardships and wasnt scared to show that its okay to move on. I really enjoyed this movie and the lesson it can teach you. Loss is tough, pain is tough to handle but its about not giving up, not giving into the pain. This movie, this true story is something I would recommend, even if you dont have a religion.
";"
  ";"I Still Believe Review at Theater with Standard Viewing";"Screening Provided by Allied";" | ";" | ";" | ";" | ";" | ";" | ";" | ";" | ";" | ";" | ";" |";"
					Your source for movie reviews on the theatrical and home fronts				";"I STILL BELIEVE";"
**1/2 (out of four)";"
DIRECTED BY The Erwin Brothers";"
STARS KJ Apa, Britt Robertson";"
(out of four)";"
";" The Erwin Brothers";"
";" KJ Apa, Britt Robertson";"The problem with faith-based films isnt just the sledgehammer proselytizing and the insulated us-against-them condescension but also the shoddy production values. The spoken-to choir may not mind, but others understandably have trouble with movies that feel no more professional than a skit performed by a third-grade class.";"After churning out a few films of this nature, Andrew and Jon Erwin (billed as The Erwin Brothers) found their footing with 2018s ";". With an excellent central performance by J. Michael Finley, a name supporting player in Dennis Quaid, and a general air of competence, this biopic of MercyMe lead singer Bart Millard walked and talked like a bona fide motion picture rather than a GOP campaign pledge  no wonder it became a breakout hit ($83 million stateside) that played beyond its target audience.";"The siblings latest picture, ";", follows suit: Like ";", its a true story thats crafted as a compilation of well-worn cinematic clichs and melodramatic beats, but its offered in a slick manner that never interferes with whats being presented.";"This one is also a musical biopic  in this case, the story of Christian singer-songwriter Jeremy Camp (played by ";"s KJ Apa) and the love of his life, Melissa Henning (Charlotte native and ";" star Britt Robertson). Meeting in college, the two almost immediately fall in love, but their romance is interrupted by the fact that Melissas body is riddled with cancer. Remaining by her side, Jeremy proposes to her, even though he knows their marriage will be short-lived.";"The unique angle of this picture is about remaining faithful to God not when miracles occur (which is easy) but even when terrible things transpire. The movie doesnt shy away from examining this conflict, although the answers it provides may not always satisfy. Jeremys dad (Gary Sinise) states that his life is full not despite the tragedies but because of them. So his life is full because his sons wife died? Thats a sentiment that smacks of There but for the grace of God go I or Better her than me. Jeremy nods understandingly; I think a more appropriate response would be a punch in the nose.";"Nevertheless, ";" has its sincerity in the right place, and its polished skill makes it easier to have faith in similar upcoming projects.";"Fill in your details below or click an icon to log in:";"
			";"
			You are commenting using your WordPress.com account.			";"
			";"
		";"
			";"
			You are commenting using your Google account.			";"
			";"
		";"
			";"
			You are commenting using your Twitter account.			";"
			";"
		";"
			";"
			You are commenting using your Facebook account.			";"
			";"
		";"Connecting to %s";" ";" ";" ";"
";"
";"Enter your email address to follow this site and receive notifications of new posts by email.";"
                    ";"
                    ";"
                    ";"
                    ";"
                    ";"
					";"                    ";"
                ";"
      ";"
    ";"See top picks for your kid in Common Sense Media Plus. ";"Searching for streaming and purchasing options ...";"Common Sense is a nonprofit organization. Your purchase helps us remain independent and ad-free.";"Searching for streaming and purchasing options ...";"Common Sense is a nonprofit organization. Your purchase helps us remain independent and ad-free.";"Lots of encouragingfaith-based messages, withbiggest one being that there may be purpose for some pain, suffering, loss. God answers prayers, even if it doesn't always play out as you think. Themes include communication, courage, gratitude, humility.";"There's really no one in this film who ";" a role model; people aren't just good -- they're amazing. One instance in which better choices could have been made, but situationcame with good intentions. While cast isn't especially diverse, representation-wise, some children with disabilities are included -- e.g.,Jeremy's brotherJosh,who has Down syndrome.";"No aggressive violence, butfilm is about illness, dying, death, with some scenes of pain and peril.Anger/upset caused by illness/being alone is taken out on inanimate objects.";"Romance is key to the plot, and there's kissing, mostly once the central couple gets engaged.";"Parents need to know that ";" is based on the real-life love story ofChristian rock artist Jeremy Camp (";"'s ";") and his first wife, Melissa(";"), who gets ovarian cancer shortly after they meet. Despiteher terminal diagnosis, Jeremy proposes and stands by her side as she fights the illness and their love deepens. If you're in the market for role models, look no further: This couple is as wholesome as they come (the only villain here is cancer). They don't even kiss until they first say ""I love you."" In fact, theirlove is so idealistic that the only potential concern is that it mightsetup unrealistic expectations for kids. While iffy content is minimal and positive faith-based messages/themes abound -- including the value of communication, courage, gratitude, and humility -- the story's focus on sickness, dying, and death could be too much for younger or more sensitive kids.";"Set preferences and get age-appropriate recommendations with Common Sense Media Plus. ";"When musician Jeremy Camp (";") sees Melissa Henning (";"), it's love at first sight. But she's already in a relationship of sorts with Camp's music hero. As he tries to win her over while being respectful to his friend,the couple eventually learns that there's a much harsher obstacle in their path. The movie is adapted from the Christian music superstar's autobiography, which is also titled I STILL BELIEVE.";"This love story has the heart swells of ";" the unexpected twists of a ";" novel, and the anguish of ";":The proof is your depletedtissue box. What elevates ";" is that it's true. If it weren't, it would be too sappy and overwrought to accept as reality. But Camp has been telling this story at concerts for years, and the events really did happen to him and his first wife, Melissa. Most of the story takes place at the Orange County Bible college that Jeremy and Melissa attended, and there's not a shady character here: These kids do the right thing, strive to make good choices, and are all-around great role models. There is amoment in which their actions are hurtful to someone -- and you'll definitely want to talk with kids about what might have been a better way to handle it -- but it's easy to appreciate that at least their hearts werein the right place. Yes, Jeremy and Melissamay be too good to be true (and, really,who would begrudge them perfection?), but they're just the kind of peoplemost parents would like their kids to spend time with.";"This is a full-fledged faith-based film, and it's a victory for the Christian creative community. A tragic, young adult, music-centered biopic romance is a brilliantapproach: ";"mixes ";" with ";"And kudos to directors ";" for having the self-restraint to not make the movieabout Camp's rising-star status, instead, letting that occur subtly in the background. The film isbeautifully shot -- if only we could all live in a world lit by cinematographer Kristopher Kimlin. From characters luxuriating in asun-drenched room to a smoky haze beaming through the window, Kimlin may have invented a ""God"" filter. Apa and Robertson are marvelous together, and co-star ";"exhibits a natural ease. While the script could use some punching up, overall, it's on par with most romance movies. Andsure, there area couple of things that a cynic could take shots at, but considering the squeaky clean story, admirable characters, and positive approach to some of life's most difficult moments, parents may think their prayers have been answered.";"Families can talk about their beliefs. Did ";" change or affirm any of your opinions?";"What do you think thefilmmakers want you to take away from watching? How do the characters demonstrate ";", ";", ";", and ";"? Why are those important character strengths?";"You could argue that this film is both a drama and a romance. Which do you think it is primarily? Does a movie have to be one genre or another? Can it be more than one thing?";"Does the film play into traditional gender roles/stereotypes?";"Jeremy and Melissa always mean well, but there's a moment in which they hurt someone. What might have been a better way to handle it?";"Find more movies that help kids build character.";"Browse titles with similar subject matter.";"Common Sense Media's unbiased ratings are created by expert reviewers and aren't influenced by the product's creators or by any of our funders, affiliates, or partners.";"Common Sense Media, a nonprofit organization, earns a small affiliate fee from Amazon or iTunes when you use our links to make a purchase. Thank you for your support.";"Our ratings are based on child development best practices. We display the minimum age for which content is developmentally appropriate. The star rating reflects overall quality.";"
";"
";"
";"";"";"
";"This site uses Akismet to reduce spam. ";".";"Receive notifications of new posts by email.";"Join 167 other subscribers";"
                        ";"
                        ";"
                    ";"
                        ";"
                        ";"
                        ";"
                        ";"
						                        ";"
                    ";"
";"
";"Christian Entertainment News and Reviews";"Jeremy Camp didnt grow up with much, but he always had the love of his family, which is why they supported him in his dream to pursue a music career.  When he attended a Christian college to fulfill this goal, Jeremy unexpectedly met Melissa Henning, who he quickly fell in love with.  However, as Jeremy and Melissa grew closer together, they embarked on a harrowing and arduous journey into the unknown as Melissa battled cancer.  Through the twists and turns, they discovered that God is always present in the midst of suffering and that theres always a purpose to pain.";"Its no surprise that, after the success of ";", the Erwin brothers and their team have crafted yet another perfect production.  ";" hits all the right notes in every aspect of production, including video quality, camera work, audio quality, sets, locations, and props.  Many camera angles are creatively artistic, and the soundtrack is a huge plus as it enhances the audience experience in all portions of the film and seamlessly integrates Camps music without turning it into a product placement.  Further, the editing professional handles a story that is obviously difficult to properly present due to its scope.  In short, there is nothing negative to note in this section.";"The Erwin Brothers, along with Jon Gunn, have no doubt mastered the art of the biopic as they have wisely chosen to focus their movie-making efforts on adapting real life stories into feature films.  Though ";" is a slight departure from the traditional Erwin brand since it zeroes in on a very small collection of characters, there are still no concerns with this storytelling adjustment.  This narrative may signal a new era of Erwin creations, but its still another installment in their history of reliably quality offerings.  In many ways, ";" is almost two different movies as the first and second halves are quite different in tone, but these talented screenwriters correctly applied their God-given skills to weave the source material into a life-changing plot that will resound with many viewers from diverse backgrounds.  Based off of real people, the characters therein are very poignant and relatable via realistic and profound dialogue that brings the story to life.  Musical montages are responsibly used and dont encroach upon important conversations that build characters; similarly, creative overlays effectively aid the complex plot presentation.  Further, there are clear themes that are used throughout the film and serve to tie the major points together.  Essentially, there are no issues to note in this section either.";"Once again, in ";", the Erwin collective proves that they take great care in their casting and acting coaching work.  Even though some of the cast members dont entirely represent the real people they are portraying (which is the movies only flaw), every performance is still on point.  Line delivery and emotional delivery are basically flawless as the audience is able to easily experience the characters feelings.  Though this is a relatively small cast compared to previous Erwin projects, it still shines nonetheless and rounds out another blockbuster hit for the brothers.";"Jeremy Camps compelling backstory was absolutely worth bringing to the big screen and will no doubt lead to further success for Kingdom Story Company.  ";" receives an additional x-factor point for being realistic, re-watchable, and generally worthwhile for all audiences.  Many viewers will enjoy this film, and its likely to leave lasting impact on the Christian entertainment market.  However, no matter what, we still highly recommend this film for all Christians and always look forward to future Erwin productions.";"Fill in your details below or click an icon to log in:";"
			";"
			You are commenting using your WordPress.com account.			";"
			";"
		";"
			";"
			You are commenting using your Google account.			";"
			";"
		";"
			";"
			You are commenting using your Twitter account.			";"
			";"
		";"
			";"
			You are commenting using your Facebook account.			";"
			";"
		";"Connecting to %s";" ";" ";" ";"
";"
";"This Review Reveals Minor Details About the Plot.";"
";" is suffused with
contemporary Christian culture. In it one Tom Camp (Gary Sinise) had
become an ordained minister with high hopes for his ministry. He married
one of his cute, young, adoring fans (Melissa Roxburgh,) and then
family responsibilitiesespecially with
a special needs child (Reuben Dodd)forced him to take a secular
job in Lafayette, Indiana. There just wasn't enough money for a starting
preacher to maintain a family. In 1999 though strapped for cash he
sends his oldest son, Jeremy Camp (K.J. Apa) off to Calvary Chapel
College his alma mater in California. Theirs is a tight knit family
and Jeremy's folks splurge to give him a new acoustic guitar to go
with his gift of music.";"
";"Jeremy
shows his family a parlor trick with magnets demonstrating his
belief that one can have what he thinks about, what he sets his mind
on. At school he quickly spots a beauty in a Christian rocker concert
and after the show starts hitting on her. Being a lover like his dad
he eventually gets Melissa Henning (Britt Robertson) to agree to
one date with him. She's an upperclassman who by
now should have availed herself of plenty of one dates, but no, she
has been hanging out with a clique of friends instead. Therefore when
lover boy Jeremy presses her on to their destiny, their awkwardness due to
inexperience interferes with smooth sailing.";"
";"Melissa is conflicted.
Her friend since Freshman year Jean-Luc (Nathan Parsons) is wanting
more than just friendship, a feeling she does not reciprocate,
but she doesn't want to disappoint him. Consequently, she must
pretend to others that she and her boyfriend Jeremy are just
friends, while pretending to Jean-Luc that she's just slow deciding.
This inner mental turmoil over failure to discriminate a boyfriend
from a just-friends fellow manifests in her body being racked with
an indiscriminate cancer affecting all her organs. As an artistic
touch her black ";"Furst portrays
no (race) discrimination in southern California.";"
When college boy arrives at his destination, we see displayed a banner
reading ";". The proverbs include: (";") There be four things which
are little upon the earth, but they are exceeding wise: It behooves
us here to look at what these four little wise things be.";"
(";") The ants are a
people not strong, yet they prepare their meat in the summer. 
The summer of life (youth) is the time to start squirrelling away
resources for the winter time (old age.) Jeremy did not have a strong
act to begin with, but on day one he finagled his way into tuning
the stage guitars for performer Jean-Luc. He couldn't have been tipped
all that much, but it was an immediate career start.";"
(";") The conies are
but a feeble folk, yet make they their houses in the rocks.
Location has a salutary effect on business. Here on the west coast
Calvary Chapel has long enjoyed a good reputation for their music
ministry. This was a good location for a budding Christian musician
to set up shop.";"
(";") The locusts have
no king, yet go they forth all of them by bands. Jeremy soon
got in with an informal group of musician friends who included Jean-Luc
to give him pointers and pass his demo tape along, as well as Melissa
to sing with him and encourage his writing.";"
(";") The spider taketh
hold with her hands, and is in kings' palaces.  The spider
does well once it finds a happy niche. The suffering Jeremy experienced
in his relations with Melissa colored his music to appeal to many
others who'd suffered in their own lives and needed assurance that
God is there for them regardless. In his Christian rocker niche,
Jeremy sold five million albums, also other media, and was easily
able to support a wife and children from his earnings.";"
";" (2020)
was directed by Andrew Erwin. It was written by Jon Gunn and Jon Erwin
who helped direct it. It stars Britt Robertson, K.J. Apa, and
Melissa Roxburgh. The acting was adequate if a little underdone.
The leading couple made a handsome couple. Supporting cast
were not much in evidence.";"
";"
rated it ";" for thematic
material. It was based on a true story. A portion of it was filmed in
Mobile, Alabama, ";", a
concert scene from Hangout Fest, which featured actual concert goers.
";" did not rely on any trick
photography, though there was some neat planetarium star footage.";"
In California, it seems, puppy love plus soulful tunes equals a smash
hit. I am generally in the Christian camp, though I feel many of their
relationship ideals can inadvertently lead to sparkly
self-destructive super novas as Melissa describes herself. When I
was in circulation, I preferred going with girls who were not holding
out for a veritable Prince Charming before accepting a single date.
Usually they had another concurrent boyfriend(s) when I
approached them, and to be sure I experienced a lot of rejection that
way. And while an exploding super nova is not everyone's cup
of tea, neither is a binary star with its extra gravity well.";"
Jeremy Camp's music has universal appeal even to those who wouldn't
be caught dead in his shoes. We all have our own sufferings, and musical
assurance of God's continued care is welcome on stage and in a movie.
Without the music that moved me at the end, I wouldn't have rated
the movie as high as I did.";"
It's not at all preachy but uses contemporary Christian culture
touchstones just as another movie might use, say, those of Catholic
culture, Jewish culture, or Italian culture. It's interesting to see how
other people deal with life, and there's even differences among
Christians.";"
Action Factor: Weak action scenes.

Suitability for children: Suitable for children with guidance.

Special effects: Wake up and smell the 1990s technology.

Video Occasion: Good Date Movie.

Suspense: A number of suspenseful moments.

Overall movie rating: Four stars out of five.
";"Copyright  2020, Earl S. Gosnell III";"
This work is licensed under a ";".
";"
 ";"
";"Permission is hereby granted to use my ";"--with 
credit given, of course--in intellectually honest non-profit 
educational material. Non-copyrighted drawings.";"Any particular questions or requests for permissions may be
addressed to me, the author.";"epinions.com logo is trademarked, used by permission.";"Contact:

";"

 ";"
Contact:

";"

 ";"
 ";"Believe it or not, the film ";" from Lionsgate is ostensibly the true-life story of Christian music star Jeremy Camp. But, this allegedly inspiring love story from the directors of the similarly-themed ";" (2018) is pretty much a copy of their earlier film and thats about the loftiest praise you can bestow upon it.";"Camp is played by J.J. Apa (Archie from televisions ";" [2017]), and he is perfectly likable in his role as Camp, but the character is allowed no character growth throughout the film. He starts a devout Christian singer-songwriter and ends as such. Furthermore, he faces no real crisis in that his faith is never really tested. Sure, bad things happen in his life, but hes steadfast in his response to them and never waivers from his path. While this is becoming of characters in a film like this, it doesnt afford any classic character arc. In short, Jeremy is who he is and that all that he is. While Melissa (Britt Robertson) gets to do the heavy-lifting in the emotional category here, she too has little to do other than fall for Jeremy and then get sick and wax philosophically about how its all part of a larger plan and so on.";"All of this would be fine if ";" somehow managed to make Jeremys journey a test or trial of sort, something that the audience could be happy he emerged from unscathed and having found true love with Melissa in the first place. As it stands, he moves on with his life after her illness and credits his faith, Melissas faith, his new wifes faith, etc. Its as though no one learned anything from the ordeal they just endured. In fact, the only character that offers anything interesting throughout is Jeremys father (played by Gary Sinise) when he sums up his sons relationship with Melissa for him in an effort to comfort Jeremy. Its one of the most heartfelt moments in the film";"Perhaps I am not the audience that a film like ";" is trying to connect with, I can admit that. But, whereas Im willing to accept that a persons religious beliefs may steer their actions and lives in a certain direction, that doesnt mean in makes for a solid narrative through line.";"
Like other overtly Christian-themed movies in recent memory, ";" has an incontrovertible agenda: to confirm a target demographic audiences faith in a Supreme Being, one spelled with a capital G, usually in the guise of a life-or-death narrative in which Gods will always dictates the outcome. At some point in these pre-ordained dramas, which are frequently adapted from a nonsecular literary source, the lead character/author experiences a crisis in religious faith following a traumatic turn of events, those convictions eventually restored and strengthened through the power of prayer. In this film, based on Christian singer-songwriter Jeremy Camps 2011 memoir of the same name, brash college freshman Camp (ginger-haired ";" heartthrob Apa, here with a jet-black mane) arrives from Americas heartland to attend school at an unnamed (and seemingly diversity-free) evangelical California university. He instantly falls hard for initially wary classmate Melissa Henning, charmingly played by Robertson without a hint of pretense. Their meant-to-be relationship is first complicated by a friend and musical mentor (Parsons) also crushing on Melissa, and then tragically turned upside down by a grim diagnosis of ovarian cancer only months after they meet. Despite a metastasized liver, the couple decides to marry in the belief that divine providence has destined their union, with romantic gestures, miracles, false hopes, and heartbreak following in short order. As for how it all ends, the title  also an inspirational song nicely performed by Apa in the last reel  says it all.
";"
Like others in this contemporary film genre, ";" doesnt aggressively attempt to convert the faithless, or even prod the ambivalent. The belief or non-belief system you espouse walking into the movie theater will be the same one as you walk out. In the early scenes, the meet-cute romance between Apa and Henning is diverting enough, but everything happens so quickly its difficult to fully engage in the emotional ups and downs of their relationship once Melissa falls ill. Though the movies ";" is unmistakable from the outset, the most compelling moments come not when Gods name is being invoked out loud and with great frequency, but rather when the loving symbiosis between two young people facing adversity and caring for each other is tenderly communicated without uttering any words, conveyed in something as simple as the direct gaze between two pairs of locked eyes. Now thats the notion of a higher power in which we can all believe.
";" Bold and uncensored, ";" has been Austins independent news source for almost 40 years, expressing the communitys political and environmental concerns and supporting its active cultural scene. Now more than ever, we need your support to continue supplying Austin with independent, free press. If real news is important to you, please consider making a donation of $5, $10 or whatever you can afford, to help keep our journalism on stands.";", ";", ";", ";", ";", ";", ";", ";", ";", ";", ";"Information is power. Support the free press, so we can support Austin.  ";"Information is power. Support the free press, so we can support Austin.  ";"""One of the 50 Coolest Websites...they simply tell it like it is"" - ";"YOUR HELP IS NEEDED
";"Although our site is very popular, the current economic climate has reduced our revenues just when we need extra security to prevent attacks from hackers who don't like what we do. If you think what we do is worthwhile, please ";" or ";"
";" A man and a woman kiss for a few seconds in four scenes and embrace in two of the scenes; a flashback shows a couple of seconds of each of these scenes. A man and a woman sit close to each other on a beach. A man and a woman date a few times and almost kiss, but do not.";"
";"A young man asks a young woman if she is in a relationship and she says its complicated because she does not return the other persons feelings. A man says that he fell in love with a woman the first time he saw her at a concert as she was singing and praying. A college instructor asks a daydreaming student in class if he has a little girlfriend (no answer) and the class snickers. A young mans younger brother teases him, singing, Hes got a girlfriend, repeatedly. A young man sings, I love you to a young woman six times and then says that he loves her; she looks surprised.";"
";"A woman wears short shorts, revealing bare legs to the tops of the thighs. A woman wears short shorts over pantyhose. A woman wears low-cut tops in a couple of scenes that reveal cleavage. A woman wears a low-cut bridal gown that reveals cleavage. A woman wears a slip with a V-neck and thin straps in a dimly lit bedroom while under covers, baring one shoulder and cleavage. A woman wears a long backless dress that reveals her bare upper back and shoulders in a couple of scenes. A man wears shorts that bare his lower thighs, knees, and lower legs.";" A woman enters a hotel room and holds her stomach, groaning in pain and later vomits a substantial amount of blood (we see the goo) into the toilet as she retches loudly and cries; the scene cuts to her being carried by her husband through a hospital corridor as he shouts for help and we see the woman in a hospital bed with an oxygen clip in her nose, an IV line running to one arm and a blood pressure cuff on the other arm, with a medical clip on her forefinger.";"
";"A woman in a hospital bed wakes with a start, gasps loudly, and tells her husband that the pain is all gone; the man runs for the and the husband and medical staff enter the room to find the patient dead and the husband lies on the floor, cries, and sleeps until his father and a friend arrive to take him out of the room; he stops to sign a death certificate before leaving.";"
";"A man runs in the rain and has a flashback to his wife sitting up in a hospital bed and dying. A man receives a late night phone call to come across the country to help his ex-girlfriend who is very ill; the man drives a long distance and rushes into the hospital to see the woman under covers in a hospital bed without any monitors or equipment attached and she says that she has a stage 3C tumor in her stomach the size of an orange, that it has spread to her liver and that, Maybe God has something bigger for me. A doctor tells a man that his wife has un-treatable cancer. A man accompanies a woman through a hospital hallway beside her gurney and we see an IV line running to her arm as she is taken to the operating room; the scene cuts to the woman awakening in her hospital bed and the man telling her that surgery was not required because the tumor disappeared.";"
";"A woman sits in a chemotherapy chair beside a machine (we do not see an infusion line); later her hair begins to fall out and days later she shaves her head as we see strands of hair covering the floor at her feet, a man later wheels her in a wheelchair through a hallway and we see her IV stand with a tube running down to a taped spot on her arm. A woman on the sliding platform for an MRI machine slides into the machine; the scene cuts to a doctors office and two X-rays of a pelvis and spine as the doctor tells a woman and a man that the woman needs surgery right away, even though it means she will be unable to have children afterward. A young boy has several developmental disabilities, including a twisted spine, a grimacing face, and poor eyesight requiring thick glasses; he often yells instead of talking. A singer asks concert attendees to pray for a woman who has a tumor and people raise their hands and pray silently; days later the woman is wheeled onto a concert stage in a wheelchair and the man tells the attendees that this is the woman they prayed for and she is healed.";"
";"A man slams his guitar against a bureau several times until it falls to pieces, finds journal pages inside it, reads them and weeps. A woman is frustrated by not being able to open a pickle jar, so she smashes it on a counter and throws a china plate into the wall, dashing it to bits loudly. A woman locks herself in a bathroom, cries, and slides down the door to sit on the floor. We see mourners as a closed casket is lowered into a grave.";"
";"A man and a woman argue briefly in several scenes. A man sees a male friend kissing a woman in whom he is interested and berates the couple for not telling him they were dating; the angry man turns and walks away quickly. A woman cries in a few scenes and a man becomes tearful several times. A man in a hallway cries against a wall. A man cries loudly in his parked car alone. A woman is tearful as she tells a man that she lost someone close to her and that the example of the mans wifes faith changed her life for the better. A man sleeps in a chair by his wifes hospital bed and plays a guitar when she wakes up. A man sleeps clothed next to his wife and another woman sits in the room. People light many sparkler fireworks at a beach at night.";" 1 possible scatological term (a man walks away from the camera and mumbles Oh sh), name-calling (piece of work), 7 religious exclamations (e.g. God). | ";" |";" A man injects a clear liquid that he says is for pain into a womans IV line.";" Love, families, relationships, marriage, decisions, pain, sickness, death, sadness, grief, commitment, faith, answered and unanswered prayer, truth, memories, unexpected news, ovarian cancer, chemotherapy, life changing personal stories.";" Faith can carry believers through tragedies and ease questions about God.";" Be aware that while we do our best to avoid ";" it is impossible to disguise all details and some may reveal crucial plot elements.";" We've gone through several editorial changes since we started covering films in 1992 and older reviews are not as ";" as recent ones; we plan to revisit and correct older reviews as resources and time permits.";" Our ratings and reviews are based on the ";" versions of films; on video there are often ";", ";", ";" or ";" versions, (usually accurately labelled but sometimes mislabeled) released that contain additional content, which we did not review.";"
";" ";"";" ";"
";" ";"";" ";"
Did you know you can now filter searches by any combination of ratings? Just go to our ";" or use the search bar, with or without a keyword, from the top navigation menu. Move sliders from 0-10 in any combination, check and uncheck MPAA ratings and use keywords to further filter results -- ";" what you think.";"
Unlike the MPAA we do not assign one inscrutable rating based on age but 3 objective ratings for ";", ";" & ";" on a scale of 0 to 10, from lowest to highest depending on quantity & context |";"|";"COPYRIGHT POLICY
";"You can print a page for your own use or to share with friends; sure, you can e-mail a page to a friend; and yes, please go ahead and link to our site. However, any commercial reproduction of anything appearing within this site without our written permission is illegal and in really bad taste and we will take action to prevent... |";"|
";"how to";"support us";"PLEASE DONATE";"We are a totally independent website with no connections to political, religious or other groups & we neither solicit nor choose advertisers. You can help us keep our independence with a donation.";"NO MORE ADS!";"Become a member of our premium site for just $2/month & access advance reviews, without any ads, not a single one, ever. And you will be helping support our website & our efforts.";"WHAT DO YOU THINK?";"We welcome suggestions & criticisms -- and we accept compliments too. While we read all emails & try to reply we don't always manage to do so; be assured that we will not share your e-mail address.";"how to";"support us";"PLEASE DONATE";"We are a totally independent website with no connections to political, religious or other groups & we neither solicit nor choose advertisers. You can help us keep our independence with a donation.";"NO MORE ADS!";"Become a member of our premium site for just $2/month & access advance reviews, without any ads, not a single one, ever. And you will be helping support our website & our efforts.";"WHAT DO YOU THINK?";"We welcome suggestions & criticisms -- and we will accept compliments too. While we read all emails & try to reply we do not always manage to do so; be assured that we will not share your e-mail address.";" ";"
";"
";"";"2020 AndersonVision. All rights reserved.";"";"2020 AndersonVision. All rights reserved.";"I Still Believe is the latest Christian music biopic to gain a wide theatrical release. Telling the story of Christian music superstar Jeremy Camp has been a long time coming. Riverdale star K.J. Apa plays Camp as your typical hero figure. Hes a sensitive college kid trying to do right by himself. His father helps kick off his musical journey, while his little brother just wants a friend. Everything is all lovey until it isnt.";"The Erwin Brothers helm this latest Christian mega release after their prior success on Woodlawn, October Baby and ";". Apparently, theyve got a Kurt Warner biopic in the pipeline. I should check that out, as football tends to skew closer to my wheelhouse than Christian rock. Yet, I found myself drawn to the material with very little knowledge of ";" before this release.";"My lack of knowledge didnt matter, as the acting is quite amazing for this kind of film. Stunning supporting turns from Gary Sinise and Shania Twain litter the movie. The Dixie Chicks and Shania Twain are back in the pop culture in a single week. All is good in the world. I dont mean to get distracted talking about late 90s girl power country, but we need to celebrate all of the good we can find.";"When looking into what happened to the real Melissa Henning, I was floored. This young lady knew she was dying when she met Jeremy Camp, yet allowed herself to grow and love. The movie deals with living outside of fear, which might be lost on most people. But, those who can get itwell, its going to blow their little minds out the back of their heads.";"In a time when theaters are losing out against real world threats, we need I Still Believe. Adults require mature yet clean stories about things that matter. What matters more than the love between young people living and growing in roles that seem to have gone abandoned by modern culture?";"Time is on no ones side, but you can meet anything head-on with courage. Thats the grand takeaway from I Still Believe. You dont need to be a Jeremy Camp superfan or dig romantic movies. You just need to understand the base nature of human resilience. So, head out to theaters and give it a shot.";"I mean, I Still Believe might be one of the last new releases we get in awhile.";"Troy Anderson is the Owner/Editor-in-Chief of AndersonVision. He uses a crack team of unknown heroes to bring you the latest and greatest in Entertainment News.";"You must ";" to post a comment.";"This site uses Akismet to reduce spam. ";".";"Subscribe now to our newsletter";"Input your search keywords and press Enter."
