"user_id","status_id","created_at","screen_name","text","source","display_text_width","reply_to_status_id","reply_to_user_id","reply_to_screen_name","is_quote","is_retweet","favorite_count","retweet_count","quote_count","reply_count","hashtags","symbols","urls_url","urls_t.co","urls_expanded_url","media_url","media_t.co","media_expanded_url","media_type","ext_media_url","ext_media_t.co","ext_media_expanded_url","ext_media_type","mentions_user_id","mentions_screen_name","lang","quoted_status_id","quoted_text","quoted_created_at","quoted_source","quoted_favorite_count","quoted_retweet_count","quoted_user_id","quoted_screen_name","quoted_name","quoted_followers_count","quoted_friends_count","quoted_statuses_count","quoted_location","quoted_description","quoted_verified","retweet_status_id","retweet_text","retweet_created_at","retweet_source","retweet_favorite_count","retweet_retweet_count","retweet_user_id","retweet_screen_name","retweet_name","retweet_followers_count","retweet_friends_count","retweet_statuses_count","retweet_location","retweet_description","retweet_verified","place_url","place_name","place_full_name","place_type","country","country_code","geo_coords","coords_coords","bbox_coords","status_url","name","location","description","url","protected","followers_count","friends_count","listed_count","statuses_count","favourites_count","account_created_at","verified","profile_url","profile_expanded_url","account_lang","profile_banner_url","profile_background_url","profile_image_url"
"x840609853206876165","x1232774680345489413",2020-02-26 21:09:22,"GodzillaVrsKong","New Godzilla vs. Kong (2020) Set Photos Revealed! - Godzilla Movie News https://t.co/tKOHhQt1W0","Twitter for Android",95,,,,FALSE,FALSE,103,18,,,,,"godzilla-movies.com/news/new-godzi…","https://t.co/tKOHhQt1W0","http://www.godzilla-movies.com/news/new-godzilla-vs-kong-2020-set-photos-revealed#.XlbefRMyPNc.twitter",,,,,,,,,,,"en",,,,,,,,,,,,,,,,,,,,,,,,,,,,,,,,,,,,,"NA NA","NA NA","NA NA NA NA NA NA NA NA","https://twitter.com/GodzillaVrsKong/status/1232774680345489413","Godzilla vs. Kong","November 20th, 2020","King meets God. #GodzillaVsKong

https://t.co/DlLBtq6BvR","https://t.co/SRck1WTMfe",FALSE,3065,5,10,37,12,2017-03-11 17:06:21,FALSE,"https://t.co/SRck1WTMfe","http://www.godzillavskong-movie.com/",,"https://pbs.twimg.com/profile_banners/840609853206876165/1489253210",,"http://pbs.twimg.com/profile_images/1134073861979484161/GA-3yXdn_normal.jpg"
"x840609853206876165","x1228003791250829312",2020-02-13 17:11:33,"GodzillaVrsKong","NOVEMBER.

https://t.co/3Od81YdTsw","Twitter for Android",34,,,,FALSE,FALSE,125,29,,,,,"GodzillaVsKong-Movie.com","https://t.co/3Od81YdTsw","http://www.GodzillaVsKong-Movie.com",,,,,,,,,,,"en",,,,,,,,,,,,,,,,,,,,,,,,,,,,,,,,,,,,,"NA NA","NA NA","NA NA NA NA NA NA NA NA","https://twitter.com/GodzillaVrsKong/status/1228003791250829312","Godzilla vs. Kong","November 20th, 2020","King meets God. #GodzillaVsKong

https://t.co/DlLBtq6BvR","https://t.co/SRck1WTMfe",FALSE,3065,5,10,37,12,2017-03-11 17:06:21,FALSE,"https://t.co/SRck1WTMfe","http://www.godzillavskong-movie.com/",,"https://pbs.twimg.com/profile_banners/840609853206876165/1489253210",,"http://pbs.twimg.com/profile_images/1134073861979484161/GA-3yXdn_normal.jpg"
"x840609853206876165","x1227635909962731520",2020-02-12 16:49:43,"GodzillaVrsKong","You asked for it.

https://t.co/oEbS84H7Qx #Godzilla #GodzillaVsKong #Kong #GodzillaMovie #Monsterverse","Twitter for Android",123,,,,FALSE,TRUE,0,124,,,"Godzilla GodzillaVsKong Kong GodzillaMovie Monsterverse",,"godzilla-movies.com/news/exclusive…","https://t.co/oEbS84H7Qx","http://www.godzilla-movies.com/news/exclusive-godzilla-vs-kong-2020-reportedly-includes-iconic-scene-which-pays-homage-to-toho-original",,,,,,,,,"x768049658","GodzillaMovies","en",,,,,,,,,,,,,,,,"x1224767683113246734","You asked for it.

https://t.co/oEbS84H7Qx #Godzilla #GodzillaVsKong #Kong #GodzillaMovie #Monsterverse",2020-02-04 18:52:25,"Twitter for Android",536,124,"x768049658","GodzillaMovies","Godzilla vs. Kong",35193,77,3791,"Nov. 20th, 2020","THE destination for #Godzilla fans. FOLLOW us for the latest GODZILLA VS. KONG 2020 news! Staff: @GmanOnScified",FALSE,,,,,,,"NA NA","NA NA","NA NA NA NA NA NA NA NA","https://twitter.com/GodzillaVrsKong/status/1227635909962731520","Godzilla vs. Kong","November 20th, 2020","King meets God. #GodzillaVsKong

https://t.co/DlLBtq6BvR","https://t.co/SRck1WTMfe",FALSE,3065,5,10,37,12,2017-03-11 17:06:21,FALSE,"https://t.co/SRck1WTMfe","http://www.godzillavskong-movie.com/",,"https://pbs.twimg.com/profile_banners/840609853206876165/1489253210",,"http://pbs.twimg.com/profile_images/1134073861979484161/GA-3yXdn_normal.jpg"
"x840609853206876165","x1227635878190813184",2020-02-12 16:49:36,"GodzillaVrsKong","Kong is all grown up and he means business.

https://t.co/1KeOMlM6HH #GodzillaVsKong #GodzillaMovie #KongSkullIsland #Godzilla #Monsterverse #MONARCH","Twitter for Android",140,,,,FALSE,TRUE,0,165,,,"GodzillaVsKong GodzillaMovie KongSkullIsland",,"godzilla-movies.com/news/visual-co…","https://t.co/1KeOMlM6HH","http://www.godzilla-movies.com/news/visual-comparison-the-new-kong-from-godzilla-vs-kong-2020-skull-island",,,,,,,,,"x768049658","GodzillaMovies","en",,,,,,,,,,,,,,,,"x1225812021679198208","Kong is all grown up and he means business.

https://t.co/1KeOMlM6HH #GodzillaVsKong #GodzillaMovie #KongSkullIsland #Godzilla #Monsterverse #MONARCH",2020-02-07 16:02:15,"Twitter for Android",709,165,"x768049658","GodzillaMovies","Godzilla vs. Kong",35193,77,3791,"Nov. 20th, 2020","THE destination for #Godzilla fans. FOLLOW us for the latest GODZILLA VS. KONG 2020 news! Staff: @GmanOnScified",FALSE,,,,,,,"NA NA","NA NA","NA NA NA NA NA NA NA NA","https://twitter.com/GodzillaVrsKong/status/1227635878190813184","Godzilla vs. Kong","November 20th, 2020","King meets God. #GodzillaVsKong

https://t.co/DlLBtq6BvR","https://t.co/SRck1WTMfe",FALSE,3065,5,10,37,12,2017-03-11 17:06:21,FALSE,"https://t.co/SRck1WTMfe","http://www.godzillavskong-movie.com/",,"https://pbs.twimg.com/profile_banners/840609853206876165/1489253210",,"http://pbs.twimg.com/profile_images/1134073861979484161/GA-3yXdn_normal.jpg"
"x840609853206876165","x1220174451796594688",2020-01-23 02:40:33,"GodzillaVrsKong","Godzilla vs. Kong preview featured in @SFXmagazine:

https://t.co/3KBfQqnmbq #GodzillaVsKong","Twitter for Android",92,,,,FALSE,FALSE,58,6,,,"GodzillaVsKong",,"godzilla-movies.com/news/adam-wing…","https://t.co/3KBfQqnmbq","http://www.godzilla-movies.com/news/adam-wingard-godzilla-vs-kong-wants-your-tears-new-preview-featured-sfx-magazine",,,,,,,,,"x18602163","SFXmagazine","en",,,,,,,,,,,,,,,,,,,,,,,,,,,,,,,,,,,,,"NA NA","NA NA","NA NA NA NA NA NA NA NA","https://twitter.com/GodzillaVrsKong/status/1220174451796594688","Godzilla vs. Kong","November 20th, 2020","King meets God. #GodzillaVsKong

https://t.co/DlLBtq6BvR","https://t.co/SRck1WTMfe",FALSE,3065,5,10,37,12,2017-03-11 17:06:21,FALSE,"https://t.co/SRck1WTMfe","http://www.godzillavskong-movie.com/",,"https://pbs.twimg.com/profile_banners/840609853206876165/1489253210",,"http://pbs.twimg.com/profile_images/1134073861979484161/GA-3yXdn_normal.jpg"
"x840609853206876165","x1218354967427395584",2020-01-18 02:10:34,"GodzillaVrsKong","A thrill of a lifetime. #GodzillaVsKong

https://t.co/O4La5zaILe","Twitter for Android",64,,,,FALSE,FALSE,74,16,,,"GodzillaVsKong",,"scified.com/news/director-…","https://t.co/O4La5zaILe","https://www.scified.com/news/director-adam-wingard-says-making-godzilla-vs-kong-2020-has-been-thrill-of-lifetime",,,,,,,,,,,"en",,,,,,,,,,,,,,,,,,,,,,,,,,,,,,,,,,,,,"NA NA","NA NA","NA NA NA NA NA NA NA NA","https://twitter.com/GodzillaVrsKong/status/1218354967427395584","Godzilla vs. Kong","November 20th, 2020","King meets God. #GodzillaVsKong

https://t.co/DlLBtq6BvR","https://t.co/SRck1WTMfe",FALSE,3065,5,10,37,12,2017-03-11 17:06:21,FALSE,"https://t.co/SRck1WTMfe","http://www.godzillavskong-movie.com/",,"https://pbs.twimg.com/profile_banners/840609853206876165/1489253210",,"http://pbs.twimg.com/profile_images/1134073861979484161/GA-3yXdn_normal.jpg"
"x840609853206876165","x1216456882514288642",2020-01-12 20:28:16,"GodzillaVrsKong","313 Days.
https://t.co/3Od81YdTsw

#GodzillaVsKong","Twitter for Android",50,,,,FALSE,FALSE,158,32,,,"GodzillaVsKong",,"GodzillaVsKong-Movie.com","https://t.co/3Od81YdTsw","http://www.GodzillaVsKong-Movie.com",,,,,,,,,,,"en",,,,,,,,,,,,,,,,,,,,,,,,,,,,,,,,,,,,,"NA NA","NA NA","NA NA NA NA NA NA NA NA","https://twitter.com/GodzillaVrsKong/status/1216456882514288642","Godzilla vs. Kong","November 20th, 2020","King meets God. #GodzillaVsKong

https://t.co/DlLBtq6BvR","https://t.co/SRck1WTMfe",FALSE,3065,5,10,37,12,2017-03-11 17:06:21,FALSE,"https://t.co/SRck1WTMfe","http://www.godzillavskong-movie.com/",,"https://pbs.twimg.com/profile_banners/840609853206876165/1489253210",,"http://pbs.twimg.com/profile_images/1134073861979484161/GA-3yXdn_normal.jpg"
"x840609853206876165","x1216368591081263104",2020-01-12 14:37:25,"GodzillaVrsKong","One of many Titans in #GodzillaVsKong

https://t.co/H7j9MA463G","Twitter for Android",62,,,,FALSE,FALSE,108,23,,,"GodzillaVsKong",,"godzilla-movies.com/news/the-skull…","https://t.co/H7j9MA463G","http://www.godzilla-movies.com/news/the-skullcrawler-return-godzilla-vs-kong-2020",,,,,,,,,,,"en",,,,,,,,,,,,,,,,,,,,,,,,,,,,,,,,,,,,,"NA NA","NA NA","NA NA NA NA NA NA NA NA","https://twitter.com/GodzillaVrsKong/status/1216368591081263104","Godzilla vs. Kong","November 20th, 2020","King meets God. #GodzillaVsKong

https://t.co/DlLBtq6BvR","https://t.co/SRck1WTMfe",FALSE,3065,5,10,37,12,2017-03-11 17:06:21,FALSE,"https://t.co/SRck1WTMfe","http://www.godzillavskong-movie.com/",,"https://pbs.twimg.com/profile_banners/840609853206876165/1489253210",,"http://pbs.twimg.com/profile_images/1134073861979484161/GA-3yXdn_normal.jpg"
"x840609853206876165","x1215754313135525889",2020-01-10 21:56:30,"GodzillaVrsKong","There can only be one King. #GodzillaVsKong

https://t.co/wiulGhb7rh #Godzilla #Monsterverse","Twitter for Android",112,,,,FALSE,TRUE,0,141,,,"GodzillaVsKong Godzilla Monsterverse",,"godzilla-movies.com/news/godzilla-…","https://t.co/wiulGhb7rh","http://www.godzilla-movies.com/news/godzilla-vs-kong-titan-kings-clash-epic-new-works-art",,,,,,,,,"x768049658","GodzillaMovies","en",,,,,,,,,,,,,,,,"x1215690238565277702","There can only be one King. #GodzillaVsKong

https://t.co/wiulGhb7rh #Godzilla #Monsterverse",2020-01-10 17:41:53,"Twitter for Android",626,141,"x768049658","GodzillaMovies","Godzilla vs. Kong",35193,77,3791,"Nov. 20th, 2020","THE destination for #Godzilla fans. FOLLOW us for the latest GODZILLA VS. KONG 2020 news! Staff: @GmanOnScified",FALSE,,,,,,,"NA NA","NA NA","NA NA NA NA NA NA NA NA","https://twitter.com/GodzillaVrsKong/status/1215754313135525889","Godzilla vs. Kong","November 20th, 2020","King meets God. #GodzillaVsKong

https://t.co/DlLBtq6BvR","https://t.co/SRck1WTMfe",FALSE,3065,5,10,37,12,2017-03-11 17:06:21,FALSE,"https://t.co/SRck1WTMfe","http://www.godzillavskong-movie.com/",,"https://pbs.twimg.com/profile_banners/840609853206876165/1489253210",,"http://pbs.twimg.com/profile_images/1134073861979484161/GA-3yXdn_normal.jpg"
"x840609853206876165","x1214748222771679233",2020-01-08 03:18:39,"GodzillaVrsKong","BIG NEWS. (BIG SPOILER)

https://t.co/HqJ4W3FlBY #GodzillaVsKong #GodzillaMovie #KongSkullIsland #GodzillaKingOfTheMonsters #Godzilla #Kong","Twitter for Android",140,,,,FALSE,TRUE,0,191,,,"GodzillaVsKong GodzillaMovie KongSkullIsland",,"godzilla-movies.com/news/spoilers-…","https://t.co/HqJ4W3FlBY","http://www.godzilla-movies.com/news/spoilers-godzilla-vs-kong-antagonist-monster-details-leaked",,,,,,,,,"x768049658","GodzillaMovies","en",,,,,,,,,,,,,,,,"x1214614577280933888","BIG NEWS. (BIG SPOILER)

https://t.co/HqJ4W3FlBY #GodzillaVsKong #GodzillaMovie #KongSkullIsland #GodzillaKingOfTheMonsters #Godzilla #Kong",2020-01-07 18:27:36,"Twitter for Android",707,191,"x768049658","GodzillaMovies","Godzilla vs. Kong",35193,77,3791,"Nov. 20th, 2020","THE destination for #Godzilla fans. FOLLOW us for the latest GODZILLA VS. KONG 2020 news! Staff: @GmanOnScified",FALSE,,,,,,,"NA NA","NA NA","NA NA NA NA NA NA NA NA","https://twitter.com/GodzillaVrsKong/status/1214748222771679233","Godzilla vs. Kong","November 20th, 2020","King meets God. #GodzillaVsKong

https://t.co/DlLBtq6BvR","https://t.co/SRck1WTMfe",FALSE,3065,5,10,37,12,2017-03-11 17:06:21,FALSE,"https://t.co/SRck1WTMfe","http://www.godzillavskong-movie.com/",,"https://pbs.twimg.com/profile_banners/840609853206876165/1489253210",,"http://pbs.twimg.com/profile_images/1134073861979484161/GA-3yXdn_normal.jpg"
"x840609853206876165","x1203767416720953345",2019-12-08 20:04:51,"GodzillaVrsKong","Rival Alpha Titans come face to face...

https://t.co/JEirvnFoVg #GodzillaVsKong","Twitter for Android",80,,,,FALSE,FALSE,506,133,,,"GodzillaVsKong",,"godzilla-movies.com/news/breaking-…","https://t.co/JEirvnFoVg","http://www.godzilla-movies.com/news/breaking-godzilla-kong-battle-atop-aircraft-carrier-leaked-godzilla-vs-kong-footage",,,,,,,,,,,"en",,,,,,,,,,,,,,,,,,,,,,,,,,,,,,,,,,,,,"NA NA","NA NA","NA NA NA NA NA NA NA NA","https://twitter.com/GodzillaVrsKong/status/1203767416720953345","Godzilla vs. Kong","November 20th, 2020","King meets God. #GodzillaVsKong

https://t.co/DlLBtq6BvR","https://t.co/SRck1WTMfe",FALSE,3065,5,10,37,12,2017-03-11 17:06:21,FALSE,"https://t.co/SRck1WTMfe","http://www.godzillavskong-movie.com/",,"https://pbs.twimg.com/profile_banners/840609853206876165/1489253210",,"http://pbs.twimg.com/profile_images/1134073861979484161/GA-3yXdn_normal.jpg"
"x840609853206876165","x1199112827019169793",2019-11-25 23:49:11,"GodzillaVrsKong","NOVEMBER 2020. One Will Fall.

https://t.co/wJcxGpOWuS #Godzilla #GodzillaMovie #GodzillaVsKong #GodzillaKingOfTheMonsters #Gojira #Monsterverse","Twitter for Android",144,,,,FALSE,FALSE,243,66,,,"Godzilla GodzillaMovie GodzillaVsKong GodzillaKingOfTheMonsters Gojira Monsterverse",,"godzilla-movies.com/news/breaking-…","https://t.co/wJcxGpOWuS","http://www.godzilla-movies.com/news/breaking-godzilla-vs-kong-2020-release-date-delayed-8-months",,,,,,,,,,,"en",,,,,,,,,,,,,,,,,,,,,,,,,,,,,,,,,,,,,"NA NA","NA NA","NA NA NA NA NA NA NA NA","https://twitter.com/GodzillaVrsKong/status/1199112827019169793","Godzilla vs. Kong","November 20th, 2020","King meets God. #GodzillaVsKong

https://t.co/DlLBtq6BvR","https://t.co/SRck1WTMfe",FALSE,3065,5,10,37,12,2017-03-11 17:06:21,FALSE,"https://t.co/SRck1WTMfe","http://www.godzillavskong-movie.com/",,"https://pbs.twimg.com/profile_banners/840609853206876165/1489253210",,"http://pbs.twimg.com/profile_images/1134073861979484161/GA-3yXdn_normal.jpg"
"x840609853206876165","x1197599723881938944",2019-11-21 19:36:39,"GodzillaVrsKong","Godzilla vs. Kong: Warner Bros unveiling 2020 film slate at CCXP December 8th! - Godzilla Movie News https://t.co/b790Qt7hcw #GodzillaVsKong","Twitter for Android",140,,,,FALSE,FALSE,393,117,,,"GodzillaVsKong",,"godzilla-movies.com/news/godzilla-…","https://t.co/b790Qt7hcw","http://www.godzilla-movies.com/news/godzilla-vs-kong-warner-bros-unveiling-2020-film-slate-at-ccxp-december-8th#.XdbnO3Bvha4.twitter",,,,,,,,,,,"en",,,,,,,,,,,,,,,,,,,,,,,,,,,,,,,,,,,,,"NA NA","NA NA","NA NA NA NA NA NA NA NA","https://twitter.com/GodzillaVrsKong/status/1197599723881938944","Godzilla vs. Kong","November 20th, 2020","King meets God. #GodzillaVsKong

https://t.co/DlLBtq6BvR","https://t.co/SRck1WTMfe",FALSE,3065,5,10,37,12,2017-03-11 17:06:21,FALSE,"https://t.co/SRck1WTMfe","http://www.godzillavskong-movie.com/",,"https://pbs.twimg.com/profile_banners/840609853206876165/1489253210",,"http://pbs.twimg.com/profile_images/1134073861979484161/GA-3yXdn_normal.jpg"
"x840609853206876165","x1148255013795487749",2019-07-08 15:38:23,"GodzillaVrsKong","SDCC 2019: 1 Hour Monsterverse panel will cover new info on Godzilla vs. Kong! - Godzilla Movie News https://t.co/mnRRM4se3w","Twitter for Android",124,,,,FALSE,FALSE,324,69,,,,,"godzilla-movies.com/news/sdcc-2019…","https://t.co/mnRRM4se3w","http://www.godzilla-movies.com/news/sdcc-2019-1-hour-monsterverse-panel-cover-new-info-godzilla-vs-kong#.XSNjbViI2wY.twitter",,,,,,,,,,,"en",,,,,,,,,,,,,,,,,,,,,,,,,,,,,,,,,,,,,"NA NA","NA NA","NA NA NA NA NA NA NA NA","https://twitter.com/GodzillaVrsKong/status/1148255013795487749","Godzilla vs. Kong","November 20th, 2020","King meets God. #GodzillaVsKong

https://t.co/DlLBtq6BvR","https://t.co/SRck1WTMfe",FALSE,3065,5,10,37,12,2017-03-11 17:06:21,FALSE,"https://t.co/SRck1WTMfe","http://www.godzillavskong-movie.com/",,"https://pbs.twimg.com/profile_banners/840609853206876165/1489253210",,"http://pbs.twimg.com/profile_images/1134073861979484161/GA-3yXdn_normal.jpg"
"x840609853206876165","x1142854380506484736",2019-06-23 17:58:12,"GodzillaVrsKong","Godzilla 2: King of the Monsters finally crosses $100 Million domestically! https://t.co/aFmRdJRlHV #GodzillaKingOfTheMonsters #Monsterverse #MONARCH #Godzilla2 #GodzillaMovie","Twitter for Android",140,,,,FALSE,TRUE,0,234,,,,,"godzilla-movies.com/news/godzilla-…","https://t.co/aFmRdJRlHV","http://www.godzilla-movies.com/news/godzilla-2-king-the-monsters-finally-crosses-100-million-domestically#.XQ-tL2-Blbc.twitter",,,,,,,,,"x768049658","GodzillaMovies","en",,,,,,,,,,,,,,,,"x1142836740555755521","Godzilla 2: King of the Monsters finally crosses $100 Million domestically! https://t.co/aFmRdJRlHV #GodzillaKingOfTheMonsters #Monsterverse #MONARCH #Godzilla2 #GodzillaMovie",2019-06-23 16:48:06,"Twitter for Android",1398,234,"x768049658","GodzillaMovies","Godzilla vs. Kong",35193,77,3791,"Nov. 20th, 2020","THE destination for #Godzilla fans. FOLLOW us for the latest GODZILLA VS. KONG 2020 news! Staff: @GmanOnScified",FALSE,,,,,,,"NA NA","NA NA","NA NA NA NA NA NA NA NA","https://twitter.com/GodzillaVrsKong/status/1142854380506484736","Godzilla vs. Kong","November 20th, 2020","King meets God. #GodzillaVsKong

https://t.co/DlLBtq6BvR","https://t.co/SRck1WTMfe",FALSE,3065,5,10,37,12,2017-03-11 17:06:21,FALSE,"https://t.co/SRck1WTMfe","http://www.godzillavskong-movie.com/",,"https://pbs.twimg.com/profile_banners/840609853206876165/1489253210",,"http://pbs.twimg.com/profile_images/1134073861979484161/GA-3yXdn_normal.jpg"
"x840609853206876165","x1142854364882714625",2019-06-23 17:58:08,"GodzillaVrsKong","Legendary aren't worried about the poor domestic box office returns for Godzilla: King of the Monsters:

https://t.co/FtG1sSUMFY #GodzillaMovie","Twitter for Android",140,,,,FALSE,TRUE,0,213,,,,,,,,,,,,,,,,"x768049658","GodzillaMovies","en",,,,,,,,,,,,,,,,"x1137805135441203200","Legendary aren't worried about the poor domestic box office returns for Godzilla: King of the Monsters:

https://t.co/FtG1sSUMFY #GodzillaMovie",2019-06-09 19:34:18,"Twitter for Android",1165,213,"x768049658","GodzillaMovies","Godzilla vs. Kong",35193,77,3791,"Nov. 20th, 2020","THE destination for #Godzilla fans. FOLLOW us for the latest GODZILLA VS. KONG 2020 news! Staff: @GmanOnScified",FALSE,,,,,,,"NA NA","NA NA","NA NA NA NA NA NA NA NA","https://twitter.com/GodzillaVrsKong/status/1142854364882714625","Godzilla vs. Kong","November 20th, 2020","King meets God. #GodzillaVsKong

https://t.co/DlLBtq6BvR","https://t.co/SRck1WTMfe",FALSE,3065,5,10,37,12,2017-03-11 17:06:21,FALSE,"https://t.co/SRck1WTMfe","http://www.godzillavskong-movie.com/",,"https://pbs.twimg.com/profile_banners/840609853206876165/1489253210",,"http://pbs.twimg.com/profile_images/1134073861979484161/GA-3yXdn_normal.jpg"
"x840609853206876165","x1140967517134999553",2019-06-18 13:00:28,"GodzillaVrsKong","New Godzilla vs. Kong release date! Footage was also shown!

https://t.co/sZxhvqiVqB","Twitter for Android",84,,,,FALSE,FALSE,125,21,,,,,"godzilla-movies.com/news/new-godzi…","https://t.co/sZxhvqiVqB","http://www.godzilla-movies.com/news/new-godzilla-vs-kong-release-date-info-footage",,,,,,,,,,,"en",,,,,,,,,,,,,,,,,,,,,,,,,,,,,,,,,,,,,"NA NA","NA NA","NA NA NA NA NA NA NA NA","https://twitter.com/GodzillaVrsKong/status/1140967517134999553","Godzilla vs. Kong","November 20th, 2020","King meets God. #GodzillaVsKong

https://t.co/DlLBtq6BvR","https://t.co/SRck1WTMfe",FALSE,3065,5,10,37,12,2017-03-11 17:06:21,FALSE,"https://t.co/SRck1WTMfe","http://www.godzillavskong-movie.com/",,"https://pbs.twimg.com/profile_banners/840609853206876165/1489253210",,"http://pbs.twimg.com/profile_images/1134073861979484161/GA-3yXdn_normal.jpg"
"x840609853206876165","x1134073627593334786",2019-05-30 12:26:37,"GodzillaVrsKong","One will fall. #GodzillaVsKong. 2020.

https://t.co/GFhK7JKjKj #Godzilla2 #GodzillaMovie","Twitter for Android",88,,,,FALSE,FALSE,648,195,,,"GodzillaVsKong Godzilla2 GodzillaMovie",,"godzilla-movies.com/news/breaking-…","https://t.co/GFhK7JKjKj","http://www.godzilla-movies.com/news/breaking-godzilla-vs-kong-2020-tagline-banner-displayed-at-licensing-expo",,,,,,,,,,,"en",,,,,,,,,,,,,,,,,,,,,,,,,,,,,,,,,,,,,"NA NA","NA NA","NA NA NA NA NA NA NA NA","https://twitter.com/GodzillaVrsKong/status/1134073627593334786","Godzilla vs. Kong","November 20th, 2020","King meets God. #GodzillaVsKong

https://t.co/DlLBtq6BvR","https://t.co/SRck1WTMfe",FALSE,3065,5,10,37,12,2017-03-11 17:06:21,FALSE,"https://t.co/SRck1WTMfe","http://www.godzillavskong-movie.com/",,"https://pbs.twimg.com/profile_banners/840609853206876165/1489253210",,"http://pbs.twimg.com/profile_images/1134073861979484161/GA-3yXdn_normal.jpg"
"x840609853206876165","x1115712879339167749",2019-04-09 20:27:34,"GodzillaVrsKong","That's a wrap! #GodzillaVsKong

https://t.co/QzzxZx5DX1 #GodzillaKingOfTheMonsters #Godzilla #Monsterverse #MONARCH","Twitter for Android",115,,,,FALSE,FALSE,87,23,,,"GodzillaVsKong GodzillaKingOfTheMonsters Godzilla Monsterverse MONARCH",,"godzilla-movies.com/news/godzilla-…","https://t.co/QzzxZx5DX1","http://www.godzilla-movies.com/news/godzilla-vs-kong-2020-officially-wraps-filming",,,,,,,,,,,"en",,,,,,,,,,,,,,,,,,,,,,,,,,,,,,,,,,,,,"NA NA","NA NA","NA NA NA NA NA NA NA NA","https://twitter.com/GodzillaVrsKong/status/1115712879339167749","Godzilla vs. Kong","November 20th, 2020","King meets God. #GodzillaVsKong

https://t.co/DlLBtq6BvR","https://t.co/SRck1WTMfe",FALSE,3065,5,10,37,12,2017-03-11 17:06:21,FALSE,"https://t.co/SRck1WTMfe","http://www.godzillavskong-movie.com/",,"https://pbs.twimg.com/profile_banners/840609853206876165/1489253210",,"http://pbs.twimg.com/profile_images/1134073861979484161/GA-3yXdn_normal.jpg"
"x840609853206876165","x1098951155953164289",2019-02-22 14:22:27,"GodzillaVrsKong","King meets God. March 13th, 2020.

https://t.co/vMXQroM0M5 #GodzillaVsKong #GodzillaKingOfTheMonsters #Godzilla #Monsterverse #MONARCH","Twitter for Android",134,,,,FALSE,FALSE,356,106,,,"GodzillaVsKong GodzillaKingOfTheMonsters Godzilla Monsterverse MONARCH",,"godzilla-movies.com/news/breaking-…","https://t.co/vMXQroM0M5","http://www.godzilla-movies.com/news/breaking-godzilla-vs-kong-2020-release-date-moved-up",,,,,,,,,,,"en",,,,,,,,,,,,,,,,,,,,,,,,,,,,,,,,,,,,,"NA NA","NA NA","NA NA NA NA NA NA NA NA","https://twitter.com/GodzillaVrsKong/status/1098951155953164289","Godzilla vs. Kong","November 20th, 2020","King meets God. #GodzillaVsKong

https://t.co/DlLBtq6BvR","https://t.co/SRck1WTMfe",FALSE,3065,5,10,37,12,2017-03-11 17:06:21,FALSE,"https://t.co/SRck1WTMfe","http://www.godzillavskong-movie.com/",,"https://pbs.twimg.com/profile_banners/840609853206876165/1489253210",,"http://pbs.twimg.com/profile_images/1134073861979484161/GA-3yXdn_normal.jpg"
"x840609853206876165","x1076109647986212864",2018-12-21 13:38:27,"GodzillaVrsKong","2020. Let them fight.

https://t.co/YvJum0gfZ3","Twitter for Android",46,,,,FALSE,FALSE,147,43,,,,,"godzilla-movies.com/news/kong-huge…","https://t.co/YvJum0gfZ3","http://www.godzilla-movies.com/news/kong-huge-first-look-at-godzilla-vs-kong-2020-concept-art",,,,,,,,,,,"en",,,,,,,,,,,,,,,,,,,,,,,,,,,,,,,,,,,,,"NA NA","NA NA","NA NA NA NA NA NA NA NA","https://twitter.com/GodzillaVrsKong/status/1076109647986212864","Godzilla vs. Kong","November 20th, 2020","King meets God. #GodzillaVsKong

https://t.co/DlLBtq6BvR","https://t.co/SRck1WTMfe",FALSE,3065,5,10,37,12,2017-03-11 17:06:21,FALSE,"https://t.co/SRck1WTMfe","http://www.godzillavskong-movie.com/",,"https://pbs.twimg.com/profile_banners/840609853206876165/1489253210",,"http://pbs.twimg.com/profile_images/1134073861979484161/GA-3yXdn_normal.jpg"
"x840609853206876165","x1072002062391656448",2018-12-10 05:36:23,"GodzillaVrsKong","Latest #Godzilla: King of the Monsters Poster Revealed! - Godzilla 2 Movie News https://t.co/cnkUiXDEgA #GodzillaKingoftheMonsters","Twitter for Android",130,,,,FALSE,FALSE,63,11,,,"Godzilla GodzillaKingoftheMonsters",,"godzilla-movies.com/news/latest-go…","https://t.co/cnkUiXDEgA","http://www.godzilla-movies.com/news/latest-godzilla-king-the-monsters-poster-revealed#.XA37SOvywfE.twitter",,,,,,,,,,,"en",,,,,,,,,,,,,,,,,,,,,,,,,,,,,,,,,,,,,"NA NA","NA NA","NA NA NA NA NA NA NA NA","https://twitter.com/GodzillaVrsKong/status/1072002062391656448","Godzilla vs. Kong","November 20th, 2020","King meets God. #GodzillaVsKong

https://t.co/DlLBtq6BvR","https://t.co/SRck1WTMfe",FALSE,3065,5,10,37,12,2017-03-11 17:06:21,FALSE,"https://t.co/SRck1WTMfe","http://www.godzillavskong-movie.com/",,"https://pbs.twimg.com/profile_banners/840609853206876165/1489253210",,"http://pbs.twimg.com/profile_images/1134073861979484161/GA-3yXdn_normal.jpg"
"x840609853206876165","x1068878617504088069",2018-12-01 14:44:55,"GodzillaVrsKong","The next full trailer for #Godzilla: King of the Monsters drops next week! Check out the teaser from Tokyo Comic Con.

https://t.co/4sBYIm6Gc5 #GodzillaKingOfTheMonsters #Monsterverse @Legendary @Mike_Dougherty","Twitter for Android",138,,,,FALSE,TRUE,0,175,,,"Godzilla",,,,,,,,,,,,,"x768049658","GodzillaMovies","en",,,,,,,,,,,,,,,,"x1068853932833861632","The next full trailer for #Godzilla: King of the Monsters drops next week! Check out the teaser from Tokyo Comic Con.

https://t.co/4sBYIm6Gc5 #GodzillaKingOfTheMonsters #Monsterverse @Legendary @Mike_Dougherty",2018-12-01 13:06:50,"Twitter for Android",571,175,"x768049658","GodzillaMovies","Godzilla vs. Kong",35193,77,3791,"Nov. 20th, 2020","THE destination for #Godzilla fans. FOLLOW us for the latest GODZILLA VS. KONG 2020 news! Staff: @GmanOnScified",FALSE,,,,,,,"NA NA","NA NA","NA NA NA NA NA NA NA NA","https://twitter.com/GodzillaVrsKong/status/1068878617504088069","Godzilla vs. Kong","November 20th, 2020","King meets God. #GodzillaVsKong

https://t.co/DlLBtq6BvR","https://t.co/SRck1WTMfe",FALSE,3065,5,10,37,12,2017-03-11 17:06:21,FALSE,"https://t.co/SRck1WTMfe","http://www.godzillavskong-movie.com/",,"https://pbs.twimg.com/profile_banners/840609853206876165/1489253210",,"http://pbs.twimg.com/profile_images/1134073861979484161/GA-3yXdn_normal.jpg"
"x840609853206876165","x1068878606384984064",2018-12-01 14:44:53,"GodzillaVrsKong","Take a look at the new, official images depicting scenes from the upcoming #Godzilla: King of the Monsters!

https://t.co/cgGiSkTo7n #GodzillaKingOfTheMonsters #Godzilla2 #Monsterverse","Twitter for Android",140,,,,FALSE,TRUE,0,125,,,"Godzilla",,,,,,,,,,,,,"x768049658","GodzillaMovies","en",,,,,,,,,,,,,,,,"x1068856043596365824","Take a look at the new, official images depicting scenes from the upcoming #Godzilla: King of the Monsters!

https://t.co/cgGiSkTo7n #GodzillaKingOfTheMonsters #Godzilla2 #Monsterverse",2018-12-01 13:15:13,"Twitter for Android",393,125,"x768049658","GodzillaMovies","Godzilla vs. Kong",35193,77,3791,"Nov. 20th, 2020","THE destination for #Godzilla fans. FOLLOW us for the latest GODZILLA VS. KONG 2020 news! Staff: @GmanOnScified",FALSE,,,,,,,"NA NA","NA NA","NA NA NA NA NA NA NA NA","https://twitter.com/GodzillaVrsKong/status/1068878606384984064","Godzilla vs. Kong","November 20th, 2020","King meets God. #GodzillaVsKong

https://t.co/DlLBtq6BvR","https://t.co/SRck1WTMfe",FALSE,3065,5,10,37,12,2017-03-11 17:06:21,FALSE,"https://t.co/SRck1WTMfe","http://www.godzillavskong-movie.com/",,"https://pbs.twimg.com/profile_banners/840609853206876165/1489253210",,"http://pbs.twimg.com/profile_images/1134073861979484161/GA-3yXdn_normal.jpg"
"x840609853206876165","x1068878589494521856",2018-12-01 14:44:49,"GodzillaVrsKong","The Stranger Things star returns for her second #Godzilla film, joined by #Kong. Take a look at more set photos:

https://t.co/F9gx5g0QZ2 #GodzillaVsKong @GodzillaVrsKong","Twitter for Android",140,,,,FALSE,TRUE,0,87,,,"Godzilla Kong",,,,,,,,,,,,,"x768049658","GodzillaMovies","en",,,,,,,,,,,,,,,,"x1068189604656881671","The Stranger Things star returns for her second #Godzilla film, joined by #Kong. Take a look at more set photos:

https://t.co/F9gx5g0QZ2 #GodzillaVsKong @GodzillaVrsKong",2018-11-29 17:07:02,"Twitter for Android",339,87,"x768049658","GodzillaMovies","Godzilla vs. Kong",35193,77,3791,"Nov. 20th, 2020","THE destination for #Godzilla fans. FOLLOW us for the latest GODZILLA VS. KONG 2020 news! Staff: @GmanOnScified",FALSE,,,,,,,"NA NA","NA NA","NA NA NA NA NA NA NA NA","https://twitter.com/GodzillaVrsKong/status/1068878589494521856","Godzilla vs. Kong","November 20th, 2020","King meets God. #GodzillaVsKong

https://t.co/DlLBtq6BvR","https://t.co/SRck1WTMfe",FALSE,3065,5,10,37,12,2017-03-11 17:06:21,FALSE,"https://t.co/SRck1WTMfe","http://www.godzillavskong-movie.com/",,"https://pbs.twimg.com/profile_banners/840609853206876165/1489253210",,"http://pbs.twimg.com/profile_images/1134073861979484161/GA-3yXdn_normal.jpg"
"x840609853206876165","x1066748158938660864",2018-11-25 17:39:14,"GodzillaVrsKong","Godzilla vs. Kong is filming now:

https://t.co/WkXjv1vSvu #Godzilla #GodzilkaKingOfTheMonsters #GodzillaVsKong","Twitter for Android",111,,,,FALSE,FALSE,38,9,,,"Godzilla GodzilkaKingOfTheMonsters GodzillaVsKong",,"godzilla-movies.com/news/godzilla-…","https://t.co/WkXjv1vSvu","http://www.godzilla-movies.com/news/godzilla-vs-kong-set-images",,,,,,,,,,,"en",,,,,,,,,,,,,,,,,,,,,,,,,,,,,,,,,,,,,"NA NA","NA NA","NA NA NA NA NA NA NA NA","https://twitter.com/GodzillaVrsKong/status/1066748158938660864","Godzilla vs. Kong","November 20th, 2020","King meets God. #GodzillaVsKong

https://t.co/DlLBtq6BvR","https://t.co/SRck1WTMfe",FALSE,3065,5,10,37,12,2017-03-11 17:06:21,FALSE,"https://t.co/SRck1WTMfe","http://www.godzillavskong-movie.com/",,"https://pbs.twimg.com/profile_banners/840609853206876165/1489253210",,"http://pbs.twimg.com/profile_images/1134073861979484161/GA-3yXdn_normal.jpg"
"x840609853206876165","x1042865789488046083",2018-09-20 19:59:14,"GodzillaVrsKong","Next month. https://t.co/1aUUYhnlOR #GodzillaVsKong #GodzillaKingOfTheMonsters #Godzilla","Twitter for Android",88,,,,FALSE,FALSE,53,13,,,"GodzillaVsKong GodzillaKingOfTheMonsters Godzilla",,"godzilla-movies.com/news/godzilla-…","https://t.co/1aUUYhnlOR","http://www.godzilla-movies.com/news/godzilla-vs-kong-2020-begins-filming-hawaii-next-month",,,,,,,,,,,"en",,,,,,,,,,,,,,,,,,,,,,,,,,,,,,,,,,,,,"NA NA","NA NA","NA NA NA NA NA NA NA NA","https://twitter.com/GodzillaVrsKong/status/1042865789488046083","Godzilla vs. Kong","November 20th, 2020","King meets God. #GodzillaVsKong

https://t.co/DlLBtq6BvR","https://t.co/SRck1WTMfe",FALSE,3065,5,10,37,12,2017-03-11 17:06:21,FALSE,"https://t.co/SRck1WTMfe","http://www.godzillavskong-movie.com/",,"https://pbs.twimg.com/profile_banners/840609853206876165/1489253210",,"http://pbs.twimg.com/profile_images/1134073861979484161/GA-3yXdn_normal.jpg"
"x840609853206876165","x1025514517516705792",2018-08-03 22:51:28,"GodzillaVrsKong","Kong is in great hands.

https://t.co/fafwanu3Nx #GodzillaVsKong","Twitter for Android",64,,,,FALSE,FALSE,39,7,,,"GodzillaVsKong",,"godzilla-movies.com/news/kong-is-g…","https://t.co/fafwanu3Nx","http://www.godzilla-movies.com/news/kong-is-good-hands-according-skull-island-director-jordan-vogt-roberts",,,,,,,,,,,"en",,,,,,,,,,,,,,,,,,,,,,,,,,,,,,,,,,,,,"NA NA","NA NA","NA NA NA NA NA NA NA NA","https://twitter.com/GodzillaVrsKong/status/1025514517516705792","Godzilla vs. Kong","November 20th, 2020","King meets God. #GodzillaVsKong

https://t.co/DlLBtq6BvR","https://t.co/SRck1WTMfe",FALSE,3065,5,10,37,12,2017-03-11 17:06:21,FALSE,"https://t.co/SRck1WTMfe","http://www.godzillavskong-movie.com/",,"https://pbs.twimg.com/profile_banners/840609853206876165/1489253210",,"http://pbs.twimg.com/profile_images/1134073861979484161/GA-3yXdn_normal.jpg"
"x840609853206876165","x1020771159401541632",2018-07-21 20:43:04,"GodzillaVrsKong","There can only be one King. #GodzillaKingOfTheMonsters

https://t.co/K9GQCYiMmO #SDCC #Godzilla2 @Mike_Dougherty @Legendary","Twitter for Android",140,,,,FALSE,TRUE,0,216,,,"GodzillaKingOfTheMonsters SDCC Godzilla2",,"godzilla-movies.com/news/godzilla-…","https://t.co/K9GQCYiMmO","http://www.godzilla-movies.com/news/godzilla-battles-ghidorah-new-official-king-the-monsters-poster",,,,,,,,,"x768049658 x22720855","GodzillaMovies Mike_Dougherty","en",,,,,,,,,,,,,,,,"x1020770682584616960","There can only be one King. #GodzillaKingOfTheMonsters

https://t.co/K9GQCYiMmO #SDCC #Godzilla2 @Mike_Dougherty @Legendary",2018-07-21 20:41:10,"Twitter for Android",664,216,"x768049658","GodzillaMovies","Godzilla vs. Kong",35193,77,3791,"Nov. 20th, 2020","THE destination for #Godzilla fans. FOLLOW us for the latest GODZILLA VS. KONG 2020 news! Staff: @GmanOnScified",FALSE,,,,,,,"NA NA","NA NA","NA NA NA NA NA NA NA NA","https://twitter.com/GodzillaVrsKong/status/1020771159401541632","Godzilla vs. Kong","November 20th, 2020","King meets God. #GodzillaVsKong

https://t.co/DlLBtq6BvR","https://t.co/SRck1WTMfe",FALSE,3065,5,10,37,12,2017-03-11 17:06:21,FALSE,"https://t.co/SRck1WTMfe","http://www.godzillavskong-movie.com/",,"https://pbs.twimg.com/profile_banners/840609853206876165/1489253210",,"http://pbs.twimg.com/profile_images/1134073861979484161/GA-3yXdn_normal.jpg"
"x840609853206876165","x1020709738428928001",2018-07-21 16:39:00,"GodzillaVrsKong","[&gt;&lt;] Declassified GVK2020 // 
https://t.co/ZVeFPbRp02 #GodzillaVsKong","Twitter for Android",75,,,,FALSE,FALSE,271,84,,,"GodzillaVsKong",,"godzilla-movies.com/godzilla-vs-ko…","https://t.co/ZVeFPbRp02","http://www.godzilla-movies.com/godzilla-vs-kong/",,,,,,,,,,,"pt",,,,,,,,,,,,,,,,,,,,,,,,,,,,,,,,,,,,,"NA NA","NA NA","NA NA NA NA NA NA NA NA","https://twitter.com/GodzillaVrsKong/status/1020709738428928001","Godzilla vs. Kong","November 20th, 2020","King meets God. #GodzillaVsKong

https://t.co/DlLBtq6BvR","https://t.co/SRck1WTMfe",FALSE,3065,5,10,37,12,2017-03-11 17:06:21,FALSE,"https://t.co/SRck1WTMfe","http://www.godzillavskong-movie.com/",,"https://pbs.twimg.com/profile_banners/840609853206876165/1489253210",,"http://pbs.twimg.com/profile_images/1134073861979484161/GA-3yXdn_normal.jpg"
"x840609853206876165","x1017851022960742405",2018-07-13 19:19:29,"GodzillaVrsKong","The. King. Is. Back. #Godzilla2 #KingOfTheMonsters

https://t.co/uCCEim7gwd #Godzilla @Mike_Dougherty @VeraFarmiga","Twitter for Android",134,,,,FALSE,TRUE,0,415,,,"Godzilla2 KingOfTheMonsters Godzilla",,"godzilla-movies.com/news/breaking-…","https://t.co/uCCEim7gwd","http://www.godzilla-movies.com/news/breaking-first-official-look-at-king-the-monsters-reveals-godzillas-atomic-breath",,,,,,,,,"x768049658 x22720855 x1881225786","GodzillaMovies Mike_Dougherty VeraFarmiga","en",,,,,,,,,,,,,,,,"x1017581987169783811","The. King. Is. Back. #Godzilla2 #KingOfTheMonsters

https://t.co/uCCEim7gwd #Godzilla @Mike_Dougherty @VeraFarmiga",2018-07-13 01:30:26,"Twitter for Android",1074,415,"x768049658","GodzillaMovies","Godzilla vs. Kong",35193,77,3791,"Nov. 20th, 2020","THE destination for #Godzilla fans. FOLLOW us for the latest GODZILLA VS. KONG 2020 news! Staff: @GmanOnScified",FALSE,,,,,,,"NA NA","NA NA","NA NA NA NA NA NA NA NA","https://twitter.com/GodzillaVrsKong/status/1017851022960742405","Godzilla vs. Kong","November 20th, 2020","King meets God. #GodzillaVsKong

https://t.co/DlLBtq6BvR","https://t.co/SRck1WTMfe",FALSE,3065,5,10,37,12,2017-03-11 17:06:21,FALSE,"https://t.co/SRck1WTMfe","http://www.godzillavskong-movie.com/",,"https://pbs.twimg.com/profile_banners/840609853206876165/1489253210",,"http://pbs.twimg.com/profile_images/1134073861979484161/GA-3yXdn_normal.jpg"
"x840609853206876165","x996960153240068097",2018-05-17 03:46:37,"GodzillaVrsKong","The hype for #GodzillaVsKong begins now... 

https://t.co/ERHrJ8tXXz @Legendary","Twitter for Android",99,,,,FALSE,TRUE,0,47,,,"GodzillaVsKong",,"godzilla-movies.com/news/will-godz…","https://t.co/ERHrJ8tXXz","http://www.godzilla-movies.com/news/will-godzilla-vs-kong-take-us-back-skull-island",,,,,,,,,"x768049658 x325633686","GodzillaMovies Legendary","en",,,,,,,,,,,,,,,,"x996959993797795841","The hype for #GodzillaVsKong begins now... 

https://t.co/ERHrJ8tXXz @Legendary",2018-05-17 03:45:59,"Twitter for Android",186,47,"x768049658","GodzillaMovies","Godzilla vs. Kong",35193,77,3791,"Nov. 20th, 2020","THE destination for #Godzilla fans. FOLLOW us for the latest GODZILLA VS. KONG 2020 news! Staff: @GmanOnScified",FALSE,,,,,,,"NA NA","NA NA","NA NA NA NA NA NA NA NA","https://twitter.com/GodzillaVrsKong/status/996960153240068097","Godzilla vs. Kong","November 20th, 2020","King meets God. #GodzillaVsKong

https://t.co/DlLBtq6BvR","https://t.co/SRck1WTMfe",FALSE,3065,5,10,37,12,2017-03-11 17:06:21,FALSE,"https://t.co/SRck1WTMfe","http://www.godzillavskong-movie.com/",,"https://pbs.twimg.com/profile_banners/840609853206876165/1489253210",,"http://pbs.twimg.com/profile_images/1134073861979484161/GA-3yXdn_normal.jpg"
"x840609853206876165","x950118521350082560",2018-01-07 21:34:42,"GodzillaVrsKong","#GodzillaVsKong https://t.co/watN0rHEMQ","Twitter for Android",15,,,,FALSE,FALSE,97,23,,,"GodzillaVsKong",,,,,"http://pbs.twimg.com/media/DS9-03qVwAArE4X.jpg","https://t.co/watN0rHEMQ","https://twitter.com/GodzillaVrsKong/status/950118521350082560/photo/1","photo","http://pbs.twimg.com/media/DS9-03qVwAArE4X.jpg","https://t.co/watN0rHEMQ","https://twitter.com/GodzillaVrsKong/status/950118521350082560/photo/1",,,,"und",,,,,,,,,,,,,,,,,,,,,,,,,,,,,,,,,,,,,"NA NA","NA NA","NA NA NA NA NA NA NA NA","https://twitter.com/GodzillaVrsKong/status/950118521350082560","Godzilla vs. Kong","November 20th, 2020","King meets God. #GodzillaVsKong

https://t.co/DlLBtq6BvR","https://t.co/SRck1WTMfe",FALSE,3065,5,10,37,12,2017-03-11 17:06:21,FALSE,"https://t.co/SRck1WTMfe","http://www.godzillavskong-movie.com/",,"https://pbs.twimg.com/profile_banners/840609853206876165/1489253210",,"http://pbs.twimg.com/profile_images/1134073861979484161/GA-3yXdn_normal.jpg"
"x840609853206876165","x898295903647178752",2017-08-17 21:30:07,"GodzillaVrsKong","Filming for #Godzilla: King of the Monsters continues with a monster rising from a volcano!
https://t.co/rN2rvAd77B #Godzilla2","Twitter for Android",140,,,,FALSE,TRUE,0,111,,,"Godzilla",,"godzilla-movies.com/news/godzilla-…","https://t.co/rN2rvAd77B","http://www.godzilla-movies.com/news/godzilla-2-shooting-key-scene-mexico-city",,,,,,,,,"x768049658","GodzillaMovies","en",,,,,,,,,,,,,,,,"x898223519460466689","Filming for #Godzilla: King of the Monsters continues with a monster rising from a volcano!
https://t.co/rN2rvAd77B #Godzilla2",2017-08-17 16:42:29,"Twitter for Android",292,111,"x768049658","GodzillaMovies","Godzilla vs. Kong",35193,77,3791,"Nov. 20th, 2020","THE destination for #Godzilla fans. FOLLOW us for the latest GODZILLA VS. KONG 2020 news! Staff: @GmanOnScified",FALSE,,,,,,,"NA NA","NA NA","NA NA NA NA NA NA NA NA","https://twitter.com/GodzillaVrsKong/status/898295903647178752","Godzilla vs. Kong","November 20th, 2020","King meets God. #GodzillaVsKong

https://t.co/DlLBtq6BvR","https://t.co/SRck1WTMfe",FALSE,3065,5,10,37,12,2017-03-11 17:06:21,FALSE,"https://t.co/SRck1WTMfe","http://www.godzillavskong-movie.com/",,"https://pbs.twimg.com/profile_banners/840609853206876165/1489253210",,"http://pbs.twimg.com/profile_images/1134073861979484161/GA-3yXdn_normal.jpg"
"x840609853206876165","x888573266302046208",2017-07-22 01:35:50,"GodzillaVrsKong","#Kong sizing up #Godzilla for their battle in 2020. https://t.co/GPQBpA2mMs #Monsterverse","Twitter for Android",89,,,,FALSE,FALSE,43,6,,,"Kong Godzilla Monsterverse",,"godzilla-movies.com/news/godzilla-…","https://t.co/GPQBpA2mMs","http://www.godzilla-movies.com/news/godzilla-vs-kong-director-talks-kongs-size--taking-series-to-next-level",,,,,,,,,,,"en",,,,,,,,,,,,,,,,,,,,,,,,,,,,,,,,,,,,,"NA NA","NA NA","NA NA NA NA NA NA NA NA","https://twitter.com/GodzillaVrsKong/status/888573266302046208","Godzilla vs. Kong","November 20th, 2020","King meets God. #GodzillaVsKong

https://t.co/DlLBtq6BvR","https://t.co/SRck1WTMfe",FALSE,3065,5,10,37,12,2017-03-11 17:06:21,FALSE,"https://t.co/SRck1WTMfe","http://www.godzillavskong-movie.com/",,"https://pbs.twimg.com/profile_banners/840609853206876165/1489253210",,"http://pbs.twimg.com/profile_images/1134073861979484161/GA-3yXdn_normal.jpg"
"x840609853206876165","x888134663134466048",2017-07-20 20:32:59,"GodzillaVrsKong","May 29th, 2020. #GodzillaVsKong","Twitter for Android",52,,,,FALSE,TRUE,0,310,,,"GodzillaVsKong",,,,,,,,,,,,,"x840609853206876165","GodzillaVrsKong","en",,,,,,,,,,,,,,,,"x840617502564573184","May 29th, 2020. #GodzillaVsKong",2017-03-11 17:36:45,"Twitter for Android",435,310,"x840609853206876165","GodzillaVrsKong","Godzilla vs. Kong",3065,5,37,"November 20th, 2020","King meets God. #GodzillaVsKong

https://t.co/DlLBtq6BvR",FALSE,,,,,,,"NA NA","NA NA","NA NA NA NA NA NA NA NA","https://twitter.com/GodzillaVrsKong/status/888134663134466048","Godzilla vs. Kong","November 20th, 2020","King meets God. #GodzillaVsKong

https://t.co/DlLBtq6BvR","https://t.co/SRck1WTMfe",FALSE,3065,5,10,37,12,2017-03-11 17:06:21,FALSE,"https://t.co/SRck1WTMfe","http://www.godzillavskong-movie.com/",,"https://pbs.twimg.com/profile_banners/840609853206876165/1489253210",,"http://pbs.twimg.com/profile_images/1134073861979484161/GA-3yXdn_normal.jpg"
"x840609853206876165","x840617502564573184",2017-03-11 17:36:45,"GodzillaVrsKong","May 29th, 2020. #GodzillaVsKong","Twitter for Android",31,,,,FALSE,FALSE,435,310,,,"GodzillaVsKong",,,,,,,,,,,,,,,"en",,,,,,,,,,,,,,,,,,,,,,,,,,,,,,,,,,,,,"NA NA","NA NA","NA NA NA NA NA NA NA NA","https://twitter.com/GodzillaVrsKong/status/840617502564573184","Godzilla vs. Kong","November 20th, 2020","King meets God. #GodzillaVsKong

https://t.co/DlLBtq6BvR","https://t.co/SRck1WTMfe",FALSE,3065,5,10,37,12,2017-03-11 17:06:21,FALSE,"https://t.co/SRck1WTMfe","http://www.godzillavskong-movie.com/",,"https://pbs.twimg.com/profile_banners/840609853206876165/1489253210",,"http://pbs.twimg.com/profile_images/1134073861979484161/GA-3yXdn_normal.jpg"
