"user_id","status_id","created_at","screen_name","text","source","display_text_width","reply_to_status_id","reply_to_user_id","reply_to_screen_name","is_quote","is_retweet","favorite_count","retweet_count","quote_count","reply_count","hashtags","symbols","urls_url","urls_t.co","urls_expanded_url","media_url","media_t.co","media_expanded_url","media_type","ext_media_url","ext_media_t.co","ext_media_expanded_url","ext_media_type","mentions_user_id","mentions_screen_name","lang","quoted_status_id","quoted_text","quoted_created_at","quoted_source","quoted_favorite_count","quoted_retweet_count","quoted_user_id","quoted_screen_name","quoted_name","quoted_followers_count","quoted_friends_count","quoted_statuses_count","quoted_location","quoted_description","quoted_verified","retweet_status_id","retweet_text","retweet_created_at","retweet_source","retweet_favorite_count","retweet_retweet_count","retweet_user_id","retweet_screen_name","retweet_name","retweet_followers_count","retweet_friends_count","retweet_statuses_count","retweet_location","retweet_description","retweet_verified","place_url","place_name","place_full_name","place_type","country","country_code","geo_coords","coords_coords","bbox_coords","status_url","name","location","description","url","protected","followers_count","friends_count","listed_count","statuses_count","favourites_count","account_created_at","verified","profile_url","profile_expanded_url","account_lang","profile_banner_url","profile_background_url","profile_image_url"
"x1098669174501470208","x1234578820302282752",2020-03-02 20:38:22,"istillbelieve","Send your love soaring with an #IStillBelieve Love Lantern. See this true love story in theaters beginning March 13. Find the effect for Facebook here: https://t.co/YtKSO3EKTW
 and Instagram here: https://t.co/sYamhmC1oJ https://t.co/DFfu64qvXj","Twitter Media Studio",220,,,,FALSE,FALSE,71,13,,,"IStillBelieve",,"facebook.com/fbcameraeffect… instagram.com/a/r/?effect_id…","https://t.co/YtKSO3EKTW https://t.co/sYamhmC1oJ","https://www.facebook.com/fbcameraeffects/tryit/312364936388255/ https://www.instagram.com/a/r/?effect_id=194985515194561","http://pbs.twimg.com/media/ESIazF1WAAEVhvf.jpg","https://t.co/DFfu64qvXj","https://twitter.com/istillbelieve/status/1234578820302282752/video/1","photo","http://pbs.twimg.com/media/ESIazF1WAAEVhvf.jpg","https://t.co/DFfu64qvXj","https://twitter.com/istillbelieve/status/1234578820302282752/video/1",,,,"en",,,,,,,,,,,,,,,,,,,,,,,,,,,,,,,,,,,,,"NA NA","NA NA","NA NA NA NA NA NA NA NA","https://twitter.com/istillbelieve/status/1234578820302282752","I Still Believe Film","","#IStillBelieve only in theaters 3.13.20.","https://t.co/ryFN4rT3vX",FALSE,3047,10,20,79,60,2019-02-21 19:41:58,TRUE,"https://t.co/ryFN4rT3vX","https://tickets.istillbelieve.movie",,"https://pbs.twimg.com/profile_banners/1098669174501470208/1578938405",,"http://pbs.twimg.com/profile_images/1216781976075751428/dlBSNK6X_normal.jpg"
"x1098669174501470208","x1234549780254203904",2020-03-02 18:42:59,"istillbelieve","Want to join us at the red carpet? Get a chance to see @KJ_Apa and the cast at ArcLight Hollywood at our LA Special Screening. Check out more details at: https://t.co/2VYMXwNcYT https://t.co/ZuxjUmUXvy","Twitter Media Studio",177,,,,FALSE,FALSE,95,24,,,,,"bit.ly/ISBLAScreening","https://t.co/2VYMXwNcYT","http://bit.ly/ISBLAScreening","http://pbs.twimg.com/media/ESH-TfMX0AECnjo.jpg","https://t.co/ZuxjUmUXvy","https://twitter.com/istillbelieve/status/1234549780254203904/photo/1","photo","http://pbs.twimg.com/media/ESH-TfMX0AECnjo.jpg","https://t.co/ZuxjUmUXvy","https://twitter.com/istillbelieve/status/1234549780254203904/photo/1",,"x779100876","kj_apa","en",,,,,,,,,,,,,,,,,,,,,,,,,,,,,,,,,,,,,"NA NA","NA NA","NA NA NA NA NA NA NA NA","https://twitter.com/istillbelieve/status/1234549780254203904","I Still Believe Film","","#IStillBelieve only in theaters 3.13.20.","https://t.co/ryFN4rT3vX",FALSE,3047,10,20,79,60,2019-02-21 19:41:58,TRUE,"https://t.co/ryFN4rT3vX","https://tickets.istillbelieve.movie",,"https://pbs.twimg.com/profile_banners/1098669174501470208/1578938405",,"http://pbs.twimg.com/profile_images/1216781976075751428/dlBSNK6X_normal.jpg"
"x1098669174501470208","x1233853421637316609",2020-02-29 20:35:54,"istillbelieve","If you love stories of redemption, @michaelwsmith can’t wait for you to see #IStillBelieve. Get your tickets today for March 13. https://t.co/1YBjpNwemr https://t.co/miv5dzygmZ","Twitter Media Studio",152,,,,FALSE,FALSE,131,27,,,"IStillBelieve",,"tickets.istillbelieve.movie","https://t.co/1YBjpNwemr","https://tickets.istillbelieve.movie","http://pbs.twimg.com/media/ERzrhF9WkAoN9YN.jpg","https://t.co/miv5dzygmZ","https://twitter.com/istillbelieve/status/1233853421637316609/video/1","photo","http://pbs.twimg.com/media/ERzrhF9WkAoN9YN.jpg","https://t.co/miv5dzygmZ","https://twitter.com/istillbelieve/status/1233853421637316609/video/1",,"x15770447","michaelwsmith","en",,,,,,,,,,,,,,,,,,,,,,,,,,,,,,,,,,,,,"NA NA","NA NA","NA NA NA NA NA NA NA NA","https://twitter.com/istillbelieve/status/1233853421637316609","I Still Believe Film","","#IStillBelieve only in theaters 3.13.20.","https://t.co/ryFN4rT3vX",FALSE,3047,10,20,79,60,2019-02-21 19:41:58,TRUE,"https://t.co/ryFN4rT3vX","https://tickets.istillbelieve.movie",,"https://pbs.twimg.com/profile_banners/1098669174501470208/1578938405",,"http://pbs.twimg.com/profile_images/1216781976075751428/dlBSNK6X_normal.jpg"
"x1098669174501470208","x1233578181694808066",2020-02-29 02:22:11,"istillbelieve","Check out the music video for @JeremyCamp’s new version of his classic hit, featuring clips from the new movie that tells his story. Get ready: #IStillBelieve opens in theaters March 13. Watch the full music video here: https://t.co/6cPAnkbqip https://t.co/hrqsZ46Wk8","Twitter Media Studio",243,,,,FALSE,FALSE,666,154,,,"IStillBelieve",,"youtube.com/watch?v=fZPMZV…","https://t.co/6cPAnkbqip","https://www.youtube.com/watch?v=fZPMZV9MVVY","http://pbs.twimg.com/media/ER6Ma_JXUAAH91n.jpg","https://t.co/hrqsZ46Wk8","https://twitter.com/istillbelieve/status/1233578181694808066/video/1","photo","http://pbs.twimg.com/media/ER6Ma_JXUAAH91n.jpg","https://t.co/hrqsZ46Wk8","https://twitter.com/istillbelieve/status/1233578181694808066/video/1",,"x14433891","jeremycamp","en",,,,,,,,,,,,,,,,,,,,,,,,,,,,,,,,,,,,,"NA NA","NA NA","NA NA NA NA NA NA NA NA","https://twitter.com/istillbelieve/status/1233578181694808066","I Still Believe Film","","#IStillBelieve only in theaters 3.13.20.","https://t.co/ryFN4rT3vX",FALSE,3047,10,20,79,60,2019-02-21 19:41:58,TRUE,"https://t.co/ryFN4rT3vX","https://tickets.istillbelieve.movie",,"https://pbs.twimg.com/profile_banners/1098669174501470208/1578938405",,"http://pbs.twimg.com/profile_images/1216781976075751428/dlBSNK6X_normal.jpg"
"x1098669174501470208","x1233482001774190603",2020-02-28 20:00:00,"istillbelieve","Two is the magic number in this beautiful true love story. See #IStillBelieve on March 13. https://t.co/S0xZLR1fXU","Twitter Media Studio",90,,,,FALSE,FALSE,218,46,,,"IStillBelieve",,,,,"http://pbs.twimg.com/media/ER4tYZoXYAIXabp.jpg","https://t.co/S0xZLR1fXU","https://twitter.com/istillbelieve/status/1233482001774190603/photo/1","photo","http://pbs.twimg.com/media/ER4tYZoXYAIXabp.jpg","https://t.co/S0xZLR1fXU","https://twitter.com/istillbelieve/status/1233482001774190603/photo/1",,,,"en",,,,,,,,,,,,,,,,,,,,,,,,,,,,,,,,,,,,,"NA NA","NA NA","NA NA NA NA NA NA NA NA","https://twitter.com/istillbelieve/status/1233482001774190603","I Still Believe Film","","#IStillBelieve only in theaters 3.13.20.","https://t.co/ryFN4rT3vX",FALSE,3047,10,20,79,60,2019-02-21 19:41:58,TRUE,"https://t.co/ryFN4rT3vX","https://tickets.istillbelieve.movie",,"https://pbs.twimg.com/profile_banners/1098669174501470208/1578938405",,"http://pbs.twimg.com/profile_images/1216781976075751428/dlBSNK6X_normal.jpg"
"x1098669174501470208","x1233453983240458240",2020-02-28 18:08:40,"istillbelieve","We’re in and @KJ_Apa’s in – are you in? Join KJ in-person for an exclusive New York Fan Screening of #IStillBelieve at AMC Empire 25. Learn more info at https://t.co/esdji9HOBC https://t.co/hcnnFzT40D","Twitter Web App",176,,,,FALSE,FALSE,897,57,,,"IStillBelieve",,"bit.ly/ISBNYScreening","https://t.co/esdji9HOBC","http://bit.ly/ISBNYScreening","http://pbs.twimg.com/media/ER4b2SKXkAAB507.jpg","https://t.co/hcnnFzT40D","https://twitter.com/istillbelieve/status/1233453983240458240/photo/1","photo","http://pbs.twimg.com/media/ER4b2SKXkAAB507.jpg","https://t.co/hcnnFzT40D","https://twitter.com/istillbelieve/status/1233453983240458240/photo/1",,"x779100876","kj_apa","en",,,,,,,,,,,,,,,,,,,,,,,,,,,,,,,,,,,,,"NA NA","NA NA","NA NA NA NA NA NA NA NA","https://twitter.com/istillbelieve/status/1233453983240458240","I Still Believe Film","","#IStillBelieve only in theaters 3.13.20.","https://t.co/ryFN4rT3vX",FALSE,3047,10,20,79,60,2019-02-21 19:41:58,TRUE,"https://t.co/ryFN4rT3vX","https://tickets.istillbelieve.movie",,"https://pbs.twimg.com/profile_banners/1098669174501470208/1578938405",,"http://pbs.twimg.com/profile_images/1216781976075751428/dlBSNK6X_normal.jpg"
"x1098669174501470208","x1233453300290334720",2020-02-28 18:05:57,"istillbelieve","HELLO @kj_apa fans it's time to show what you know! Fill out our latest #FanSurvey! <U+2935><U+FE0F> https://t.co/MpKBxjo83u","Twitter Web App",125,,,,FALSE,TRUE,0,25,,,"FanSurvey",,"tnvge.co/suD8UT2","https://t.co/MpKBxjo83u","http://tnvge.co/suD8UT2",,,,,,,,,"x24190981 x779100876","TeenVogue kj_apa","en",,,,,,,,,,,,,,,,"x1233181273818005504","HELLO @kj_apa fans it's time to show what you know! Fill out our latest #FanSurvey! <U+2935><U+FE0F> https://t.co/MpKBxjo83u",2020-02-28 00:05:01,"SocialFlow",92,25,"x24190981","TeenVogue","Teen Vogue",3360902,2522,122767,"","a little chaos goes a long way <U+2728><U+0001F44A><U+0001F3FE>",TRUE,,,,,,,"NA NA","NA NA","NA NA NA NA NA NA NA NA","https://twitter.com/istillbelieve/status/1233453300290334720","I Still Believe Film","","#IStillBelieve only in theaters 3.13.20.","https://t.co/ryFN4rT3vX",FALSE,3047,10,20,79,60,2019-02-21 19:41:58,TRUE,"https://t.co/ryFN4rT3vX","https://tickets.istillbelieve.movie",,"https://pbs.twimg.com/profile_banners/1098669174501470208/1578938405",,"http://pbs.twimg.com/profile_images/1216781976075751428/dlBSNK6X_normal.jpg"
"x1098669174501470208","x1233157854657380352",2020-02-27 22:31:58,"istillbelieve","Wondering what you'll experience when you see #IStillBelieve in theaters March 13? Just ask recording artist @RebeccaStJames. https://t.co/OET0mil3lj","Twitter Media Studio",125,,,,FALSE,FALSE,113,28,,,"IStillBelieve",,,,,"http://pbs.twimg.com/amplify_video_thumb/1233157042694692865/img/sxt0LwJO1V-KXvEz.jpg","https://t.co/OET0mil3lj","https://twitter.com/istillbelieve/status/1233157854657380352/video/1","photo","http://pbs.twimg.com/amplify_video_thumb/1233157042694692865/img/sxt0LwJO1V-KXvEz.jpg","https://t.co/OET0mil3lj","https://twitter.com/istillbelieve/status/1233157854657380352/video/1",,"x14293974","RebeccaStJames","en",,,,,,,,,,,,,,,,,,,,,,,,,,,,,,,,,,,,,"NA NA","NA NA","NA NA NA NA NA NA NA NA","https://twitter.com/istillbelieve/status/1233157854657380352","I Still Believe Film","","#IStillBelieve only in theaters 3.13.20.","https://t.co/ryFN4rT3vX",FALSE,3047,10,20,79,60,2019-02-21 19:41:58,TRUE,"https://t.co/ryFN4rT3vX","https://tickets.istillbelieve.movie",,"https://pbs.twimg.com/profile_banners/1098669174501470208/1578938405",,"http://pbs.twimg.com/profile_images/1216781976075751428/dlBSNK6X_normal.jpg"
"x1098669174501470208","x1232780621354762242",2020-02-26 21:32:58,"istillbelieve","Train up a child in the way he should go, and when he is old he will not depart from it. See love in full display in #IStillBelieve on March 13. https://t.co/78KDXvT6fx","Twitter Media Studio",144,,,,FALSE,FALSE,279,63,,,"IStillBelieve",,,,,"http://pbs.twimg.com/media/ERu3WA0WAAE4WQ0.jpg","https://t.co/78KDXvT6fx","https://twitter.com/istillbelieve/status/1232780621354762242/video/1","photo","http://pbs.twimg.com/media/ERu3WA0WAAE4WQ0.jpg","https://t.co/78KDXvT6fx","https://twitter.com/istillbelieve/status/1232780621354762242/video/1",,,,"en",,,,,,,,,,,,,,,,,,,,,,,,,,,,,,,,,,,,,"NA NA","NA NA","NA NA NA NA NA NA NA NA","https://twitter.com/istillbelieve/status/1232780621354762242","I Still Believe Film","","#IStillBelieve only in theaters 3.13.20.","https://t.co/ryFN4rT3vX",FALSE,3047,10,20,79,60,2019-02-21 19:41:58,TRUE,"https://t.co/ryFN4rT3vX","https://tickets.istillbelieve.movie",,"https://pbs.twimg.com/profile_banners/1098669174501470208/1578938405",,"http://pbs.twimg.com/profile_images/1216781976075751428/dlBSNK6X_normal.jpg"
"x1098669174501470208","x1232737102850330625",2020-02-26 18:40:03,"istillbelieve","This is love, as pure as it gets. See @KJ_Apa and @RealBritt_Rob in #IStillBelieve in theaters March 13. Get your tickets at: https://t.co/K6TycYtOtD https://t.co/EaB0X5ufWn","Twitter Media Studio",149,,,,FALSE,FALSE,1586,128,,,"IStillBelieve",,"tickets.istillbelieve.movie","https://t.co/K6TycYtOtD","https://tickets.istillbelieve.movie/","http://pbs.twimg.com/media/ERuPwFMXYAABK6W.jpg","https://t.co/EaB0X5ufWn","https://twitter.com/istillbelieve/status/1232737102850330625/video/1","photo","http://pbs.twimg.com/media/ERuPwFMXYAABK6W.jpg","https://t.co/EaB0X5ufWn","https://twitter.com/istillbelieve/status/1232737102850330625/video/1",,"x779100876 x89014057","kj_apa RealBritt_Rob","en",,,,,,,,,,,,,,,,,,,,,,,,,,,,,,,,,,,,,"NA NA","NA NA","NA NA NA NA NA NA NA NA","https://twitter.com/istillbelieve/status/1232737102850330625","I Still Believe Film","","#IStillBelieve only in theaters 3.13.20.","https://t.co/ryFN4rT3vX",FALSE,3047,10,20,79,60,2019-02-21 19:41:58,TRUE,"https://t.co/ryFN4rT3vX","https://tickets.istillbelieve.movie",,"https://pbs.twimg.com/profile_banners/1098669174501470208/1578938405",,"http://pbs.twimg.com/profile_images/1216781976075751428/dlBSNK6X_normal.jpg"
"x1098669174501470208","x1232706770499461121",2020-02-26 16:39:31,"istillbelieve","He’s in, are you? Get a chance to meet KJ Apa by singing your own #IStillBelieveCover. Check out more info at https://t.co/qHz9tfnTqA https://t.co/fLGEcGgBkN","Twitter Web App",133,,,,TRUE,FALSE,53,10,,,"IStillBelieveCover",,"iheartradio.com/istillbelieve twitter.com/etnow/status/1…","https://t.co/qHz9tfnTqA https://t.co/fLGEcGgBkN","http://www.iheartradio.com/istillbelieve https://twitter.com/etnow/status/1232696573785726982",,,,,,,,,,,"en","x1232696573785726982","KJ Apa gets down on one knee in this exclusive clip of #IStillBelieve! <U+0001F48D> https://t.co/d3tB6yjtkF",2020-02-26 15:59:00,"TweetDeck",136,31,"x23603092","etnow","Entertainment Tonight",1588207,326382,133756,"Hollywood, CA","Entertainment begins and ends with ET.",TRUE,,,,,,,,,,,,,,,,,,,,,,"NA NA","NA NA","NA NA NA NA NA NA NA NA","https://twitter.com/istillbelieve/status/1232706770499461121","I Still Believe Film","","#IStillBelieve only in theaters 3.13.20.","https://t.co/ryFN4rT3vX",FALSE,3047,10,20,79,60,2019-02-21 19:41:58,TRUE,"https://t.co/ryFN4rT3vX","https://tickets.istillbelieve.movie",,"https://pbs.twimg.com/profile_banners/1098669174501470208/1578938405",,"http://pbs.twimg.com/profile_images/1216781976075751428/dlBSNK6X_normal.jpg"
"x1098669174501470208","x1232706739625242633",2020-02-26 16:39:23,"istillbelieve","@etnow He’s in, are you? Get a chance to meet KJ Apa by singing your own #IStillBelieveCover. Check out more info at https://t.co/qHz9tfnTqA","Twitter Web App",133,"x1232696573785726982","x23603092","etnow",FALSE,FALSE,13,2,,,"IStillBelieveCover",,"iheartradio.com/istillbelieve","https://t.co/qHz9tfnTqA","http://www.iheartradio.com/istillbelieve",,,,,,,,,"x23603092","etnow","en",,,,,,,,,,,,,,,,,,,,,,,,,,,,,,,,,,,,,"NA NA","NA NA","NA NA NA NA NA NA NA NA","https://twitter.com/istillbelieve/status/1232706739625242633","I Still Believe Film","","#IStillBelieve only in theaters 3.13.20.","https://t.co/ryFN4rT3vX",FALSE,3047,10,20,79,60,2019-02-21 19:41:58,TRUE,"https://t.co/ryFN4rT3vX","https://tickets.istillbelieve.movie",,"https://pbs.twimg.com/profile_banners/1098669174501470208/1578938405",,"http://pbs.twimg.com/profile_images/1216781976075751428/dlBSNK6X_normal.jpg"
"x1098669174501470208","x1232679013686153216",2020-02-26 14:49:13,"istillbelieve","The @iHeartRadio #IStillBelieveCover contest ends Sunday! Get your submission in for your chance to win some great prizes, including a chance to meet @KJ_Apa! View submissions here: https://t.co/h62aWegysC and for more details on how to enter here: https://t.co/cKc8Q1Hror https://t.co/dHfbMBNNTd","Twitter Media Studio",272,,,,FALSE,FALSE,135,30,,,"IStillBelieveCover",,"tintup.com/t/i-still-beli… iheartradio.com/istillbelieve","https://t.co/h62aWegysC https://t.co/cKc8Q1Hror","https://tintup.com/t/i-still-believe-cover http://iheartradio.com/istillbelieve","http://pbs.twimg.com/amplify_video_thumb/1232446885870395397/img/vliV4F1CPflRvb4O.jpg","https://t.co/dHfbMBNNTd","https://twitter.com/istillbelieve/status/1232679013686153216/video/1","photo","http://pbs.twimg.com/amplify_video_thumb/1232446885870395397/img/vliV4F1CPflRvb4O.jpg","https://t.co/dHfbMBNNTd","https://twitter.com/istillbelieve/status/1232679013686153216/video/1",,"x46116615 x779100876","iHeartRadio kj_apa","en",,,,,,,,,,,,,,,,,,,,,,,,,,,,,,,,,,,,,"NA NA","NA NA","NA NA NA NA NA NA NA NA","https://twitter.com/istillbelieve/status/1232679013686153216","I Still Believe Film","","#IStillBelieve only in theaters 3.13.20.","https://t.co/ryFN4rT3vX",FALSE,3047,10,20,79,60,2019-02-21 19:41:58,TRUE,"https://t.co/ryFN4rT3vX","https://tickets.istillbelieve.movie",,"https://pbs.twimg.com/profile_banners/1098669174501470208/1578938405",,"http://pbs.twimg.com/profile_images/1216781976075751428/dlBSNK6X_normal.jpg"
"x1098669174501470208","x1232364642330083328",2020-02-25 18:00:01,"istillbelieve","It's apparent: @KJ_Apa plays the son of @GarySinise and @ShaniaTwain in the new movie #IStillBelieve, opening in theaters March 13. https://t.co/K6TycYtOtD https://t.co/5OKDuG1WHS","Twitter Media Studio",155,,,,FALSE,FALSE,166,38,,,"IStillBelieve",,"tickets.istillbelieve.movie","https://t.co/K6TycYtOtD","https://tickets.istillbelieve.movie/","http://pbs.twimg.com/tweet_video_thumb/ERosrJYX0AA8bq8.jpg","https://t.co/5OKDuG1WHS","https://twitter.com/istillbelieve/status/1232364642330083328/photo/1","photo","http://pbs.twimg.com/tweet_video_thumb/ERosrJYX0AA8bq8.jpg","https://t.co/5OKDuG1WHS","https://twitter.com/istillbelieve/status/1232364642330083328/photo/1",,"x779100876 x128393253 x107436986","kj_apa GarySinise ShaniaTwain","en",,,,,,,,,,,,,,,,,,,,,,,,,,,,,,,,,,,,,"NA NA","NA NA","NA NA NA NA NA NA NA NA","https://twitter.com/istillbelieve/status/1232364642330083328","I Still Believe Film","","#IStillBelieve only in theaters 3.13.20.","https://t.co/ryFN4rT3vX",FALSE,3047,10,20,79,60,2019-02-21 19:41:58,TRUE,"https://t.co/ryFN4rT3vX","https://tickets.istillbelieve.movie",,"https://pbs.twimg.com/profile_banners/1098669174501470208/1578938405",,"http://pbs.twimg.com/profile_images/1216781976075751428/dlBSNK6X_normal.jpg"
"x1098669174501470208","x1231020783100542977",2020-02-22 01:00:00,"istillbelieve","Want to join us for a date night? <U+0001F31F> Take part in @ChristianMingle’s first #MingleMovieNight contest to get a chance to win tickets for you and your date to a Red Carpet Experience of I Still Believe in LA this spring. Check out more info at https://t.co/aDKBmjBF1C https://t.co/bjOP42s6ls","Twitter Media Studio",264,,,,FALSE,FALSE,96,20,,,"MingleMovieNight",,"christianmingle.com/en/believe/dis…","https://t.co/aDKBmjBF1C","https://www.christianmingle.com/en/believe/discover/mingle-movie-night/?CID=CUS_SEO_2000_0_0_2000_ISBFB","http://pbs.twimg.com/media/ERVFmPmWsAY4tT4.jpg","https://t.co/bjOP42s6ls","https://twitter.com/istillbelieve/status/1231020783100542977/video/1","photo","http://pbs.twimg.com/media/ERVFmPmWsAY4tT4.jpg","https://t.co/bjOP42s6ls","https://twitter.com/istillbelieve/status/1231020783100542977/video/1",,"x90518769","christianmingle","en",,,,,,,,,,,,,,,,,,,,,,,,,,,,,,,,,,,,,"NA NA","NA NA","NA NA NA NA NA NA NA NA","https://twitter.com/istillbelieve/status/1231020783100542977","I Still Believe Film","","#IStillBelieve only in theaters 3.13.20.","https://t.co/ryFN4rT3vX",FALSE,3047,10,20,79,60,2019-02-21 19:41:58,TRUE,"https://t.co/ryFN4rT3vX","https://tickets.istillbelieve.movie",,"https://pbs.twimg.com/profile_banners/1098669174501470208/1578938405",,"http://pbs.twimg.com/profile_images/1216781976075751428/dlBSNK6X_normal.jpg"
"x1098669174501470208","x1230597996036800512",2020-02-20 21:00:00,"istillbelieve","It's a movie that's sure to inspire everyone, but don't take our word. Check out what people are saying about #IStillBelieve, in theaters March 13. https://t.co/K6TycYLplb https://t.co/lT09N9tuaw","Twitter Media Studio",171,,,,FALSE,FALSE,185,38,,,"IStillBelieve",,"tickets.istillbelieve.movie","https://t.co/K6TycYLplb","https://tickets.istillbelieve.movie/","http://pbs.twimg.com/media/ERPk1L1XsAES6lN.jpg","https://t.co/lT09N9tuaw","https://twitter.com/istillbelieve/status/1230597996036800512/video/1","photo","http://pbs.twimg.com/media/ERPk1L1XsAES6lN.jpg","https://t.co/lT09N9tuaw","https://twitter.com/istillbelieve/status/1230597996036800512/video/1",,,,"en",,,,,,,,,,,,,,,,,,,,,,,,,,,,,,,,,,,,,"NA NA","NA NA","NA NA NA NA NA NA NA NA","https://twitter.com/istillbelieve/status/1230597996036800512","I Still Believe Film","","#IStillBelieve only in theaters 3.13.20.","https://t.co/ryFN4rT3vX",FALSE,3047,10,20,79,60,2019-02-21 19:41:58,TRUE,"https://t.co/ryFN4rT3vX","https://tickets.istillbelieve.movie",,"https://pbs.twimg.com/profile_banners/1098669174501470208/1578938405",,"http://pbs.twimg.com/profile_images/1216781976075751428/dlBSNK6X_normal.jpg"
"x1098669174501470208","x1230271952557879298",2020-02-19 23:24:25,"istillbelieve",".@istillbelieve is giving you the chance to win a trip to LA to meet @kj_apa and attend a screening of the film! Enter to win by posting a video of your rendition of I Still Believe on FB, IG in-feed, or TW with #IStillBelieveCover. Check out https://t.co/ZCvgAntOEd for rules https://t.co/hX4Mosi0wg","Twitter for iPhone",139,,,,FALSE,TRUE,0,90,,,,,,,,,,,,,,,,"x46116615 x1098669174501470208 x779100876","iHeartRadio istillbelieve kj_apa","en",,,,,,,,,,,,,,,,"x1230254561128013824",".@istillbelieve is giving you the chance to win a trip to LA to meet @kj_apa and attend a screening of the film! Enter to win by posting a video of your rendition of I Still Believe on FB, IG in-feed, or TW with #IStillBelieveCover. Check out https://t.co/ZCvgAntOEd for rules https://t.co/hX4Mosi0wg",2020-02-19 22:15:19,"Sprinklr",985,90,"x46116615","iHeartRadio","iHeartRadio",1645161,73546,129312,"United States","iHeartRadio – Your Music, Your Stations and Podcasts too. All Free.",TRUE,,,,,,,"NA NA","NA NA","NA NA NA NA NA NA NA NA","https://twitter.com/istillbelieve/status/1230271952557879298","I Still Believe Film","","#IStillBelieve only in theaters 3.13.20.","https://t.co/ryFN4rT3vX",FALSE,3047,10,20,79,60,2019-02-21 19:41:58,TRUE,"https://t.co/ryFN4rT3vX","https://tickets.istillbelieve.movie",,"https://pbs.twimg.com/profile_banners/1098669174501470208/1578938405",,"http://pbs.twimg.com/profile_images/1216781976075751428/dlBSNK6X_normal.jpg"
"x1098669174501470208","x1229918519053180936",2020-02-19 00:00:00,"istillbelieve","The only thing more challenging than dating? Agreeing to go on that first date. Check out this new scene from #IStillBelieve and then get tickets for you and your date. https://t.co/K6TycYtOtD https://t.co/xrjzjSNd9I","Twitter Media Studio",192,,,,FALSE,FALSE,287,65,,,"IStillBelieve",,"tickets.istillbelieve.movie","https://t.co/K6TycYtOtD","https://tickets.istillbelieve.movie/","http://pbs.twimg.com/media/ERGDvgyWsAAqYYX.jpg","https://t.co/xrjzjSNd9I","https://twitter.com/istillbelieve/status/1229918519053180936/video/1","photo","http://pbs.twimg.com/media/ERGDvgyWsAAqYYX.jpg","https://t.co/xrjzjSNd9I","https://twitter.com/istillbelieve/status/1229918519053180936/video/1",,,,"en",,,,,,,,,,,,,,,,,,,,,,,,,,,,,,,,,,,,,"NA NA","NA NA","NA NA NA NA NA NA NA NA","https://twitter.com/istillbelieve/status/1229918519053180936","I Still Believe Film","","#IStillBelieve only in theaters 3.13.20.","https://t.co/ryFN4rT3vX",FALSE,3047,10,20,79,60,2019-02-21 19:41:58,TRUE,"https://t.co/ryFN4rT3vX","https://tickets.istillbelieve.movie",,"https://pbs.twimg.com/profile_banners/1098669174501470208/1578938405",,"http://pbs.twimg.com/profile_images/1216781976075751428/dlBSNK6X_normal.jpg"
"x1098669174501470208","x1229836449157132288",2020-02-18 18:33:53,"istillbelieve","KJ Apa &amp; Britt Robertson star in @Lionsgate's upcoming film @IStillBelieve, and in this exclusive clip, we TOTALLY relate to how awkward saying...okay...to a first date can truly be. #IStillBelieve https://t.co/sbtSjaably","Twitter Web App",144,,,,FALSE,TRUE,0,69,,,,,,,,,,,,,,,,"x2883841 x20727819 x1098669174501470208","enews Lionsgate istillbelieve","en",,,,,,,,,,,,,,,,"x1229827924855005184","KJ Apa &amp; Britt Robertson star in @Lionsgate's upcoming film @IStillBelieve, and in this exclusive clip, we TOTALLY relate to how awkward saying...okay...to a first date can truly be. #IStillBelieve https://t.co/sbtSjaably",2020-02-18 18:00:01,"Twitter Media Studio",257,69,"x2883841","enews","E! News",11773703,115926,249528,"Hollywood, CA","Bringing you all the latest entertainment news! 
Keep up at https://t.co/G81dlZzugA and watch us weekdays from NYC at 7am!",TRUE,,,,,,,"NA NA","NA NA","NA NA NA NA NA NA NA NA","https://twitter.com/istillbelieve/status/1229836449157132288","I Still Believe Film","","#IStillBelieve only in theaters 3.13.20.","https://t.co/ryFN4rT3vX",FALSE,3047,10,20,79,60,2019-02-21 19:41:58,TRUE,"https://t.co/ryFN4rT3vX","https://tickets.istillbelieve.movie",,"https://pbs.twimg.com/profile_banners/1098669174501470208/1578938405",,"http://pbs.twimg.com/profile_images/1216781976075751428/dlBSNK6X_normal.jpg"
"x1098669174501470208","x1229487335940726785",2020-02-17 19:26:38,"istillbelieve","Tune in today to hear Jon Erwin talk to @JoelOsteen about I Still Believe on SiriusXM Radio. Tune-in on @SIRIUSXM on Channel 128 at 5pm ET: https://t.co/kDnPJAMgpz https://t.co/7qHTwXLUi4","Twitter Web App",163,,,,FALSE,FALSE,75,11,,,,,"siriusxm.com/joelosteenradio","https://t.co/kDnPJAMgpz","https://www.siriusxm.com/joelosteenradio","http://pbs.twimg.com/media/ERAENjXX0AI7mDz.jpg","https://t.co/7qHTwXLUi4","https://twitter.com/istillbelieve/status/1229487335940726785/photo/1","photo","http://pbs.twimg.com/media/ERAENjXX0AI7mDz.jpg","https://t.co/7qHTwXLUi4","https://twitter.com/istillbelieve/status/1229487335940726785/photo/1",,"x20545055 x189258194","JoelOsteen SIRIUSXM","en",,,,,,,,,,,,,,,,,,,,,,,,,,,,,,,,,,,,,"NA NA","NA NA","NA NA NA NA NA NA NA NA","https://twitter.com/istillbelieve/status/1229487335940726785","I Still Believe Film","","#IStillBelieve only in theaters 3.13.20.","https://t.co/ryFN4rT3vX",FALSE,3047,10,20,79,60,2019-02-21 19:41:58,TRUE,"https://t.co/ryFN4rT3vX","https://tickets.istillbelieve.movie",,"https://pbs.twimg.com/profile_banners/1098669174501470208/1578938405",,"http://pbs.twimg.com/profile_images/1216781976075751428/dlBSNK6X_normal.jpg"
"x1098669174501470208","x1229125795244838912",2020-02-16 19:30:00,"istillbelieve","Let’s go girls - @ShaniaTwain takes us behind the scenes to show us what it’s like to play @KJ_Apa’s mom. https://t.co/MD6iQOS3j9","Twitter Media Studio",105,,,,FALSE,FALSE,814,128,,,,,,,,"http://pbs.twimg.com/media/EQ6drJkWoAExrGO.jpg","https://t.co/MD6iQOS3j9","https://twitter.com/istillbelieve/status/1229125795244838912/video/1","photo","http://pbs.twimg.com/media/EQ6drJkWoAExrGO.jpg","https://t.co/MD6iQOS3j9","https://twitter.com/istillbelieve/status/1229125795244838912/video/1",,"x107436986 x779100876","ShaniaTwain kj_apa","en",,,,,,,,,,,,,,,,,,,,,,,,,,,,,,,,,,,,,"NA NA","NA NA","NA NA NA NA NA NA NA NA","https://twitter.com/istillbelieve/status/1229125795244838912","I Still Believe Film","","#IStillBelieve only in theaters 3.13.20.","https://t.co/ryFN4rT3vX",FALSE,3047,10,20,79,60,2019-02-21 19:41:58,TRUE,"https://t.co/ryFN4rT3vX","https://tickets.istillbelieve.movie",,"https://pbs.twimg.com/profile_banners/1098669174501470208/1578938405",,"http://pbs.twimg.com/profile_images/1216781976075751428/dlBSNK6X_normal.jpg"
"x1098669174501470208","x1228411389267582978",2020-02-14 20:11:12,"istillbelieve","Prepare to swoon over @kj_apa and @RealBritt_Rob in @istillbelieve! <U+0001F495> https://t.co/pPYFvAgMna","Twitter Web App",107,,,,FALSE,TRUE,0,13,,,,,"popsugar.com/entertainment/…","https://t.co/pPYFvAgMna","https://www.popsugar.com/entertainment/kj-apa-britt-robertson-in-i-still-believe-clip-47217511?utm_medium=twitter&utm_source=post&utm_campaign=frontdoor",,,,,,,,,"x14833304 x779100876 x89014057 x1098669174501470208","POPSUGAR kj_apa RealBritt_Rob istillbelieve","en",,,,,,,,,,,,,,,,"x1228378633854767104","Prepare to swoon over @kj_apa and @RealBritt_Rob in @istillbelieve! <U+0001F495> https://t.co/pPYFvAgMna",2020-02-14 18:01:03,"popsugar.com",36,13,"x14833304","POPSUGAR","POPSUGAR",203182,2025,235164,"San Francisco, LA, NYC","Everything you love, all in one place.",TRUE,,,,,,,"NA NA","NA NA","NA NA NA NA NA NA NA NA","https://twitter.com/istillbelieve/status/1228411389267582978","I Still Believe Film","","#IStillBelieve only in theaters 3.13.20.","https://t.co/ryFN4rT3vX",FALSE,3047,10,20,79,60,2019-02-21 19:41:58,TRUE,"https://t.co/ryFN4rT3vX","https://tickets.istillbelieve.movie",,"https://pbs.twimg.com/profile_banners/1098669174501470208/1578938405",,"http://pbs.twimg.com/profile_images/1216781976075751428/dlBSNK6X_normal.jpg"
"x1098669174501470208","x1228385950004400129",2020-02-14 18:30:07,"istillbelieve","It’s a date…right? This Valentine’s Day, get the perfect gift and get tickets for two to see #IStillBelieve in theaters March 13 – https://t.co/K6TycYtOtD https://t.co/1HMH0OzEUQ","Twitter Media Studio",154,,,,FALSE,FALSE,223,58,,,"IStillBelieve",,"tickets.istillbelieve.movie","https://t.co/K6TycYtOtD","https://tickets.istillbelieve.movie/","http://pbs.twimg.com/media/EQv0-qjX0AEmDlC.jpg","https://t.co/1HMH0OzEUQ","https://twitter.com/istillbelieve/status/1228385950004400129/video/1","photo","http://pbs.twimg.com/media/EQv0-qjX0AEmDlC.jpg","https://t.co/1HMH0OzEUQ","https://twitter.com/istillbelieve/status/1228385950004400129/video/1",,,,"en",,,,,,,,,,,,,,,,,,,,,,,,,,,,,,,,,,,,,"NA NA","NA NA","NA NA NA NA NA NA NA NA","https://twitter.com/istillbelieve/status/1228385950004400129","I Still Believe Film","","#IStillBelieve only in theaters 3.13.20.","https://t.co/ryFN4rT3vX",FALSE,3047,10,20,79,60,2019-02-21 19:41:58,TRUE,"https://t.co/ryFN4rT3vX","https://tickets.istillbelieve.movie",,"https://pbs.twimg.com/profile_banners/1098669174501470208/1578938405",,"http://pbs.twimg.com/profile_images/1216781976075751428/dlBSNK6X_normal.jpg"
"x1098669174501470208","x1228030512465313797",2020-02-13 18:57:44,"istillbelieve","Unlock the new #IStillBelieve camera effect on Snapchat! Share a Valentine’s Day “Love Lantern” to a special person in your life. Try it now at https://t.co/B2JQGUsHyc or search “Love Lantern” in your Explore tab. https://t.co/4A2DZfRKfQ","Twitter Media Studio",213,,,,FALSE,FALSE,62,17,,,"IStillBelieve",,"bit.ly/31J8mBI","https://t.co/B2JQGUsHyc","https://bit.ly/31J8mBI","http://pbs.twimg.com/amplify_video_thumb/1228030073422393350/img/2JWkAKBZT8hzMPmi.jpg","https://t.co/4A2DZfRKfQ","https://twitter.com/istillbelieve/status/1228030512465313797/video/1","photo","http://pbs.twimg.com/amplify_video_thumb/1228030073422393350/img/2JWkAKBZT8hzMPmi.jpg","https://t.co/4A2DZfRKfQ","https://twitter.com/istillbelieve/status/1228030512465313797/video/1",,,,"en",,,,,,,,,,,,,,,,,,,,,,,,,,,,,,,,,,,,,"NA NA","NA NA","NA NA NA NA NA NA NA NA","https://twitter.com/istillbelieve/status/1228030512465313797","I Still Believe Film","","#IStillBelieve only in theaters 3.13.20.","https://t.co/ryFN4rT3vX",FALSE,3047,10,20,79,60,2019-02-21 19:41:58,TRUE,"https://t.co/ryFN4rT3vX","https://tickets.istillbelieve.movie",,"https://pbs.twimg.com/profile_banners/1098669174501470208/1578938405",,"http://pbs.twimg.com/profile_images/1216781976075751428/dlBSNK6X_normal.jpg"
"x1098669174501470208","x1228010530868203526",2020-02-13 17:38:20,"istillbelieve","In exactly ONE MONTH, you will be reminded ""love never fails"" when #IStillBelieve opens in theaters everywhere! Get your tickets today. https://t.co/1YBjpNwemr https://t.co/6490RFGmiU","Twitter Media Studio",159,,,,FALSE,FALSE,249,58,,,"IStillBelieve",,"tickets.istillbelieve.movie","https://t.co/1YBjpNwemr","https://tickets.istillbelieve.movie","http://pbs.twimg.com/amplify_video_thumb/1228010257718398976/img/TT_0e3UPbeWgK4Rt.jpg","https://t.co/6490RFGmiU","https://twitter.com/istillbelieve/status/1228010530868203526/video/1","photo","http://pbs.twimg.com/amplify_video_thumb/1228010257718398976/img/TT_0e3UPbeWgK4Rt.jpg","https://t.co/6490RFGmiU","https://twitter.com/istillbelieve/status/1228010530868203526/video/1",,,,"en",,,,,,,,,,,,,,,,,,,,,,,,,,,,,,,,,,,,,"NA NA","NA NA","NA NA NA NA NA NA NA NA","https://twitter.com/istillbelieve/status/1228010530868203526","I Still Believe Film","","#IStillBelieve only in theaters 3.13.20.","https://t.co/ryFN4rT3vX",FALSE,3047,10,20,79,60,2019-02-21 19:41:58,TRUE,"https://t.co/ryFN4rT3vX","https://tickets.istillbelieve.movie",,"https://pbs.twimg.com/profile_banners/1098669174501470208/1578938405",,"http://pbs.twimg.com/profile_images/1216781976075751428/dlBSNK6X_normal.jpg"
"x1098669174501470208","x1227363896375365634",2020-02-11 22:48:50,"istillbelieve","How big is #IStillBelieve? IMAX big! See #IStillBelieve early in IMAX theaters, March 11. 
https://t.co/eECPQ6U0rv","Twitter Web App",114,,,,FALSE,FALSE,103,23,,,"IStillBelieve IStillBelieve",,"forbes.com/sites/scottmen…","https://t.co/eECPQ6U0rv","https://www.forbes.com/sites/scottmendelson/2020/02/11/box-office-imax-positions-i-still-believe-as-next-big-faith-based-hit/#94827025399f",,,,,,,,,,,"en",,,,,,,,,,,,,,,,,,,,,,,,,,,,,,,,,,,,,"NA NA","NA NA","NA NA NA NA NA NA NA NA","https://twitter.com/istillbelieve/status/1227363896375365634","I Still Believe Film","","#IStillBelieve only in theaters 3.13.20.","https://t.co/ryFN4rT3vX",FALSE,3047,10,20,79,60,2019-02-21 19:41:58,TRUE,"https://t.co/ryFN4rT3vX","https://tickets.istillbelieve.movie",,"https://pbs.twimg.com/profile_banners/1098669174501470208/1578938405",,"http://pbs.twimg.com/profile_images/1216781976075751428/dlBSNK6X_normal.jpg"
"x1098669174501470208","x1227344055593390081",2020-02-11 21:30:00,"istillbelieve","This Valentine’s Day, create an #IStillBelieve inspired “Love Lantern” to share a message with someone you love! You can see a sky full of lanterns from other fans too at https://t.co/JpMGca0w5I https://t.co/DGXezPTgFR","Twitter Media Studio",194,,,,FALSE,FALSE,173,43,,,"IStillBelieve",,"lovelanterns.istillbelieve.movie","https://t.co/JpMGca0w5I","https://lovelanterns.istillbelieve.movie","http://pbs.twimg.com/media/EQhiW-aWoAIckEs.jpg","https://t.co/DGXezPTgFR","https://twitter.com/istillbelieve/status/1227344055593390081/video/1","photo","http://pbs.twimg.com/media/EQhiW-aWoAIckEs.jpg","https://t.co/DGXezPTgFR","https://twitter.com/istillbelieve/status/1227344055593390081/video/1",,,,"en",,,,,,,,,,,,,,,,,,,,,,,,,,,,,,,,,,,,,"NA NA","NA NA","NA NA NA NA NA NA NA NA","https://twitter.com/istillbelieve/status/1227344055593390081","I Still Believe Film","","#IStillBelieve only in theaters 3.13.20.","https://t.co/ryFN4rT3vX",FALSE,3047,10,20,79,60,2019-02-21 19:41:58,TRUE,"https://t.co/ryFN4rT3vX","https://tickets.istillbelieve.movie",,"https://pbs.twimg.com/profile_banners/1098669174501470208/1578938405",,"http://pbs.twimg.com/profile_images/1216781976075751428/dlBSNK6X_normal.jpg"
"x1098669174501470208","x1227321612799705091",2020-02-11 20:00:49,"istillbelieve","IMAX fans, @kj_apa has a special message for you! @IStillBelieve comes to select #IMAX theatres on March 13! Also, catch an exclusive screening on March 11, featuring never before seen content with the cast and filmmakers. Get tickets at https://t.co/LXAuusyh7N https://t.co/H58uNTAGEt","Twitter for iPhone",140,,,,FALSE,TRUE,0,35,,,"IMAX",,,,,,,,,,,,,"x22821175 x779100876 x1098669174501470208","IMAX kj_apa istillbelieve","en",,,,,,,,,,,,,,,,"x1227306308749144064","IMAX fans, @kj_apa has a special message for you! @IStillBelieve comes to select #IMAX theatres on March 13! Also, catch an exclusive screening on March 11, featuring never before seen content with the cast and filmmakers. Get tickets at https://t.co/LXAuusyh7N https://t.co/H58uNTAGEt",2020-02-11 19:00:00,"Twitter Media Studio",125,35,"x22821175","IMAX","IMAX",573579,14122,23449,"Worldwide","The World’s Most Immersive Film Experience.",TRUE,,,,,,,"NA NA","NA NA","NA NA NA NA NA NA NA NA","https://twitter.com/istillbelieve/status/1227321612799705091","I Still Believe Film","","#IStillBelieve only in theaters 3.13.20.","https://t.co/ryFN4rT3vX",FALSE,3047,10,20,79,60,2019-02-21 19:41:58,TRUE,"https://t.co/ryFN4rT3vX","https://tickets.istillbelieve.movie",,"https://pbs.twimg.com/profile_banners/1098669174501470208/1578938405",,"http://pbs.twimg.com/profile_images/1216781976075751428/dlBSNK6X_normal.jpg"
"x1098669174501470208","x1227006628106579969",2020-02-10 23:09:11,"istillbelieve","One love can change your life. Take part in our first #MingleMovieNight for a chance to win tickets for you and your date to a Red Carpet Experience in Los Angeles with #IStillBelieve this spring! Go to @christianmingle to find out how to enter. https://t.co/kBhaACzbSb","Twitter for iPhone",245,,,,FALSE,FALSE,168,29,,,"MingleMovieNight IStillBelieve",,,,,"http://pbs.twimg.com/ext_tw_video_thumb/1227006473827385351/pu/img/lZ5XRsTChldZpKgv.jpg","https://t.co/kBhaACzbSb","https://twitter.com/istillbelieve/status/1227006628106579969/video/1","photo","http://pbs.twimg.com/ext_tw_video_thumb/1227006473827385351/pu/img/lZ5XRsTChldZpKgv.jpg","https://t.co/kBhaACzbSb","https://twitter.com/istillbelieve/status/1227006628106579969/video/1",,"x90518769","christianmingle","en",,,,,,,,,,,,,,,,,,,,,,,,,,,,,,,,,,,,,"NA NA","NA NA","NA NA NA NA NA NA NA NA","https://twitter.com/istillbelieve/status/1227006628106579969","I Still Believe Film","","#IStillBelieve only in theaters 3.13.20.","https://t.co/ryFN4rT3vX",FALSE,3047,10,20,79,60,2019-02-21 19:41:58,TRUE,"https://t.co/ryFN4rT3vX","https://tickets.istillbelieve.movie",,"https://pbs.twimg.com/profile_banners/1098669174501470208/1578938405",,"http://pbs.twimg.com/profile_images/1216781976075751428/dlBSNK6X_normal.jpg"
"x1098669174501470208","x1225963709194833921",2020-02-08 02:05:00,"istillbelieve","Share your excitement about about #IStillBelieve and you might even go to the red carpet experience at the LA Special Screening! Join #TeamBelieve by going to https://t.co/Hng5PxeoRS https://t.co/3sw2TlQknV","Twitter Media Studio",182,,,,FALSE,FALSE,192,47,,,"IStillBelieve TeamBelieve",,"istillbelievemovie.com/teambelieve","https://t.co/Hng5PxeoRS","https://istillbelievemovie.com/teambelieve","http://pbs.twimg.com/media/EQN9GWJWoAEHZZP.jpg","https://t.co/3sw2TlQknV","https://twitter.com/istillbelieve/status/1225963709194833921/video/1","photo","http://pbs.twimg.com/media/EQN9GWJWoAEHZZP.jpg","https://t.co/3sw2TlQknV","https://twitter.com/istillbelieve/status/1225963709194833921/video/1",,,,"en",,,,,,,,,,,,,,,,,,,,,,,,,,,,,,,,,,,,,"NA NA","NA NA","NA NA NA NA NA NA NA NA","https://twitter.com/istillbelieve/status/1225963709194833921","I Still Believe Film","","#IStillBelieve only in theaters 3.13.20.","https://t.co/ryFN4rT3vX",FALSE,3047,10,20,79,60,2019-02-21 19:41:58,TRUE,"https://t.co/ryFN4rT3vX","https://tickets.istillbelieve.movie",,"https://pbs.twimg.com/profile_banners/1098669174501470208/1578938405",,"http://pbs.twimg.com/profile_images/1216781976075751428/dlBSNK6X_normal.jpg"
"x1098669174501470208","x1225501851933646849",2020-02-06 19:29:44,"istillbelieve","Get tickets to an exclusive IMAX early screening of @IStillBelieve, featuring never before seen content with the cast and filmmakers, one night only on 3/11! Experience #IStillBelieve in #IMAX select theatres starting 3/13. Reserve your seat: https://t.co/LXAuusgFJd https://t.co/r8CmmVQn3W","Twitter for iPhone",140,,,,FALSE,TRUE,0,16,,,,,,,,,,,,,,,,"x22821175 x1098669174501470208","IMAX istillbelieve","en",,,,,,,,,,,,,,,,"x1225494366598205440","Get tickets to an exclusive IMAX early screening of @IStillBelieve, featuring never before seen content with the cast and filmmakers, one night only on 3/11! Experience #IStillBelieve in #IMAX select theatres starting 3/13. Reserve your seat: https://t.co/LXAuusgFJd https://t.co/r8CmmVQn3W",2020-02-06 19:00:00,"Twitter Media Studio",69,16,"x22821175","IMAX","IMAX",573579,14122,23449,"Worldwide","The World’s Most Immersive Film Experience.",TRUE,,,,,,,"NA NA","NA NA","NA NA NA NA NA NA NA NA","https://twitter.com/istillbelieve/status/1225501851933646849","I Still Believe Film","","#IStillBelieve only in theaters 3.13.20.","https://t.co/ryFN4rT3vX",FALSE,3047,10,20,79,60,2019-02-21 19:41:58,TRUE,"https://t.co/ryFN4rT3vX","https://tickets.istillbelieve.movie",,"https://pbs.twimg.com/profile_banners/1098669174501470208/1578938405",,"http://pbs.twimg.com/profile_images/1216781976075751428/dlBSNK6X_normal.jpg"
"x1098669174501470208","x1225162179373981697",2020-02-05 21:00:00,"istillbelieve","The amazing @GarySinise plays the real-life dad of @JeremyCamp in #IStillBelieve. Check out Gary talking about his screen son @KJ_Apa and his real-life family. https://t.co/bOe2OYuN00","Twitter Media Studio",159,,,,FALSE,FALSE,238,55,,,"IStillBelieve",,,,,"http://pbs.twimg.com/amplify_video_thumb/1225102237615165441/img/eWySq__tZfnZFEn7.jpg","https://t.co/bOe2OYuN00","https://twitter.com/istillbelieve/status/1225162179373981697/video/1","photo","http://pbs.twimg.com/amplify_video_thumb/1225102237615165441/img/eWySq__tZfnZFEn7.jpg","https://t.co/bOe2OYuN00","https://twitter.com/istillbelieve/status/1225162179373981697/video/1",,"x128393253 x14433891 x779100876","GarySinise jeremycamp kj_apa","en",,,,,,,,,,,,,,,,,,,,,,,,,,,,,,,,,,,,,"NA NA","NA NA","NA NA NA NA NA NA NA NA","https://twitter.com/istillbelieve/status/1225162179373981697","I Still Believe Film","","#IStillBelieve only in theaters 3.13.20.","https://t.co/ryFN4rT3vX",FALSE,3047,10,20,79,60,2019-02-21 19:41:58,TRUE,"https://t.co/ryFN4rT3vX","https://tickets.istillbelieve.movie",,"https://pbs.twimg.com/profile_banners/1098669174501470208/1578938405",,"http://pbs.twimg.com/profile_images/1216781976075751428/dlBSNK6X_normal.jpg"
"x1098669174501470208","x1223719320477470721",2020-02-01 21:26:36,"istillbelieve","Grab your date and get ready to see the love story everyone is talking about, #IStillBelieve. In theaters March 13—get your tickets now: https://t.co/1YBjpNwemr https://t.co/spQ4KLQfWK","Twitter Web App",160,,,,FALSE,FALSE,1596,100,,,"IStillBelieve",,"tickets.istillbelieve.movie","https://t.co/1YBjpNwemr","https://tickets.istillbelieve.movie","http://pbs.twimg.com/tweet_video_thumb/EPuGOYsW4AIAuIt.jpg","https://t.co/spQ4KLQfWK","https://twitter.com/istillbelieve/status/1223719320477470721/photo/1","photo","http://pbs.twimg.com/tweet_video_thumb/EPuGOYsW4AIAuIt.jpg","https://t.co/spQ4KLQfWK","https://twitter.com/istillbelieve/status/1223719320477470721/photo/1",,,,"en",,,,,,,,,,,,,,,,,,,,,,,,,,,,,,,,,,,,,"NA NA","NA NA","NA NA NA NA NA NA NA NA","https://twitter.com/istillbelieve/status/1223719320477470721","I Still Believe Film","","#IStillBelieve only in theaters 3.13.20.","https://t.co/ryFN4rT3vX",FALSE,3047,10,20,79,60,2019-02-21 19:41:58,TRUE,"https://t.co/ryFN4rT3vX","https://tickets.istillbelieve.movie",,"https://pbs.twimg.com/profile_banners/1098669174501470208/1578938405",,"http://pbs.twimg.com/profile_images/1216781976075751428/dlBSNK6X_normal.jpg"
"x1098669174501470208","x1222987853954789377",2020-01-30 21:00:01,"istillbelieve","You love his music. Wait until you hear @JeremyCamp’s heart. Watch as Jeremy and the cast talk about the faith that drives #IStillBelieve, in theaters March 13. Secure your tickets: https://t.co/K6TycYtOtD https://t.co/xNZrZgSU0D","Twitter Media Studio",205,,,,FALSE,FALSE,189,47,,,"IStillBelieve",,"tickets.istillbelieve.movie","https://t.co/K6TycYtOtD","https://tickets.istillbelieve.movie/","http://pbs.twimg.com/media/EPjFx9cX4AEVHTs.jpg","https://t.co/xNZrZgSU0D","https://twitter.com/istillbelieve/status/1222987853954789377/video/1","photo","http://pbs.twimg.com/media/EPjFx9cX4AEVHTs.jpg","https://t.co/xNZrZgSU0D","https://twitter.com/istillbelieve/status/1222987853954789377/video/1",,"x14433891","jeremycamp","en",,,,,,,,,,,,,,,,,,,,,,,,,,,,,,,,,,,,,"NA NA","NA NA","NA NA NA NA NA NA NA NA","https://twitter.com/istillbelieve/status/1222987853954789377","I Still Believe Film","","#IStillBelieve only in theaters 3.13.20.","https://t.co/ryFN4rT3vX",FALSE,3047,10,20,79,60,2019-02-21 19:41:58,TRUE,"https://t.co/ryFN4rT3vX","https://tickets.istillbelieve.movie",,"https://pbs.twimg.com/profile_banners/1098669174501470208/1578938405",,"http://pbs.twimg.com/profile_images/1216781976075751428/dlBSNK6X_normal.jpg"
"x1098669174501470208","x1221895901381386240",2020-01-27 20:40:59,"istillbelieve","RUN, don't walk to see @kj_apa in #IStillBelieve. Experience this true love story in theaters March 13. Get your tickets today. https://t.co/K6TycYtOtD https://t.co/tUja8MsW7A","Twitter Web App",151,,,,FALSE,FALSE,370,53,,,"IStillBelieve",,"tickets.istillbelieve.movie","https://t.co/K6TycYtOtD","https://tickets.istillbelieve.movie/","http://pbs.twimg.com/tweet_video_thumb/EPUL1rfWAAABDyl.jpg","https://t.co/tUja8MsW7A","https://twitter.com/istillbelieve/status/1221895901381386240/photo/1","photo","http://pbs.twimg.com/tweet_video_thumb/EPUL1rfWAAABDyl.jpg","https://t.co/tUja8MsW7A","https://twitter.com/istillbelieve/status/1221895901381386240/photo/1",,"x779100876","kj_apa","en",,,,,,,,,,,,,,,,,,,,,,,,,,,,,,,,,,,,,"NA NA","NA NA","NA NA NA NA NA NA NA NA","https://twitter.com/istillbelieve/status/1221895901381386240","I Still Believe Film","","#IStillBelieve only in theaters 3.13.20.","https://t.co/ryFN4rT3vX",FALSE,3047,10,20,79,60,2019-02-21 19:41:58,TRUE,"https://t.co/ryFN4rT3vX","https://tickets.istillbelieve.movie",,"https://pbs.twimg.com/profile_banners/1098669174501470208/1578938405",,"http://pbs.twimg.com/profile_images/1216781976075751428/dlBSNK6X_normal.jpg"
"x1098669174501470208","x1220805973905944584",2020-01-24 20:30:00,"istillbelieve","It's a <U+0001F4AF>% love story through and through. See #IStillBelieve, starring @KJ_Apa, in theaters March 13. https://t.co/Zej1HwajCS","Twitter Media Studio",101,,,,FALSE,FALSE,2033,181,,,"IStillBelieve",,,,,"http://pbs.twimg.com/media/EPEn1LvX0AYmQwp.jpg","https://t.co/Zej1HwajCS","https://twitter.com/istillbelieve/status/1220805973905944584/photo/1","photo","http://pbs.twimg.com/media/EPEn1LvX0AYmQwp.jpg","https://t.co/Zej1HwajCS","https://twitter.com/istillbelieve/status/1220805973905944584/photo/1",,"x779100876","kj_apa","en",,,,,,,,,,,,,,,,,,,,,,,,,,,,,,,,,,,,,"NA NA","NA NA","NA NA NA NA NA NA NA NA","https://twitter.com/istillbelieve/status/1220805973905944584","I Still Believe Film","","#IStillBelieve only in theaters 3.13.20.","https://t.co/ryFN4rT3vX",FALSE,3047,10,20,79,60,2019-02-21 19:41:58,TRUE,"https://t.co/ryFN4rT3vX","https://tickets.istillbelieve.movie",,"https://pbs.twimg.com/profile_banners/1098669174501470208/1578938405",,"http://pbs.twimg.com/profile_images/1216781976075751428/dlBSNK6X_normal.jpg"
"x1098669174501470208","x1219795624067043328",2020-01-22 01:35:14,"istillbelieve","Who wouldn't want a hug from @kj_apa or @RealBritt_Rob or @ShaniaTwain or @GarySinise? Feel the love with #IStillBelieve on #NationalHuggingDay. https://t.co/eXYOQb1f89","Twitter Media Studio",144,,,,FALSE,FALSE,1627,144,,,"IStillBelieve NationalHuggingDay",,,,,"http://pbs.twimg.com/media/EO2VnHYWoAIPZY9.jpg","https://t.co/eXYOQb1f89","https://twitter.com/istillbelieve/status/1219795624067043328/video/1","photo","http://pbs.twimg.com/media/EO2VnHYWoAIPZY9.jpg","https://t.co/eXYOQb1f89","https://twitter.com/istillbelieve/status/1219795624067043328/video/1",,"x779100876 x89014057 x107436986 x128393253","kj_apa RealBritt_Rob ShaniaTwain GarySinise","en",,,,,,,,,,,,,,,,,,,,,,,,,,,,,,,,,,,,,"NA NA","NA NA","NA NA NA NA NA NA NA NA","https://twitter.com/istillbelieve/status/1219795624067043328","I Still Believe Film","","#IStillBelieve only in theaters 3.13.20.","https://t.co/ryFN4rT3vX",FALSE,3047,10,20,79,60,2019-02-21 19:41:58,TRUE,"https://t.co/ryFN4rT3vX","https://tickets.istillbelieve.movie",,"https://pbs.twimg.com/profile_banners/1098669174501470208/1578938405",,"http://pbs.twimg.com/profile_images/1216781976075751428/dlBSNK6X_normal.jpg"
"x1098669174501470208","x1219650862487719936",2020-01-21 16:00:00,"istillbelieve","In seven weeks, you can experience one amazing true love story. #IStillBelieve, in theaters March 13. https://t.co/uRwifUF4cv","Twitter Media Studio",101,,,,FALSE,FALSE,315,66,,,"IStillBelieve",,,,,"http://pbs.twimg.com/media/EO0PL4pWsAIO-Gr.jpg","https://t.co/uRwifUF4cv","https://twitter.com/istillbelieve/status/1219650862487719936/photo/1","photo","http://pbs.twimg.com/media/EO0PL4pWsAIO-Gr.jpg","https://t.co/uRwifUF4cv","https://twitter.com/istillbelieve/status/1219650862487719936/photo/1",,,,"en",,,,,,,,,,,,,,,,,,,,,,,,,,,,,,,,,,,,,"NA NA","NA NA","NA NA NA NA NA NA NA NA","https://twitter.com/istillbelieve/status/1219650862487719936","I Still Believe Film","","#IStillBelieve only in theaters 3.13.20.","https://t.co/ryFN4rT3vX",FALSE,3047,10,20,79,60,2019-02-21 19:41:58,TRUE,"https://t.co/ryFN4rT3vX","https://tickets.istillbelieve.movie",,"https://pbs.twimg.com/profile_banners/1098669174501470208/1578938405",,"http://pbs.twimg.com/profile_images/1216781976075751428/dlBSNK6X_normal.jpg"
"x1098669174501470208","x1217091498925346818",2020-01-14 14:30:00,"istillbelieve","All the feels. <U+2764><U+FE0F><U+2764><U+FE0F><U+2764><U+FE0F> Watch the new trailer for #IStillBelieve and get your tickets – they’re available starting NOW! https://t.co/1YBjpNwemr https://t.co/zDW9yWNyzK","Twitter Media Studio",141,,,,FALSE,FALSE,4604,911,,,"IStillBelieve",,"tickets.istillbelieve.movie","https://t.co/1YBjpNwemr","https://tickets.istillbelieve.movie","http://pbs.twimg.com/media/EONSNViWoAUjuy_.jpg","https://t.co/zDW9yWNyzK","https://twitter.com/istillbelieve/status/1217091498925346818/video/1","photo","http://pbs.twimg.com/media/EONSNViWoAUjuy_.jpg","https://t.co/zDW9yWNyzK","https://twitter.com/istillbelieve/status/1217091498925346818/video/1",,,,"en",,,,,,,,,,,,,,,,,,,,,,,,,,,,,,,,,,,,,"NA NA","NA NA","NA NA NA NA NA NA NA NA","https://twitter.com/istillbelieve/status/1217091498925346818","I Still Believe Film","","#IStillBelieve only in theaters 3.13.20.","https://t.co/ryFN4rT3vX",FALSE,3047,10,20,79,60,2019-02-21 19:41:58,TRUE,"https://t.co/ryFN4rT3vX","https://tickets.istillbelieve.movie",,"https://pbs.twimg.com/profile_banners/1098669174501470208/1578938405",,"http://pbs.twimg.com/profile_images/1216781976075751428/dlBSNK6X_normal.jpg"
"x1098669174501470208","x1216781958761656320",2020-01-13 18:00:00,"istillbelieve","Tomorrow morning, wake up to the brand-new #IStillBelieve trailer! Until then, enjoy the movie’s new poster. https://t.co/cvNdWnTb6p","Twitter Media Studio",108,,,,FALSE,FALSE,520,118,,,"IStillBelieve",,,,,"http://pbs.twimg.com/media/EOIchtvX0AA12qT.jpg","https://t.co/cvNdWnTb6p","https://twitter.com/istillbelieve/status/1216781958761656320/photo/1","photo","http://pbs.twimg.com/media/EOIchtvX0AA12qT.jpg","https://t.co/cvNdWnTb6p","https://twitter.com/istillbelieve/status/1216781958761656320/photo/1",,,,"en",,,,,,,,,,,,,,,,,,,,,,,,,,,,,,,,,,,,,"NA NA","NA NA","NA NA NA NA NA NA NA NA","https://twitter.com/istillbelieve/status/1216781958761656320","I Still Believe Film","","#IStillBelieve only in theaters 3.13.20.","https://t.co/ryFN4rT3vX",FALSE,3047,10,20,79,60,2019-02-21 19:41:58,TRUE,"https://t.co/ryFN4rT3vX","https://tickets.istillbelieve.movie",,"https://pbs.twimg.com/profile_banners/1098669174501470208/1578938405",,"http://pbs.twimg.com/profile_images/1216781976075751428/dlBSNK6X_normal.jpg"
"x1098669174501470208","x1214620546706444288",2020-01-07 18:51:19,"istillbelieve",".@kj_apa and @RealBritt_Rob star in #IStillBelieve, coming to theaters on March 13. https://t.co/XpyAboGNpU","Twitter for iPhone",83,,,,FALSE,FALSE,640,79,,,"IStillBelieve",,,,,"http://pbs.twimg.com/media/ENsy8k8X0AAncuB.jpg","https://t.co/XpyAboGNpU","https://twitter.com/istillbelieve/status/1214620546706444288/photo/1","photo","http://pbs.twimg.com/media/ENsy8k8X0AAncuB.jpg","https://t.co/XpyAboGNpU","https://twitter.com/istillbelieve/status/1214620546706444288/photo/1",,"x779100876 x89014057","kj_apa RealBritt_Rob","en",,,,,,,,,,,,,,,,,,,,,,,,,,,,,,,,,,,,,"NA NA","NA NA","NA NA NA NA NA NA NA NA","https://twitter.com/istillbelieve/status/1214620546706444288","I Still Believe Film","","#IStillBelieve only in theaters 3.13.20.","https://t.co/ryFN4rT3vX",FALSE,3047,10,20,79,60,2019-02-21 19:41:58,TRUE,"https://t.co/ryFN4rT3vX","https://tickets.istillbelieve.movie",,"https://pbs.twimg.com/profile_banners/1098669174501470208/1578938405",,"http://pbs.twimg.com/profile_images/1216781976075751428/dlBSNK6X_normal.jpg"
"x1098669174501470208","x1212493705384472576",2020-01-01 22:00:01,"istillbelieve","What are you most excited for in 2020? We can’t wait for March 13 ;) https://t.co/kV8LeSJKh9","Twitter for iPhone",68,,,,FALSE,FALSE,325,69,,,,,,,,"http://pbs.twimg.com/media/ENOklnhX0AI0-PY.jpg","https://t.co/kV8LeSJKh9","https://twitter.com/istillbelieve/status/1212493705384472576/photo/1","photo","http://pbs.twimg.com/media/ENOklnhX0AI0-PY.jpg","https://t.co/kV8LeSJKh9","https://twitter.com/istillbelieve/status/1212493705384472576/photo/1",,,,"en",,,,,,,,,,,,,,,,,,,,,,,,,,,,,,,,,,,,,"NA NA","NA NA","NA NA NA NA NA NA NA NA","https://twitter.com/istillbelieve/status/1212493705384472576","I Still Believe Film","","#IStillBelieve only in theaters 3.13.20.","https://t.co/ryFN4rT3vX",FALSE,3047,10,20,79,60,2019-02-21 19:41:58,TRUE,"https://t.co/ryFN4rT3vX","https://tickets.istillbelieve.movie",,"https://pbs.twimg.com/profile_banners/1098669174501470208/1578938405",,"http://pbs.twimg.com/profile_images/1216781976075751428/dlBSNK6X_normal.jpg"
"x1098669174501470208","x1209655589758021632",2019-12-25 02:02:21,"istillbelieve","Here’s to a Merry Christmas, one and all! https://t.co/UP5fHZShxR","Twitter Web App",41,,,,FALSE,FALSE,608,63,,,,,,,,"http://pbs.twimg.com/media/EMmPVxJWkAEhVf2.jpg","https://t.co/UP5fHZShxR","https://twitter.com/istillbelieve/status/1209655589758021632/photo/1","photo","http://pbs.twimg.com/media/EMmPVxJWkAEhVf2.jpg","https://t.co/UP5fHZShxR","https://twitter.com/istillbelieve/status/1209655589758021632/photo/1",,,,"en",,,,,,,,,,,,,,,,,,,,,,,,,,,,,,,,,,,,,"NA NA","NA NA","NA NA NA NA NA NA NA NA","https://twitter.com/istillbelieve/status/1209655589758021632","I Still Believe Film","","#IStillBelieve only in theaters 3.13.20.","https://t.co/ryFN4rT3vX",FALSE,3047,10,20,79,60,2019-02-21 19:41:58,TRUE,"https://t.co/ryFN4rT3vX","https://tickets.istillbelieve.movie",,"https://pbs.twimg.com/profile_banners/1098669174501470208/1578938405",,"http://pbs.twimg.com/profile_images/1216781976075751428/dlBSNK6X_normal.jpg"
"x1098669174501470208","x1207766546858295299",2019-12-19 20:55:58,"istillbelieve","Your heart will be touched deeply when you experience #IStillBelieve – In theaters on March 13. https://t.co/DgiUh5iCLC","Twitter Web App",95,,,,FALSE,FALSE,6570,537,,,"IStillBelieve",,,,,"http://pbs.twimg.com/media/EMLZQw9XkAsSp_y.jpg","https://t.co/DgiUh5iCLC","https://twitter.com/istillbelieve/status/1207766546858295299/photo/1","photo","http://pbs.twimg.com/media/EMLZQw9XkAsSp_y.jpg","https://t.co/DgiUh5iCLC","https://twitter.com/istillbelieve/status/1207766546858295299/photo/1",,,,"en",,,,,,,,,,,,,,,,,,,,,,,,,,,,,,,,,,,,,"NA NA","NA NA","NA NA NA NA NA NA NA NA","https://twitter.com/istillbelieve/status/1207766546858295299","I Still Believe Film","","#IStillBelieve only in theaters 3.13.20.","https://t.co/ryFN4rT3vX",FALSE,3047,10,20,79,60,2019-02-21 19:41:58,TRUE,"https://t.co/ryFN4rT3vX","https://tickets.istillbelieve.movie",,"https://pbs.twimg.com/profile_banners/1098669174501470208/1578938405",,"http://pbs.twimg.com/profile_images/1216781976075751428/dlBSNK6X_normal.jpg"
"x1098669174501470208","x1207327834248765441",2019-12-18 15:52:41,"istillbelieve","#IStillBelieve is an inspiring true love story. But don’t just take our word. Check out this list and see what’s the #1 most-romantic movie of 2020! https://t.co/PbJjjKoa9S","Twitter Web App",172,,,,FALSE,FALSE,163,46,,,"IStillBelieve",,"seventeen.com/celebrity/musi…","https://t.co/PbJjjKoa9S","https://www.seventeen.com/celebrity/music/g30183599/most-romantic-movies-2020/",,,,,,,,,,,"en",,,,,,,,,,,,,,,,,,,,,,,,,,,,,,,,,,,,,"NA NA","NA NA","NA NA NA NA NA NA NA NA","https://twitter.com/istillbelieve/status/1207327834248765441","I Still Believe Film","","#IStillBelieve only in theaters 3.13.20.","https://t.co/ryFN4rT3vX",FALSE,3047,10,20,79,60,2019-02-21 19:41:58,TRUE,"https://t.co/ryFN4rT3vX","https://tickets.istillbelieve.movie",,"https://pbs.twimg.com/profile_banners/1098669174501470208/1578938405",,"http://pbs.twimg.com/profile_images/1216781976075751428/dlBSNK6X_normal.jpg"
"x1098669174501470208","x1206691344485408768",2019-12-16 21:43:30,"istillbelieve","We dare you to not fall in love with @RealBritt_Rob when you see #IStillBelieve. https://t.co/mFvS5zSgcM","Twitter Web App",80,,,,FALSE,FALSE,123,19,,,"IStillBelieve",,,,,"http://pbs.twimg.com/media/EL8HX0tXYAEDrO5.jpg","https://t.co/mFvS5zSgcM","https://twitter.com/istillbelieve/status/1206691344485408768/photo/1","photo","http://pbs.twimg.com/media/EL8HX0tXYAEDrO5.jpg","https://t.co/mFvS5zSgcM","https://twitter.com/istillbelieve/status/1206691344485408768/photo/1",,"x89014057","RealBritt_Rob","en",,,,,,,,,,,,,,,,,,,,,,,,,,,,,,,,,,,,,"NA NA","NA NA","NA NA NA NA NA NA NA NA","https://twitter.com/istillbelieve/status/1206691344485408768","I Still Believe Film","","#IStillBelieve only in theaters 3.13.20.","https://t.co/ryFN4rT3vX",FALSE,3047,10,20,79,60,2019-02-21 19:41:58,TRUE,"https://t.co/ryFN4rT3vX","https://tickets.istillbelieve.movie",,"https://pbs.twimg.com/profile_banners/1098669174501470208/1578938405",,"http://pbs.twimg.com/profile_images/1216781976075751428/dlBSNK6X_normal.jpg"
"x1098669174501470208","x1203086214242459650",2019-12-06 22:58:00,"istillbelieve","If love is the heart of #IStillBelieve, music is its soul. See @kj_apa in the inspiring true-life story of @jeremycamp. https://t.co/vuKb5fzhnl","Twitter Web App",119,,,,FALSE,FALSE,258,54,,,"IStillBelieve",,,,,"http://pbs.twimg.com/media/ELI4g4vXsAIOEMx.jpg","https://t.co/vuKb5fzhnl","https://twitter.com/istillbelieve/status/1203086214242459650/photo/1","photo","http://pbs.twimg.com/media/ELI4g4vXsAIOEMx.jpg","https://t.co/vuKb5fzhnl","https://twitter.com/istillbelieve/status/1203086214242459650/photo/1",,"x779100876 x14433891","kj_apa jeremycamp","en",,,,,,,,,,,,,,,,,,,,,,,,,,,,,,,,,,,,,"NA NA","NA NA","NA NA NA NA NA NA NA NA","https://twitter.com/istillbelieve/status/1203086214242459650","I Still Believe Film","","#IStillBelieve only in theaters 3.13.20.","https://t.co/ryFN4rT3vX",FALSE,3047,10,20,79,60,2019-02-21 19:41:58,TRUE,"https://t.co/ryFN4rT3vX","https://tickets.istillbelieve.movie",,"https://pbs.twimg.com/profile_banners/1098669174501470208/1578938405",,"http://pbs.twimg.com/profile_images/1216781976075751428/dlBSNK6X_normal.jpg"
"x1098669174501470208","x1201942600669904897",2019-12-03 19:13:41,"istillbelieve","Say #IDo to #IStillBelive when it opens in theaters March 20. https://t.co/EpFdArZHjC","Twitter Web App",61,,,,FALSE,FALSE,179,42,,,"IDo IStillBelive",,,,,"http://pbs.twimg.com/tweet_video_thumb/EK4oaPaWsAEsXYe.jpg","https://t.co/EpFdArZHjC","https://twitter.com/istillbelieve/status/1201942600669904897/photo/1","photo","http://pbs.twimg.com/tweet_video_thumb/EK4oaPaWsAEsXYe.jpg","https://t.co/EpFdArZHjC","https://twitter.com/istillbelieve/status/1201942600669904897/photo/1",,,,"en",,,,,,,,,,,,,,,,,,,,,,,,,,,,,,,,,,,,,"NA NA","NA NA","NA NA NA NA NA NA NA NA","https://twitter.com/istillbelieve/status/1201942600669904897","I Still Believe Film","","#IStillBelieve only in theaters 3.13.20.","https://t.co/ryFN4rT3vX",FALSE,3047,10,20,79,60,2019-02-21 19:41:58,TRUE,"https://t.co/ryFN4rT3vX","https://tickets.istillbelieve.movie",,"https://pbs.twimg.com/profile_banners/1098669174501470208/1578938405",,"http://pbs.twimg.com/profile_images/1216781976075751428/dlBSNK6X_normal.jpg"
"x1098669174501470208","x1198994754802872322",2019-11-25 16:00:00,"istillbelieve","Discover The Heart of #IStillBelieve. https://t.co/Jos7WjPTNd","Twitter Media Studio",37,,,,FALSE,FALSE,554,159,,,"IStillBelieve",,,,,"http://pbs.twimg.com/media/EKKvR7SW4AcnhxJ.jpg","https://t.co/Jos7WjPTNd","https://twitter.com/istillbelieve/status/1198994754802872322/video/1","photo","http://pbs.twimg.com/media/EKKvR7SW4AcnhxJ.jpg","https://t.co/Jos7WjPTNd","https://twitter.com/istillbelieve/status/1198994754802872322/video/1",,,,"en",,,,,,,,,,,,,,,,,,,,,,,,,,,,,,,,,,,,,"NA NA","NA NA","NA NA NA NA NA NA NA NA","https://twitter.com/istillbelieve/status/1198994754802872322","I Still Believe Film","","#IStillBelieve only in theaters 3.13.20.","https://t.co/ryFN4rT3vX",FALSE,3047,10,20,79,60,2019-02-21 19:41:58,TRUE,"https://t.co/ryFN4rT3vX","https://tickets.istillbelieve.movie",,"https://pbs.twimg.com/profile_banners/1098669174501470208/1578938405",,"http://pbs.twimg.com/profile_images/1216781976075751428/dlBSNK6X_normal.jpg"
"x1098669174501470208","x1196877422915919877",2019-11-19 19:46:29,"istillbelieve","Some stars shine brighter than others. #IStillBelieve https://t.co/laAEGmi8m7","Twitter Web App",53,,,,FALSE,FALSE,190,49,,,"IStillBelieve",,,,,"http://pbs.twimg.com/tweet_video_thumb/EJwpqh3XUAAV567.jpg","https://t.co/laAEGmi8m7","https://twitter.com/istillbelieve/status/1196877422915919877/photo/1","photo","http://pbs.twimg.com/tweet_video_thumb/EJwpqh3XUAAV567.jpg","https://t.co/laAEGmi8m7","https://twitter.com/istillbelieve/status/1196877422915919877/photo/1",,,,"en",,,,,,,,,,,,,,,,,,,,,,,,,,,,,,,,,,,,,"NA NA","NA NA","NA NA NA NA NA NA NA NA","https://twitter.com/istillbelieve/status/1196877422915919877","I Still Believe Film","","#IStillBelieve only in theaters 3.13.20.","https://t.co/ryFN4rT3vX",FALSE,3047,10,20,79,60,2019-02-21 19:41:58,TRUE,"https://t.co/ryFN4rT3vX","https://tickets.istillbelieve.movie",,"https://pbs.twimg.com/profile_banners/1098669174501470208/1578938405",,"http://pbs.twimg.com/profile_images/1216781976075751428/dlBSNK6X_normal.jpg"
"x1098669174501470208","x1195066973031477249",2019-11-14 19:52:24,"istillbelieve","Love changes the way you look at life. Get ready for @kj_apa in #IStillBelieve. https://t.co/Y0Wjj2j5Jn","Twitter for iPhone",79,,,,FALSE,FALSE,4986,303,,,"IStillBelieve",,,,,"http://pbs.twimg.com/media/EJW7EvEXkAAn-QX.jpg","https://t.co/Y0Wjj2j5Jn","https://twitter.com/istillbelieve/status/1195066973031477249/photo/1","photo","http://pbs.twimg.com/media/EJW7EvEXkAAn-QX.jpg","https://t.co/Y0Wjj2j5Jn","https://twitter.com/istillbelieve/status/1195066973031477249/photo/1",,"x779100876","kj_apa","en",,,,,,,,,,,,,,,,,,,,,,,,,,,,,,,,,,,,,"NA NA","NA NA","NA NA NA NA NA NA NA NA","https://twitter.com/istillbelieve/status/1195066973031477249","I Still Believe Film","","#IStillBelieve only in theaters 3.13.20.","https://t.co/ryFN4rT3vX",FALSE,3047,10,20,79,60,2019-02-21 19:41:58,TRUE,"https://t.co/ryFN4rT3vX","https://tickets.istillbelieve.movie",,"https://pbs.twimg.com/profile_banners/1098669174501470208/1578938405",,"http://pbs.twimg.com/profile_images/1216781976075751428/dlBSNK6X_normal.jpg"
"x1098669174501470208","x1188847894452785152",2019-10-28 16:00:00,"istillbelieve","You will LOVE @kj_apa and @RealBritt_Rob in #IStillBelieve. https://t.co/mAfur78X7e","Twitter Media Studio",59,,,,FALSE,FALSE,2780,193,,,"IStillBelieve",,,,,"http://pbs.twimg.com/tweet_video_thumb/EH-foZ2WsAIBVP2.jpg","https://t.co/mAfur78X7e","https://twitter.com/istillbelieve/status/1188847894452785152/photo/1","photo","http://pbs.twimg.com/tweet_video_thumb/EH-foZ2WsAIBVP2.jpg","https://t.co/mAfur78X7e","https://twitter.com/istillbelieve/status/1188847894452785152/photo/1",,"x779100876 x89014057","kj_apa RealBritt_Rob","en",,,,,,,,,,,,,,,,,,,,,,,,,,,,,,,,,,,,,"NA NA","NA NA","NA NA NA NA NA NA NA NA","https://twitter.com/istillbelieve/status/1188847894452785152","I Still Believe Film","","#IStillBelieve only in theaters 3.13.20.","https://t.co/ryFN4rT3vX",FALSE,3047,10,20,79,60,2019-02-21 19:41:58,TRUE,"https://t.co/ryFN4rT3vX","https://tickets.istillbelieve.movie",,"https://pbs.twimg.com/profile_banners/1098669174501470208/1578938405",,"http://pbs.twimg.com/profile_images/1216781976075751428/dlBSNK6X_normal.jpg"
"x1098669174501470208","x1182324912590995457",2019-10-10 16:00:00,"istillbelieve","Did you see the #IStillBelieve TV spot during @CW_Riverdale? Tag a friend so they can see it too! https://t.co/OIYeXaD8M2","Twitter Media Studio",97,,,,FALSE,FALSE,315,82,,,"IStillBelieve",,,,,"http://pbs.twimg.com/media/EGhSQsfWsAEVEQc.jpg","https://t.co/OIYeXaD8M2","https://twitter.com/istillbelieve/status/1182324912590995457/video/1","photo","http://pbs.twimg.com/media/EGhSQsfWsAEVEQc.jpg","https://t.co/OIYeXaD8M2","https://twitter.com/istillbelieve/status/1182324912590995457/video/1",,"x4918738512","CW_Riverdale","en",,,,,,,,,,,,,,,,,,,,,,,,,,,,,,,,,,,,,"NA NA","NA NA","NA NA NA NA NA NA NA NA","https://twitter.com/istillbelieve/status/1182324912590995457","I Still Believe Film","","#IStillBelieve only in theaters 3.13.20.","https://t.co/ryFN4rT3vX",FALSE,3047,10,20,79,60,2019-02-21 19:41:58,TRUE,"https://t.co/ryFN4rT3vX","https://tickets.istillbelieve.movie",,"https://pbs.twimg.com/profile_banners/1098669174501470208/1578938405",,"http://pbs.twimg.com/profile_images/1216781976075751428/dlBSNK6X_normal.jpg"
"x1098669174501470208","x1179412085706502145",2019-10-02 15:05:28,"istillbelieve","You will love the real-life love story of @JeremyCamp. See @kj_apa and @RealBritt_Rob in #IStillBelieve, in theaters 3.20.20. https://t.co/r4K7r4GGxE","Twitter for iPhone",125,,,,FALSE,FALSE,228,56,,,"IStillBelieve",,,,,"http://pbs.twimg.com/media/EF4dCbLXoAAX4br.jpg","https://t.co/r4K7r4GGxE","https://twitter.com/istillbelieve/status/1179412085706502145/photo/1","photo","http://pbs.twimg.com/media/EF4dCbLXoAAX4br.jpg","https://t.co/r4K7r4GGxE","https://twitter.com/istillbelieve/status/1179412085706502145/photo/1",,"x14433891 x779100876 x89014057","jeremycamp kj_apa RealBritt_Rob","en",,,,,,,,,,,,,,,,,,,,,,,,,,,,,,,,,,,,,"NA NA","NA NA","NA NA NA NA NA NA NA NA","https://twitter.com/istillbelieve/status/1179412085706502145","I Still Believe Film","","#IStillBelieve only in theaters 3.13.20.","https://t.co/ryFN4rT3vX",FALSE,3047,10,20,79,60,2019-02-21 19:41:58,TRUE,"https://t.co/ryFN4rT3vX","https://tickets.istillbelieve.movie",,"https://pbs.twimg.com/profile_banners/1098669174501470208/1578938405",,"http://pbs.twimg.com/profile_images/1216781976075751428/dlBSNK6X_normal.jpg"
"x1098669174501470208","x1178399237064859654",2019-09-29 20:00:46,"istillbelieve","In case you missed it, #IStillBelieve was highlighted on @ETnow. Take a look. https://t.co/HkrckdjPRb","Twitter for iPhone",101,,,,FALSE,FALSE,132,36,,,"IStillBelieve",,"etonline.com/media/videos/f…","https://t.co/HkrckdjPRb","https://www.etonline.com/media/videos/first-look-at-riverdale-star-kj-apas-new-romantic-drama-i-still-believe-130947",,,,,,,,,"x23603092","etnow","en",,,,,,,,,,,,,,,,,,,,,,,,,,,,,,,,,,,,,"NA NA","NA NA","NA NA NA NA NA NA NA NA","https://twitter.com/istillbelieve/status/1178399237064859654","I Still Believe Film","","#IStillBelieve only in theaters 3.13.20.","https://t.co/ryFN4rT3vX",FALSE,3047,10,20,79,60,2019-02-21 19:41:58,TRUE,"https://t.co/ryFN4rT3vX","https://tickets.istillbelieve.movie",,"https://pbs.twimg.com/profile_banners/1098669174501470208/1578938405",,"http://pbs.twimg.com/profile_images/1216781976075751428/dlBSNK6X_normal.jpg"
"x1098669174501470208","x1175103309348257792",2019-09-20 17:43:55,"istillbelieve",".@JeremyCamp, whose love story inspired #IStillBelieve, just released his new album, The Story’s Not Over. Check it out: https://t.co/wywuSMNlGN https://t.co/K6fa4dLc69","Twitter for iPhone",144,,,,FALSE,FALSE,64,20,,,"IStillBelieve",,"jeremycamp.lnk.to/thestorysnotov…","https://t.co/wywuSMNlGN","https://jeremycamp.lnk.to/thestorysnotoverIS","http://pbs.twimg.com/media/EE7OMgfXUAAzqAK.jpg","https://t.co/K6fa4dLc69","https://twitter.com/istillbelieve/status/1175103309348257792/photo/1","photo","http://pbs.twimg.com/media/EE7OMgfXUAAzqAK.jpg","https://t.co/K6fa4dLc69","https://twitter.com/istillbelieve/status/1175103309348257792/photo/1",,"x14433891","jeremycamp","en",,,,,,,,,,,,,,,,,,,,,,,,,,,,,,,,,,,,,"NA NA","NA NA","NA NA NA NA NA NA NA NA","https://twitter.com/istillbelieve/status/1175103309348257792","I Still Believe Film","","#IStillBelieve only in theaters 3.13.20.","https://t.co/ryFN4rT3vX",FALSE,3047,10,20,79,60,2019-02-21 19:41:58,TRUE,"https://t.co/ryFN4rT3vX","https://tickets.istillbelieve.movie",,"https://pbs.twimg.com/profile_banners/1098669174501470208/1578938405",,"http://pbs.twimg.com/profile_images/1216781976075751428/dlBSNK6X_normal.jpg"
"x1098669174501470208","x1171123323549507584",2019-09-09 18:08:53,"istillbelieve","What's your favorite new #IStillBelieve GIF? Search ""I Still Believe"" on your Giphy or Tenor GIF keyboard and reply below. https://t.co/Ez4GT33ohY","Twitter Media Studio",122,,,,FALSE,FALSE,193,33,,,"IStillBelieve",,,,,"http://pbs.twimg.com/tweet_video_thumb/EECqXb6XkAUcAel.jpg","https://t.co/Ez4GT33ohY","https://twitter.com/istillbelieve/status/1171123323549507584/photo/1","photo","http://pbs.twimg.com/tweet_video_thumb/EECqXb6XkAUcAel.jpg","https://t.co/Ez4GT33ohY","https://twitter.com/istillbelieve/status/1171123323549507584/photo/1",,,,"en",,,,,,,,,,,,,,,,,,,,,,,,,,,,,,,,,,,,,"NA NA","NA NA","NA NA NA NA NA NA NA NA","https://twitter.com/istillbelieve/status/1171123323549507584","I Still Believe Film","","#IStillBelieve only in theaters 3.13.20.","https://t.co/ryFN4rT3vX",FALSE,3047,10,20,79,60,2019-02-21 19:41:58,TRUE,"https://t.co/ryFN4rT3vX","https://tickets.istillbelieve.movie",,"https://pbs.twimg.com/profile_banners/1098669174501470208/1578938405",,"http://pbs.twimg.com/profile_images/1216781976075751428/dlBSNK6X_normal.jpg"
"x1098669174501470208","x1164667102575452160",2019-08-22 22:34:10,"istillbelieve","Faith-based movie @istillbelieve releases first trailer! https://t.co/R47deWA8Tt
@jeremycamp @ErwinBros @kj_apa @RealBritt_Rob @GarySinise @ShaniaTwain @melissaroxburgh #IStillBelieveMovie #FaithBased https://t.co/Lav6V4RKF9","Twitter for iPhone",140,,,,FALSE,TRUE,0,24,,,,,"buff.ly/2P66iRs","https://t.co/R47deWA8Tt","https://buff.ly/2P66iRs",,,,,,,,,"x19375043 x1098669174501470208 x14433891 x2864377666 x779100876","movieguide istillbelieve jeremycamp ErwinBros kj_apa","en",,,,,,,,,,,,,,,,"x1164666133661790208","Faith-based movie @istillbelieve releases first trailer! https://t.co/R47deWA8Tt
@jeremycamp @ErwinBros @kj_apa @RealBritt_Rob @GarySinise @ShaniaTwain @melissaroxburgh #IStillBelieveMovie #FaithBased https://t.co/Lav6V4RKF9",2019-08-22 22:30:19,"Buffer",93,24,"x19375043","movieguide","Movieguide®",26435,3915,12402,"","The Family Guide to Movies & Entertainment - Movieguide® App available through iPhone & Android! #KnowBeforeYouGo",TRUE,,,,,,,"NA NA","NA NA","NA NA NA NA NA NA NA NA","https://twitter.com/istillbelieve/status/1164667102575452160","I Still Believe Film","","#IStillBelieve only in theaters 3.13.20.","https://t.co/ryFN4rT3vX",FALSE,3047,10,20,79,60,2019-02-21 19:41:58,TRUE,"https://t.co/ryFN4rT3vX","https://tickets.istillbelieve.movie",,"https://pbs.twimg.com/profile_banners/1098669174501470208/1578938405",,"http://pbs.twimg.com/profile_images/1216781976075751428/dlBSNK6X_normal.jpg"
"x1098669174501470208","x1164666974707675136",2019-08-22 22:33:39,"istillbelieve","Here IT is folks. The official trailer. Take a look and mark your calendars for 3/20/20 #istillbelieve https://t.co/I3saxQ3WtW","Twitter for iPhone",140,,,,FALSE,TRUE,0,214,,,"istillbelieve",,,,,,,,,,,,,"x128393253","GarySinise","en",,,,,,,,,,,,,,,,"x1164641242480726019","Here IT is folks. The official trailer. Take a look and mark your calendars for 3/20/20 #istillbelieve https://t.co/I3saxQ3WtW",2019-08-22 20:51:24,"Twitter for iPhone",1065,214,"x128393253","GarySinise","Gary Sinise",688237,1501,6189,"United States","Actor/Director/Co-Founder Steppenwolf Theatre, Bass player GS & Lt Dan Band, Founder Gary Sinise Foundation & NYT Bestselling Author of Grateful American",TRUE,,,,,,,"NA NA","NA NA","NA NA NA NA NA NA NA NA","https://twitter.com/istillbelieve/status/1164666974707675136","I Still Believe Film","","#IStillBelieve only in theaters 3.13.20.","https://t.co/ryFN4rT3vX",FALSE,3047,10,20,79,60,2019-02-21 19:41:58,TRUE,"https://t.co/ryFN4rT3vX","https://tickets.istillbelieve.movie",,"https://pbs.twimg.com/profile_banners/1098669174501470208/1578938405",,"http://pbs.twimg.com/profile_images/1216781976075751428/dlBSNK6X_normal.jpg"
"x1098669174501470208","x1164666934375436289",2019-08-22 22:33:30,"istillbelieve","I am so excited to share the trailer for my movie I Still Believe that releases on 3.20.20. Can't wait for you to see the full film!

Anyone else as excited as I am? https://t.co/UQx3q7kQMh","Twitter for iPhone",140,,,,FALSE,TRUE,0,353,,,,,,,,,,,,,,,,"x14433891","jeremycamp","en",,,,,,,,,,,,,,,,"x1164587540629925888","I am so excited to share the trailer for my movie I Still Believe that releases on 3.20.20. Can't wait for you to see the full film!

Anyone else as excited as I am? https://t.co/UQx3q7kQMh",2019-08-22 17:18:01,"Twitter for iPhone",1738,353,"x14433891","jeremycamp","Jeremy Camp",522631,8775,4716,"Nashville, TN","Follower of Jesus, husband, father, recording artist. New album “The Story’s Not Over” is out NOW!",TRUE,,,,,,,"NA NA","NA NA","NA NA NA NA NA NA NA NA","https://twitter.com/istillbelieve/status/1164666934375436289","I Still Believe Film","","#IStillBelieve only in theaters 3.13.20.","https://t.co/ryFN4rT3vX",FALSE,3047,10,20,79,60,2019-02-21 19:41:58,TRUE,"https://t.co/ryFN4rT3vX","https://tickets.istillbelieve.movie",,"https://pbs.twimg.com/profile_banners/1098669174501470208/1578938405",,"http://pbs.twimg.com/profile_images/1216781976075751428/dlBSNK6X_normal.jpg"
"x1098669174501470208","x1164525225175855104",2019-08-22 13:10:24,"istillbelieve","One love can change your life. Watch (and share!) the first trailer for #IStillBelieve, in theaters 3.20.20. https://t.co/PaxMS8KUiJ","Twitter Media Studio",108,,,,FALSE,FALSE,3216,1019,,,"IStillBelieve",,,,,"http://pbs.twimg.com/media/ECkBe4PXsAETcJX.jpg","https://t.co/PaxMS8KUiJ","https://twitter.com/istillbelieve/status/1164525225175855104/video/1","photo","http://pbs.twimg.com/media/ECkBe4PXsAETcJX.jpg","https://t.co/PaxMS8KUiJ","https://twitter.com/istillbelieve/status/1164525225175855104/video/1",,,,"en",,,,,,,,,,,,,,,,,,,,,,,,,,,,,,,,,,,,,"NA NA","NA NA","NA NA NA NA NA NA NA NA","https://twitter.com/istillbelieve/status/1164525225175855104","I Still Believe Film","","#IStillBelieve only in theaters 3.13.20.","https://t.co/ryFN4rT3vX",FALSE,3047,10,20,79,60,2019-02-21 19:41:58,TRUE,"https://t.co/ryFN4rT3vX","https://tickets.istillbelieve.movie",,"https://pbs.twimg.com/profile_banners/1098669174501470208/1578938405",,"http://pbs.twimg.com/profile_images/1216781976075751428/dlBSNK6X_normal.jpg"
"x1098669174501470208","x1164289722933489664",2019-08-21 21:34:36,"istillbelieve","Can’t wait for tomorrow’s online launch of the #IStillBelieve trailer? This evening, be sure to watch @etnow. https://t.co/HmfbIxUUTi","Twitter Web App",109,,,,FALSE,FALSE,256,53,,,"IStillBelieve",,,,,"http://pbs.twimg.com/media/EChjT_gXsAEjhqU.jpg","https://t.co/HmfbIxUUTi","https://twitter.com/istillbelieve/status/1164289722933489664/photo/1","photo","http://pbs.twimg.com/media/EChjT_gXsAEjhqU.jpg","https://t.co/HmfbIxUUTi","https://twitter.com/istillbelieve/status/1164289722933489664/photo/1",,"x23603092","etnow","en",,,,,,,,,,,,,,,,,,,,,,,,,,,,,,,,,,,,,"NA NA","NA NA","NA NA NA NA NA NA NA NA","https://twitter.com/istillbelieve/status/1164289722933489664","I Still Believe Film","","#IStillBelieve only in theaters 3.13.20.","https://t.co/ryFN4rT3vX",FALSE,3047,10,20,79,60,2019-02-21 19:41:58,TRUE,"https://t.co/ryFN4rT3vX","https://tickets.istillbelieve.movie",,"https://pbs.twimg.com/profile_banners/1098669174501470208/1578938405",,"http://pbs.twimg.com/profile_images/1216781976075751428/dlBSNK6X_normal.jpg"
"x1098669174501470208","x1164259988245811206",2019-08-21 19:36:26,"istillbelieve","KJ Apa Admits He Was 'Terrified' to Sing as Christian Rocker Jeremy Camp in I Still Believe https://t.co/iXtrkl4rnd","Twitter Web App",127,,,,FALSE,TRUE,0,52,,,,,"peoplem.ag/FUylm96","https://t.co/iXtrkl4rnd","http://peoplem.ag/FUylm96",,,,,,,,,"x25589776","people","en",,,,,,,,,,,,,,,,"x1164233694099496961","KJ Apa Admits He Was 'Terrified' to Sing as Christian Rocker Jeremy Camp in I Still Believe https://t.co/iXtrkl4rnd",2019-08-21 17:51:57,"SocialFlow",160,52,"x25589776","people","People",7625701,1751,288105,"","https://t.co/4HzJYZw0O4 is the No. 1 site for celebrity news—and now you can subscribe to our Snapchat Discover channel! https://t.co/Fs10qvl9E9",TRUE,,,,,,,"NA NA","NA NA","NA NA NA NA NA NA NA NA","https://twitter.com/istillbelieve/status/1164259988245811206","I Still Believe Film","","#IStillBelieve only in theaters 3.13.20.","https://t.co/ryFN4rT3vX",FALSE,3047,10,20,79,60,2019-02-21 19:41:58,TRUE,"https://t.co/ryFN4rT3vX","https://tickets.istillbelieve.movie",,"https://pbs.twimg.com/profile_banners/1098669174501470208/1578938405",,"http://pbs.twimg.com/profile_images/1216781976075751428/dlBSNK6X_normal.jpg"
"x1098669174501470208","x1163844725134118912",2019-08-20 16:06:20,"istillbelieve","The official #IStillBelieve movie poster is here. Starring 
@KJ_Apa, @RealBritt_Rob, @ShaniaTwain, and 
@GarySinise. In theaters 3.20.20. https://t.co/Cpq2NPXKUC","Twitter Web App",137,,,,FALSE,FALSE,5744,505,,,"IStillBelieve",,,,,"http://pbs.twimg.com/media/ECbOmxfXUAI6AzW.jpg","https://t.co/Cpq2NPXKUC","https://twitter.com/istillbelieve/status/1163844725134118912/photo/1","photo","http://pbs.twimg.com/media/ECbOmxfXUAI6AzW.jpg","https://t.co/Cpq2NPXKUC","https://twitter.com/istillbelieve/status/1163844725134118912/photo/1",,"x779100876 x89014057 x107436986 x128393253","kj_apa RealBritt_Rob ShaniaTwain GarySinise","en",,,,,,,,,,,,,,,,,,,,,,,,,,,,,,,,,,,,,"NA NA","NA NA","NA NA NA NA NA NA NA NA","https://twitter.com/istillbelieve/status/1163844725134118912","I Still Believe Film","","#IStillBelieve only in theaters 3.13.20.","https://t.co/ryFN4rT3vX",FALSE,3047,10,20,79,60,2019-02-21 19:41:58,TRUE,"https://t.co/ryFN4rT3vX","https://tickets.istillbelieve.movie",,"https://pbs.twimg.com/profile_banners/1098669174501470208/1578938405",,"http://pbs.twimg.com/profile_images/1216781976075751428/dlBSNK6X_normal.jpg"
"x1098669174501470208","x1163622124881424384",2019-08-20 01:21:48,"istillbelieve","Hey folks, had a great time working on this film coming out in theaters 3/20/20. Keep an eye out for the full trailer #comingsoon #istillbelieve @istillbelieve https://t.co/Og2qls5Ahy","Twitter for iPhone",140,,,,FALSE,TRUE,0,446,,,,,,,,,,,,,,,,"x128393253","GarySinise","en",,,,,,,,,,,,,,,,"x1163585835729637377","Hey folks, had a great time working on this film coming out in theaters 3/20/20. Keep an eye out for the full trailer #comingsoon #istillbelieve @istillbelieve https://t.co/Og2qls5Ahy",2019-08-19 22:57:36,"Twitter for iPhone",5121,446,"x128393253","GarySinise","Gary Sinise",688237,1501,6189,"United States","Actor/Director/Co-Founder Steppenwolf Theatre, Bass player GS & Lt Dan Band, Founder Gary Sinise Foundation & NYT Bestselling Author of Grateful American",TRUE,,,,,,,"NA NA","NA NA","NA NA NA NA NA NA NA NA","https://twitter.com/istillbelieve/status/1163622124881424384","I Still Believe Film","","#IStillBelieve only in theaters 3.13.20.","https://t.co/ryFN4rT3vX",FALSE,3047,10,20,79,60,2019-02-21 19:41:58,TRUE,"https://t.co/ryFN4rT3vX","https://tickets.istillbelieve.movie",,"https://pbs.twimg.com/profile_banners/1098669174501470208/1578938405",,"http://pbs.twimg.com/profile_images/1216781976075751428/dlBSNK6X_normal.jpg"
"x1098669174501470208","x1163571243070709760",2019-08-19 21:59:37,"istillbelieve","The trailer for #IStillBelieve debuts in 3 days. Get exclusive early access on Thursday: Text BELIEVE to 80820. https://t.co/yCexTdip2W","Twitter Media Studio",111,,,,FALSE,FALSE,615,172,,,"IStillBelieve",,,,,"http://pbs.twimg.com/media/ECXVtrYXUAAHDFW.jpg","https://t.co/yCexTdip2W","https://twitter.com/istillbelieve/status/1163571243070709760/video/1","photo","http://pbs.twimg.com/media/ECXVtrYXUAAHDFW.jpg","https://t.co/yCexTdip2W","https://twitter.com/istillbelieve/status/1163571243070709760/video/1",,,,"en",,,,,,,,,,,,,,,,,,,,,,,,,,,,,,,,,,,,,"NA NA","NA NA","NA NA NA NA NA NA NA NA","https://twitter.com/istillbelieve/status/1163571243070709760","I Still Believe Film","","#IStillBelieve only in theaters 3.13.20.","https://t.co/ryFN4rT3vX",FALSE,3047,10,20,79,60,2019-02-21 19:41:58,TRUE,"https://t.co/ryFN4rT3vX","https://tickets.istillbelieve.movie",,"https://pbs.twimg.com/profile_banners/1098669174501470208/1578938405",,"http://pbs.twimg.com/profile_images/1216781976075751428/dlBSNK6X_normal.jpg"
"x1098669174501470208","x1149771313952804868",2019-07-12 20:03:37,"istillbelieve","While on set for the filming of #IStillBelieve, @JeremyCamp prayed for the cast and crew of this new movie, coming to theaters 3.20.20. Take a look. https://t.co/AVNsTLH13S","Twitter for iPhone",148,,,,FALSE,FALSE,137,37,,,"IStillBelieve",,,,,"http://pbs.twimg.com/ext_tw_video_thumb/1149771255433900040/pu/img/34FhB8lpAgy-7r2Z.jpg","https://t.co/AVNsTLH13S","https://twitter.com/istillbelieve/status/1149771313952804868/video/1","photo","http://pbs.twimg.com/ext_tw_video_thumb/1149771255433900040/pu/img/34FhB8lpAgy-7r2Z.jpg","https://t.co/AVNsTLH13S","https://twitter.com/istillbelieve/status/1149771313952804868/video/1",,"x14433891","jeremycamp","en",,,,,,,,,,,,,,,,,,,,,,,,,,,,,,,,,,,,,"NA NA","NA NA","NA NA NA NA NA NA NA NA","https://twitter.com/istillbelieve/status/1149771313952804868","I Still Believe Film","","#IStillBelieve only in theaters 3.13.20.","https://t.co/ryFN4rT3vX",FALSE,3047,10,20,79,60,2019-02-21 19:41:58,TRUE,"https://t.co/ryFN4rT3vX","https://tickets.istillbelieve.movie",,"https://pbs.twimg.com/profile_banners/1098669174501470208/1578938405",,"http://pbs.twimg.com/profile_images/1216781976075751428/dlBSNK6X_normal.jpg"
"x1098669174501470208","x1143583979599216640",2019-06-25 18:17:22,"istillbelieve","Real, reel life is happening on the set of #IStillBelieve! @kevindownes shares a moment with @adiecamp and #AbbeyCowen—who plays Adie in the movie. Check it out ... https://t.co/COa7nDZYOI","Twitter for iPhone",164,,,,FALSE,FALSE,90,20,,,"IStillBelieve AbbeyCowen",,,,,"http://pbs.twimg.com/ext_tw_video_thumb/1143583882853400576/pu/img/Z5b_CoImNWW_8tDw.jpg","https://t.co/COa7nDZYOI","https://twitter.com/istillbelieve/status/1143583979599216640/video/1","photo","http://pbs.twimg.com/ext_tw_video_thumb/1143583882853400576/pu/img/Z5b_CoImNWW_8tDw.jpg","https://t.co/COa7nDZYOI","https://twitter.com/istillbelieve/status/1143583979599216640/video/1",,"x40332103 x21257461","kevindownes adiecamp","en",,,,,,,,,,,,,,,,,,,,,,,,,,,,,,,,,,,,,"NA NA","NA NA","NA NA NA NA NA NA NA NA","https://twitter.com/istillbelieve/status/1143583979599216640","I Still Believe Film","","#IStillBelieve only in theaters 3.13.20.","https://t.co/ryFN4rT3vX",FALSE,3047,10,20,79,60,2019-02-21 19:41:58,TRUE,"https://t.co/ryFN4rT3vX","https://tickets.istillbelieve.movie",,"https://pbs.twimg.com/profile_banners/1098669174501470208/1578938405",,"http://pbs.twimg.com/profile_images/1216781976075751428/dlBSNK6X_normal.jpg"
"x1098669174501470208","x1141101893474820102",2019-06-18 21:54:26,"istillbelieve","We celebrated a very special occasion at the end of a long day of shooting #IStillBelieve: @kj_apa’s birthday! https://t.co/M1D6xLMec4","Twitter for iPhone",110,,,,FALSE,FALSE,273,42,,,"IStillBelieve",,,,,"http://pbs.twimg.com/ext_tw_video_thumb/1141101370486996992/pu/img/HkPvxsg-GSskOGkR.jpg","https://t.co/M1D6xLMec4","https://twitter.com/istillbelieve/status/1141101893474820102/video/1","photo","http://pbs.twimg.com/ext_tw_video_thumb/1141101370486996992/pu/img/HkPvxsg-GSskOGkR.jpg","https://t.co/M1D6xLMec4","https://twitter.com/istillbelieve/status/1141101893474820102/video/1",,"x779100876","kj_apa","en",,,,,,,,,,,,,,,,,,,,,,,,,,,,,,,,,,,,,"NA NA","NA NA","NA NA NA NA NA NA NA NA","https://twitter.com/istillbelieve/status/1141101893474820102","I Still Believe Film","","#IStillBelieve only in theaters 3.13.20.","https://t.co/ryFN4rT3vX",FALSE,3047,10,20,79,60,2019-02-21 19:41:58,TRUE,"https://t.co/ryFN4rT3vX","https://tickets.istillbelieve.movie",,"https://pbs.twimg.com/profile_banners/1098669174501470208/1578938405",,"http://pbs.twimg.com/profile_images/1216781976075751428/dlBSNK6X_normal.jpg"
"x1098669174501470208","x1137151891501146112",2019-06-08 00:18:32,"istillbelieve",".@kj_apa and @RealBritt_Rob lead the celebration of #ReubenDodd as he is honored by #IStillBelieve director Andy Erwin after finishing his work as the younger brother of @JeremyCamp (along with screen brother @NicolasJBechtel). https://t.co/QECrJEavEG","Twitter for iPhone",227,,,,FALSE,FALSE,160,29,,,"ReubenDodd IStillBelieve",,,,,"http://pbs.twimg.com/ext_tw_video_thumb/1137151804020592640/pu/img/040s8MxIk0VqJa-S.jpg","https://t.co/QECrJEavEG","https://twitter.com/istillbelieve/status/1137151891501146112/video/1","photo","http://pbs.twimg.com/ext_tw_video_thumb/1137151804020592640/pu/img/040s8MxIk0VqJa-S.jpg","https://t.co/QECrJEavEG","https://twitter.com/istillbelieve/status/1137151891501146112/video/1",,"x779100876 x89014057 x14433891 x1633986445","kj_apa RealBritt_Rob jeremycamp NicolasJBechtel","en",,,,,,,,,,,,,,,,,,,,,,,,,,,,,,,,,,,,,"NA NA","NA NA","NA NA NA NA NA NA NA NA","https://twitter.com/istillbelieve/status/1137151891501146112","I Still Believe Film","","#IStillBelieve only in theaters 3.13.20.","https://t.co/ryFN4rT3vX",FALSE,3047,10,20,79,60,2019-02-21 19:41:58,TRUE,"https://t.co/ryFN4rT3vX","https://tickets.istillbelieve.movie",,"https://pbs.twimg.com/profile_banners/1098669174501470208/1578938405",,"http://pbs.twimg.com/profile_images/1216781976075751428/dlBSNK6X_normal.jpg"
"x1098669174501470208","x1135604313194188804",2019-06-03 17:49:01,"istillbelieve","THE. FIRST. LOOK. https://t.co/DyaQlSMseO","Twitter for iPhone",17,,,,FALSE,FALSE,4846,531,,,,,,,,"http://pbs.twimg.com/ext_tw_video_thumb/1135604246399897600/pu/img/uQ2uWW22-3mGdglG.jpg","https://t.co/DyaQlSMseO","https://twitter.com/istillbelieve/status/1135604313194188804/video/1","photo","http://pbs.twimg.com/ext_tw_video_thumb/1135604246399897600/pu/img/uQ2uWW22-3mGdglG.jpg","https://t.co/DyaQlSMseO","https://twitter.com/istillbelieve/status/1135604313194188804/video/1",,,,"en",,,,,,,,,,,,,,,,,,,,,,,,,,,,,,,,,,,,,"NA NA","NA NA","NA NA NA NA NA NA NA NA","https://twitter.com/istillbelieve/status/1135604313194188804","I Still Believe Film","","#IStillBelieve only in theaters 3.13.20.","https://t.co/ryFN4rT3vX",FALSE,3047,10,20,79,60,2019-02-21 19:41:58,TRUE,"https://t.co/ryFN4rT3vX","https://tickets.istillbelieve.movie",,"https://pbs.twimg.com/profile_banners/1098669174501470208/1578938405",,"http://pbs.twimg.com/profile_images/1216781976075751428/dlBSNK6X_normal.jpg"
"x1098669174501470208","x1133851048144195588",2019-05-29 21:42:10,"istillbelieve","Our friend @GarySinise arrived on set ... check out the response he received from cast, crew, and extras! #IStillBelieve https://t.co/rWO03N0I2J","Twitter for iPhone",120,,,,FALSE,FALSE,85,27,,,"IStillBelieve",,,,,"http://pbs.twimg.com/ext_tw_video_thumb/1133850938018603010/pu/img/_ErQO3D2IpPyatFA.jpg","https://t.co/rWO03N0I2J","https://twitter.com/istillbelieve/status/1133851048144195588/video/1","photo","http://pbs.twimg.com/ext_tw_video_thumb/1133850938018603010/pu/img/_ErQO3D2IpPyatFA.jpg","https://t.co/rWO03N0I2J","https://twitter.com/istillbelieve/status/1133851048144195588/video/1",,"x128393253","GarySinise","en",,,,,,,,,,,,,,,,,,,,,,,,,,,,,,,,,,,,,"NA NA","NA NA","NA NA NA NA NA NA NA NA","https://twitter.com/istillbelieve/status/1133851048144195588","I Still Believe Film","","#IStillBelieve only in theaters 3.13.20.","https://t.co/ryFN4rT3vX",FALSE,3047,10,20,79,60,2019-02-21 19:41:58,TRUE,"https://t.co/ryFN4rT3vX","https://tickets.istillbelieve.movie",,"https://pbs.twimg.com/profile_banners/1098669174501470208/1578938405",,"http://pbs.twimg.com/profile_images/1216781976075751428/dlBSNK6X_normal.jpg"
"x1098669174501470208","x1133543980484976640",2019-05-29 01:21:59,"istillbelieve","Star of #Riverdale @kj_apa and @GarySinise join #IStillBelieve for Lionsgate https://t.co/ZMz6OndNoa https://t.co/lPOhFuiHu2","Twitter for iPhone",133,,,,FALSE,TRUE,0,196,,,"Riverdale IStillBelieve",,"thr.cm/yC6y6I","https://t.co/ZMz6OndNoa","http://thr.cm/yC6y6I","http://pbs.twimg.com/media/D3V0EOWXkAA45Cz.jpg","https://t.co/lPOhFuiHu2","https://twitter.com/THR/status/1113924100311875590/photo/1","photo","http://pbs.twimg.com/media/D3V0EOWXkAA45Cz.jpg","https://t.co/lPOhFuiHu2","https://twitter.com/THR/status/1113924100311875590/photo/1",,"x17446621 x779100876 x128393253","THR kj_apa GarySinise","en",,,,,,,,,,,,,,,,"x1113924100311875590","Star of #Riverdale @kj_apa and @GarySinise join #IStillBelieve for Lionsgate https://t.co/ZMz6OndNoa https://t.co/lPOhFuiHu2",2019-04-04 21:59:35,"SocialFlow",3304,196,"x17446621","THR","The Hollywood Reporter",3210294,2761,403515,"Hollywood, CA","The Hollywood Reporter is the premier destination & most widely trusted resource for entertainment news, reviews, videos & more.",TRUE,,,,,,,"NA NA","NA NA","NA NA NA NA NA NA NA NA","https://twitter.com/istillbelieve/status/1133543980484976640","I Still Believe Film","","#IStillBelieve only in theaters 3.13.20.","https://t.co/ryFN4rT3vX",FALSE,3047,10,20,79,60,2019-02-21 19:41:58,TRUE,"https://t.co/ryFN4rT3vX","https://tickets.istillbelieve.movie",,"https://pbs.twimg.com/profile_banners/1098669174501470208/1578938405",,"http://pbs.twimg.com/profile_images/1216781976075751428/dlBSNK6X_normal.jpg"
"x1098669174501470208","x1133543917264211968",2019-05-29 01:21:44,"istillbelieve","Thanks for coming by @KJ_apa &amp; Abbey <U+0001F919> https://t.co/munu7kDVZa","Twitter for iPhone",83,,,,FALSE,TRUE,0,292,,,,,,,,"http://pbs.twimg.com/media/D64-5UcXsAAyfma.jpg","https://t.co/munu7kDVZa","https://twitter.com/Hangoutfest/status/1129909762211176448/photo/1","photo","http://pbs.twimg.com/media/D64-5UcXsAAyfma.jpg","https://t.co/munu7kDVZa","https://twitter.com/Hangoutfest/status/1129909762211176448/photo/1",,"x111342637 x779100876","Hangoutfest kj_apa","en",,,,,,,,,,,,,,,,"x1129909762211176448","Thanks for coming by @KJ_apa &amp; Abbey <U+0001F919> https://t.co/munu7kDVZa",2019-05-19 00:40:54,"Twitter Web Client",7253,292,"x111342637","Hangoutfest","Hangout Music Fest",120253,148,5913,"Gulf Shores, AL","May 15-17, 2020 <U+0001F919>",TRUE,,,,,,,"NA NA","NA NA","NA NA NA NA NA NA NA NA","https://twitter.com/istillbelieve/status/1133543917264211968","I Still Believe Film","","#IStillBelieve only in theaters 3.13.20.","https://t.co/ryFN4rT3vX",FALSE,3047,10,20,79,60,2019-02-21 19:41:58,TRUE,"https://t.co/ryFN4rT3vX","https://tickets.istillbelieve.movie",,"https://pbs.twimg.com/profile_banners/1098669174501470208/1578938405",,"http://pbs.twimg.com/profile_images/1216781976075751428/dlBSNK6X_normal.jpg"
"x1098669174501470208","x1133493544067502085",2019-05-28 22:01:34,"istillbelieve","I love this guy. He is playing the part unbelievably well. There is no one better I could have asked for to share the story of my life. Thankful how God orchestrates the right people when you seek Him for wisdom. Thank you @kjapa for being genuine, real &amp; for believing in this. https://t.co/j1LqkT84Zc","Twitter for iPhone",140,,,,FALSE,TRUE,0,63,,,,,,,,,,,,,,,,"x14433891","jeremycamp","en",,,,,,,,,,,,,,,,"x1132275103151140864","I love this guy. He is playing the part unbelievably well. There is no one better I could have asked for to share the story of my life. Thankful how God orchestrates the right people when you seek Him for wisdom. Thank you @kjapa for being genuine, real &amp; for believing in this. https://t.co/j1LqkT84Zc",2019-05-25 13:19:55,"Twitter for iPhone",641,63,"x14433891","jeremycamp","Jeremy Camp",522631,8775,4716,"Nashville, TN","Follower of Jesus, husband, father, recording artist. New album “The Story’s Not Over” is out NOW!",TRUE,,,,,,,"NA NA","NA NA","NA NA NA NA NA NA NA NA","https://twitter.com/istillbelieve/status/1133493544067502085","I Still Believe Film","","#IStillBelieve only in theaters 3.13.20.","https://t.co/ryFN4rT3vX",FALSE,3047,10,20,79,60,2019-02-21 19:41:58,TRUE,"https://t.co/ryFN4rT3vX","https://tickets.istillbelieve.movie",,"https://pbs.twimg.com/profile_banners/1098669174501470208/1578938405",,"http://pbs.twimg.com/profile_images/1216781976075751428/dlBSNK6X_normal.jpg"
"x1098669174501470208","x1132108379147591680",2019-05-25 02:17:25,"istillbelieve","On the set of #IStillBelieve, producer @KevinDownes introduces us to @RealBritt_Rob, who plays Melissa! https://t.co/lXBXoDDISz","Twitter for iPhone",103,,,,FALSE,FALSE,69,17,,,"IStillBelieve",,,,,"http://pbs.twimg.com/ext_tw_video_thumb/1132108286843482112/pu/img/bM4NlqfuWISbgFZ5.jpg","https://t.co/lXBXoDDISz","https://twitter.com/istillbelieve/status/1132108379147591680/video/1","photo","http://pbs.twimg.com/ext_tw_video_thumb/1132108286843482112/pu/img/bM4NlqfuWISbgFZ5.jpg","https://t.co/lXBXoDDISz","https://twitter.com/istillbelieve/status/1132108379147591680/video/1",,"x40332103 x89014057","kevindownes RealBritt_Rob","en",,,,,,,,,,,,,,,,,,,,,,,,,,,,,,,,,,,,,"NA NA","NA NA","NA NA NA NA NA NA NA NA","https://twitter.com/istillbelieve/status/1132108379147591680","I Still Believe Film","","#IStillBelieve only in theaters 3.13.20.","https://t.co/ryFN4rT3vX",FALSE,3047,10,20,79,60,2019-02-21 19:41:58,TRUE,"https://t.co/ryFN4rT3vX","https://tickets.istillbelieve.movie",,"https://pbs.twimg.com/profile_banners/1098669174501470208/1578938405",,"http://pbs.twimg.com/profile_images/1216781976075751428/dlBSNK6X_normal.jpg"
"x1098669174501470208","x1131701318077296645",2019-05-23 23:19:54,"istillbelieve","Our friend @IMMaddieCarroll from @onlyimaginefilm is part of #IStillBelieve ... only this time, she’s on the other side of the camera. Check out what she’s doing and why she’s so excited about it! https://t.co/yUrrLGoh8C","Twitter for iPhone",196,,,,FALSE,FALSE,43,9,,,"IStillBelieve",,,,,"http://pbs.twimg.com/ext_tw_video_thumb/1131701214155104262/pu/img/6roe4IjbsXnsPX_T.jpg","https://t.co/yUrrLGoh8C","https://twitter.com/istillbelieve/status/1131701318077296645/video/1","photo","http://pbs.twimg.com/ext_tw_video_thumb/1131701214155104262/pu/img/6roe4IjbsXnsPX_T.jpg","https://t.co/yUrrLGoh8C","https://twitter.com/istillbelieve/status/1131701318077296645/video/1",,"x282795638 x807245046026272768","IMMaddieCarroll onlyimaginefilm","en",,,,,,,,,,,,,,,,,,,,,,,,,,,,,,,,,,,,,"NA NA","NA NA","NA NA NA NA NA NA NA NA","https://twitter.com/istillbelieve/status/1131701318077296645","I Still Believe Film","","#IStillBelieve only in theaters 3.13.20.","https://t.co/ryFN4rT3vX",FALSE,3047,10,20,79,60,2019-02-21 19:41:58,TRUE,"https://t.co/ryFN4rT3vX","https://tickets.istillbelieve.movie",,"https://pbs.twimg.com/profile_banners/1098669174501470208/1578938405",,"http://pbs.twimg.com/profile_images/1216781976075751428/dlBSNK6X_normal.jpg"
"x1098669174501470208","x1131361459475140608",2019-05-23 00:49:26,"istillbelieve","Producer @kevindownes shares his excitement about #IStillBelieve, which is now filming. Take a look! https://t.co/aYfSZL4tk7","Twitter for iPhone",100,,,,FALSE,FALSE,38,15,,,"IStillBelieve",,,,,"http://pbs.twimg.com/ext_tw_video_thumb/1131361370539085824/pu/img/rcfu1j_UArj9SGVh.jpg","https://t.co/aYfSZL4tk7","https://twitter.com/istillbelieve/status/1131361459475140608/video/1","photo","http://pbs.twimg.com/ext_tw_video_thumb/1131361370539085824/pu/img/rcfu1j_UArj9SGVh.jpg","https://t.co/aYfSZL4tk7","https://twitter.com/istillbelieve/status/1131361459475140608/video/1",,"x40332103","kevindownes","en",,,,,,,,,,,,,,,,,,,,,,,,,,,,,,,,,,,,,"NA NA","NA NA","NA NA NA NA NA NA NA NA","https://twitter.com/istillbelieve/status/1131361459475140608","I Still Believe Film","","#IStillBelieve only in theaters 3.13.20.","https://t.co/ryFN4rT3vX",FALSE,3047,10,20,79,60,2019-02-21 19:41:58,TRUE,"https://t.co/ryFN4rT3vX","https://tickets.istillbelieve.movie",,"https://pbs.twimg.com/profile_banners/1098669174501470208/1578938405",,"http://pbs.twimg.com/profile_images/1216781976075751428/dlBSNK6X_normal.jpg"
"x1098669174501470208","x1130952253563654144",2019-05-21 21:43:23,"istillbelieve","And filming of #IStillBelieve is underway! Check out what @JeremyCamp is thinking as the journey begins ... https://t.co/Axfj3NQ1qb","Twitter for iPhone",107,,,,FALSE,FALSE,47,16,,,"IStillBelieve",,,,,"http://pbs.twimg.com/ext_tw_video_thumb/1130952148085280768/pu/img/ySivewZVX0SjZCb1.jpg","https://t.co/Axfj3NQ1qb","https://twitter.com/istillbelieve/status/1130952253563654144/video/1","photo","http://pbs.twimg.com/ext_tw_video_thumb/1130952148085280768/pu/img/ySivewZVX0SjZCb1.jpg","https://t.co/Axfj3NQ1qb","https://twitter.com/istillbelieve/status/1130952253563654144/video/1",,"x14433891","jeremycamp","en",,,,,,,,,,,,,,,,,,,,,,,,,,,,,,,,,,,,,"NA NA","NA NA","NA NA NA NA NA NA NA NA","https://twitter.com/istillbelieve/status/1130952253563654144","I Still Believe Film","","#IStillBelieve only in theaters 3.13.20.","https://t.co/ryFN4rT3vX",FALSE,3047,10,20,79,60,2019-02-21 19:41:58,TRUE,"https://t.co/ryFN4rT3vX","https://tickets.istillbelieve.movie",,"https://pbs.twimg.com/profile_banners/1098669174501470208/1578938405",,"http://pbs.twimg.com/profile_images/1216781976075751428/dlBSNK6X_normal.jpg"
