"Right away, most audiences have probably already seen";"in one form or another before but as these types of films go, thats not necessarily the point. Its also sometimes about the escapism of seeing younger, good-looking people falling in love on screen though in this case, its a little more than that with religious themes thrown into the mix. The latter will certainly be a moot point for audiences as the film certainly will not be for everyone, assuming they can look past the romance angle obviously. Though it is based on a true story with religious themes, the film overplays its religious overtones in an arguably overly-contrived way that permeates throughout the film, that is both irritating at times and also unintentionally hilarious at others. Suffice it to say that those who are not religiously-inclined will simply be rolling their eyes at the events of the film while those who are should find more than enough to enjoy here.";"is based on the true story of the famed Christian music star Jeremy Camp (Apa) and his emotional rollercoaster of a relationship with a woman named Melissa (Robertson). Those familiar with the true story or anyone who has seen any of the films promotional material can more or less figure out how the story will go which pretty much takes any type of fun or interest away from it as nothing should come as much of a surprise to anyone. Just another story of two seemingly incompatible people inevitably falling in love with another over time because they are good looking and because obviously. Meeting at a Christian college, Jeremy was an aspiring singer and songwriter while Melissa was something but was also a big Christian music fan. Of course religion was the driving force of their relationship and throughout their mostly ups and downs, thats what they had on their side.";"The story was incredibly dull to watch as these characters had almost no chemistry and faced little to no serious adversity whatsoever. As Jeremy was on the rise in the music scene and he and Melissa grew closer, Melissa would be stricken with cancer out of nowhere. Her strong belief in God and Gods plan was certainly infectious. Regardless of what may or may not happen to her, it all was his plan and she had faith in that. Throughout her many hardships, Jeremys faith was tested but he still remained by her side as his love of Melissa never waned. Though they relied on the power of their faith to get them through, something had to give. With a running time of just under 2 hours, theres only so much of this one person can take. The film definitely could have been 10-15 minutes shorter as it goes out of its way on countless occasions to justify itself ";".";"While its extremely cheesy dialog didnt do it any favors, the best part of";"was Apas performance as Jeremy. He brings boatloads of charisma to the role and was still somewhat compelling to watch despite being handcuffed by the material. Meanwhile, he also sang and played guitar and surprisingly wasnt bad. The other side of the spectrum unfortunately was Robertsons Melissa whose performance screamed";"being held against her will. While she was saddled with most of the cheesy dialog, her unnatural performance was painful to watch as she was seemingly stringed along by Apa. If it wasnt for him, the films central relationship would have faced a much different fate. The film wants us to care about them and their story but while it wasnt necessarily the actors fault, it certainly was difficult to do so.";"In the end. some people will still believe in";"and thats fine but for those who dont believe, it will not change your mind.";"If you liked this, please read our other reviews";"anddont forget to follow us on";"or";"or like us on";"You must ";" to post a comment.";"This site uses Akismet to reduce spam. ";".";"Enter your email address to subscribe to this blog and receive notifications of new posts by email.";"Join 8,124 other subscribers";"
                        ";"
                        ";"
                    ";"
                        ";"
                        ";"
                        ";"
                        ";"
						                        ";"
                    ";"I Still Believe with its tear-inducing story will make it so, even if you arent a person of faith, youll get why some hold onto theirs so tightly  despite it all.";" I Still Believe is about Jeremy Camps relationship with his first with Melissa Henning. It begins in the fall of 1999, when they met in college, and takes us through the trials and tribulations they went through. Nothing too saucy, but with Jeremy believing they were fate and Melissa struggling with how she feels, things begin rocky. However, Jeremys consistency and events that change Melissas mind in his favor lead to the kind of romance that YA novel writers wish they could craft.";"Suffering doesnt destroy faith, it refines it.";"
 Melissa";"I honestly can not recall the last time I cried so much throughout a movie. And mind you, outside of its Christian spin, I Still Believe is essentially the same setup as the majority of YA novels in existence. Boy meets Girl, one isnt so sure about the other, one moment leads to a date, and then they are inseparable until the worst thing imaginable happens.";"But, while no story in existence is new, I will say that even with knowing the trajectory due to watching the IMAX fan event, which tells you what happens, I was still in tears at least once every few minutes. And when I say in tears, Im talking about crying from both eyes, getting choked up, and my chest tightening. Im talking about a serious emotional reaction, which I cant say is due to this story being real or because of the ";" acting.";"Leading men with charm arent hard to find. A white boy with hair, a good face, abs, and knows how to make a girl swoon is pretty much the minimum if you wish to work in anything beyond indie dramas. Apa, on the other hand, doesnt rest on the basics. In a movie about faith, you can see this drive behind his eyes and in every action as if, beyond knowing the story and having the script, he and Melissa will be together in the end, and you get sucked in so deep.";"In fact, even with knowing how things will end, while you may not have hope things will change, you get brought into each individual moment and find yourself gripping onto it. Hoping that you can just lull in the feeling before the inevitable hits.";"And part of what really enhances nearly every moment is you can clearly see Robertson becomes Melissa. Unlike many actors, whose charisma makes it so you can never disassociate the actor from the character, from seeing her at a faith concert and crying, she breaks away. And, in fact, she is probably going to be the one who triggers most of your tears. For there is just something about her reaction to Jeremy, the highs and lows, which brings you to this uncomfortable vulnerability. If not the kind of empathy that feels so foreign that it almost feels wrong to connect with someone on that level.";"Yet, in many ways, that is how faith is pushed in this film. As you watch Robertson react in concerts, how she talks about her relationship with God, it forces you to understand how, even while suffering and appearing like they are shunned, people still believe.";"Honestly, the only thing I can ding the movie for is that, be it the actual Jeremy Camps songs, or KJ Apas singing, the music didnt do a thing for me. Mind you, the movie had a mini-concert proceeding it";" featuring Lauren Daigle, whose discography I plan to have in constant rotation. However, while I recognize the simplicity of Camps music is likely backed by the same faith we saw Apa tap into as a romantic lead, something just felt flat about the music.";"Films rooted in faith arent necessarily our go-to. Like horror, were not against watching them, but there are precedents that keep our expectations low. But when it comes to I Still Believe, those expectations were unfounded and blown out of the water. The team which brought Jeremy Camps story to life hit you in every which way they can. They give you the kind of romance people could only dream of, performances that dont use the tragedy of the story as a crutch, and even if you arent a person of faith, you are left with an understanding of those who have it which may make you wish you could believe as they do.";"
";"
";"
";"
";"
";"
";"This site uses Akismet to reduce spam. ";".";"""One of the 50 Coolest Websites...they simply tell it like it is"" - ";"
";" A man and a woman kiss for a few seconds in four scenes and embrace in two of the scenes; a flashback shows a couple of seconds of each of these scenes. A man and a woman sit close to each other on a beach. A man and a woman date a few times and almost kiss, but do not.";"
";"A young man asks a young woman if she is in a relationship and she says its complicated because she does not return the other persons feelings. A man says that he fell in love with a woman the first time he saw her at a concert as she was singing and praying. A college instructor asks a daydreaming student in class if he has a little girlfriend (no answer) and the class snickers. A young mans younger brother teases him, singing, Hes got a girlfriend, repeatedly. A young man sings, I love you to a young woman six times and then says that he loves her; she looks surprised.";"
";"A woman wears short shorts, revealing bare legs to the tops of the thighs. A woman wears short shorts over pantyhose. A woman wears low-cut tops in a couple of scenes that reveal cleavage. A woman wears a low-cut bridal gown that reveals cleavage. A woman wears a slip with a V-neck and thin straps in a dimly lit bedroom while under covers, baring one shoulder and cleavage. A woman wears a long backless dress that reveals her bare upper back and shoulders in a couple of scenes. A man wears shorts that bare his lower thighs, knees, and lower legs.";" A woman enters a hotel room and holds her stomach, groaning in pain and later vomits a substantial amount of blood (we see the goo) into the toilet as she retches loudly and cries; the scene cuts to her being carried by her husband through a hospital corridor as he shouts for help and we see the woman in a hospital bed with an oxygen clip in her nose, an IV line running to one arm and a blood pressure cuff on the other arm, with a medical clip on her forefinger.";"
";"A woman in a hospital bed wakes with a start, gasps loudly, and tells her husband that the pain is all gone; the man runs for the and the husband and medical staff enter the room to find the patient dead and the husband lies on the floor, cries, and sleeps until his father and a friend arrive to take him out of the room; he stops to sign a death certificate before leaving.";"
";"A man runs in the rain and has a flashback to his wife sitting up in a hospital bed and dying. A man receives a late night phone call to come across the country to help his ex-girlfriend who is very ill; the man drives a long distance and rushes into the hospital to see the woman under covers in a hospital bed without any monitors or equipment attached and she says that she has a stage 3C tumor in her stomach the size of an orange, that it has spread to her liver and that, Maybe God has something bigger for me. A doctor tells a man that his wife has un-treatable cancer. A man accompanies a woman through a hospital hallway beside her gurney and we see an IV line running to her arm as she is taken to the operating room; the scene cuts to the woman awakening in her hospital bed and the man telling her that surgery was not required because the tumor disappeared.";"
";"A woman sits in a chemotherapy chair beside a machine (we do not see an infusion line); later her hair begins to fall out and days later she shaves her head as we see strands of hair covering the floor at her feet, a man later wheels her in a wheelchair through a hallway and we see her IV stand with a tube running down to a taped spot on her arm. A woman on the sliding platform for an MRI machine slides into the machine; the scene cuts to a doctors office and two X-rays of a pelvis and spine as the doctor tells a woman and a man that the woman needs surgery right away, even though it means she will be unable to have children afterward. A young boy has several developmental disabilities, including a twisted spine, a grimacing face, and poor eyesight requiring thick glasses; he often yells instead of talking. A singer asks concert attendees to pray for a woman who has a tumor and people raise their hands and pray silently; days later the woman is wheeled onto a concert stage in a wheelchair and the man tells the attendees that this is the woman they prayed for and she is healed.";"
";"A man slams his guitar against a bureau several times until it falls to pieces, finds journal pages inside it, reads them and weeps. A woman is frustrated by not being able to open a pickle jar, so she smashes it on a counter and throws a china plate into the wall, dashing it to bits loudly. A woman locks herself in a bathroom, cries, and slides down the door to sit on the floor. We see mourners as a closed casket is lowered into a grave.";"
";"A man and a woman argue briefly in several scenes. A man sees a male friend kissing a woman in whom he is interested and berates the couple for not telling him they were dating; the angry man turns and walks away quickly. A woman cries in a few scenes and a man becomes tearful several times. A man in a hallway cries against a wall. A man cries loudly in his parked car alone. A woman is tearful as she tells a man that she lost someone close to her and that the example of the mans wifes faith changed her life for the better. A man sleeps in a chair by his wifes hospital bed and plays a guitar when she wakes up. A man sleeps clothed next to his wife and another woman sits in the room. People light many sparkler fireworks at a beach at night.";" 1 possible scatological term (a man walks away from the camera and mumbles Oh sh), name-calling (piece of work), 7 religious exclamations (e.g. God). | ";" |";" A man injects a clear liquid that he says is for pain into a womans IV line.";" Love, families, relationships, marriage, decisions, pain, sickness, death, sadness, grief, commitment, faith, answered and unanswered prayer, truth, memories, unexpected news, ovarian cancer, chemotherapy, life changing personal stories.";" Faith can carry believers through tragedies and ease questions about God.";" Be aware that while we do our best to avoid ";" it is impossible to disguise all details and some may reveal crucial plot elements.";" We've gone through several editorial changes since we started covering films in 1992 and older reviews are not as ";" as recent ones; we plan to revisit and correct older reviews as resources and time permits.";" Our ratings and reviews are based on the ";" versions of films; on video there are often ";", ";", ";" or ";" versions, (usually accurately labelled but sometimes mislabeled) released that contain additional content, which we did not review.";"
";" ";"
";" ";"";" ";"
Did you know you can now filter searches by any combination of ratings? Just go to our ";" or use the search bar, with or without a keyword, from the top navigation menu. Move sliders from 0-10 in any combination, check and uncheck MPAA ratings and use keywords to further filter results -- ";" what you think.";"
Unlike the MPAA we do not assign one inscrutable rating based on age but 3 objective ratings for ";", ";" & ";" on a scale of 0 to 10, from lowest to highest depending on quantity & context |";"|";"
";"how to";"support us";"PLEASE DONATE";"We are a totally independent website with no connections to political, religious or other groups & we neither solicit nor choose advertisers. You can help us keep our independence with a donation.";"NO MORE ADS!";"Become a member of our premium site for just $2/month & access advance reviews, without any ads, not a single one, ever. And you will be helping support our website & our efforts.";"WHAT DO YOU THINK?";"We welcome suggestions & criticisms -- and we accept compliments too. While we read all emails & try to reply we don't always manage to do so; be assured that we will not share your e-mail address.";"how to";"support us";"PLEASE DONATE";"We are a totally independent website with no connections to political, religious or other groups & we neither solicit nor choose advertisers. You can help us keep our independence with a donation.";"NO MORE ADS!";"Become a member of our premium site for just $2/month & access advance reviews, without any ads, not a single one, ever. And you will be helping support our website & our efforts.";"WHAT DO YOU THINK?";"We welcome suggestions & criticisms -- and we will accept compliments too. While we read all emails & try to reply we do not always manage to do so; be assured that we will not share your e-mail address.";" ";"
";"
";"Home";"Film Reviews";"Movie Trailers";"Magazine";"UK Film Channel";"Festivals";"About";"Submit Your Film";"More";"";"Directed by ";" ";"Written by ";" ";"Starring ";" ";" by ";"Jeremy Camp is a good big brother, loves to play guitar, and is headed to college. His first day on campus he meets one of his Christian rock idols and locks eyes with a girl who captures his undivided attention. We follow his resulting journey through young adulthood in ";".";"There are two important things you should know going into this film. First, it is based on a true story. And second, the final screen shows a hotline that you can call if you have questions about your faith or God. Being tied to a specific sequence of events and having a specific agenda limit the story, and ultimately deny it any true depth.";"We never get to truly know the characters in ";". What they like, what they want, what their hopes or dreams are When asked what she wants to do when she graduates college, Melissa (";") responds I dont knoweverything? We never learn what anyone, even Jeremy, has enrolled in school to do. 
 
 Jeremy never seems to make any other friends at college, and instead aggressively pursues Melissa in a way so straightforward that even the charming KJ Apa (";") cant hide all the red flags. Every character is wholly defined by their relationship with God. Either they believe, and events continue to happen to them, or they feel doubt, in which case they break some things in emotional torment before events continue to happen to them. The narrative plays out like a toddler retelling a long story And then, and then, and then, and then.";"The original story is heartbreaking, filled with devotion to your loved ones, the power of faith, and how to continue being the person you want to be when your questions go unanswered. But that story never has an opportunity to develop because so little of this film focuses on character or relationship. And then, and then, and then";"The film is shot in the the visual style of other Hallmark and faith-inspo productions, all over-saturated golden hour shots. The style is very reminiscent of the A Dogs series, and coincidentally, Apa and Robertson last acted opposite each other in";". 
 
While Apa and Robertson are both masters of the recent realism acting style that comes with pauses, repeats, and ums, neither has an opportunity to deliver a great performance because of how hard they have to work against the script. Robertson most excels when she gets to interact with more emotional content and her turns in faith and fear anchor the middle third of the film.
 
Directed by Andrew Erwin and Jon Erwin (The Erwin Brothers), theres little offensive about the visual style of the film but also very little inspired. The strangest choice was to not update the film to modern time, and instead keep it in what looks like the early 2000s. The time and setting is never explained. I assume the setting is based on the real events, but the story doesnt need a time-preserved setting, and the presence of flip phones and landlines pull you out of the viewing experience immediately.
 
 ";" is a guilty pleasure film for a specific audience. It doesnt require any thought, it takes limp stabs at being profound, it sets up easy moments to sneak in a cry, and its real-life roots will make believers feel vaguely inspired. But, youd be hard pressed to find any critical merit in the production.";"
      ";"
    ";"See top picks for your kid in Common Sense Media Plus. ";"See what's streaming, limit strong violence or language, and find picks your kids will love with ";".";"Searching for streaming and purchasing options ...";"Common Sense is a nonprofit organization. Your purchase helps us remain independent and ad-free.";"Searching for streaming and purchasing options ...";"Common Sense is a nonprofit organization. Your purchase helps us remain independent and ad-free.";"Lots of encouragingfaith-based messages, with the biggest one being that there may be purpose for some pain, suffering, and loss. God answers prayers, even if it doesn't always play out as you think. Themes include communication, courage, gratitude, and humility.";"There's really no one in this film who ";" a role model; people aren't just good -- they're amazing. There's one instance in which better choices could have been made, but the situationcame with good intentions. While the cast isn't especially diverse, representation-wise, some children with disabilities are included, including Jeremy's youngest brother, Josh,who has Down syndrome.";"No aggressive violence, but the film is about illness, dying, and death, with some scenes of pain and peril.Anger/upset caused by illness/being alone is taken out on inanimate objects.";"Romance is key to the plot, and there's kissing, mostly once the central couple gets engaged.";"Parents need to know that ";" is based on the real-life love story ofChristian rock artist Jeremy Camp (";"'s ";") and his first wife, Melissa(";"), who gets ovarian cancer shortly after they meet. Despiteher terminal diagnosis, Jeremy proposes and stands by her side as she fights the illness and their love deepens. If you're in the market for role models, look no further: This couple is as wholesome as they come (the only villain here is cancer). They don't even kiss until they first say ""I love you."" In fact, theirlove is so idealistic that the only potential concern is that it mightsetup unrealistic expectations for kids. While iffy content is minimal and positive faith-based messages/themes abound -- including the value of communication, courage, gratitude, and humility -- the story's focus on sickness, dying, and death could be too much for younger or more sensitive kids.";"Set preferences and get age-appropriate recommendations with Common Sense Media Plus. ";"There aren't any reviews yet. Be the first to review this title.";"There aren't any reviews yet. Be the first to review this title.";"When musician Jeremy Camp (";") sees Melissa Henning (";"), it's love at first sight. But she's already in a relationship of sorts with Camp's music hero. As he tries to win her over while being respectful to his friend,the couple eventually learns that there's a much harsher obstacle in their path. The movie is adapted from the Christian music superstar's autobiography, which is also titled I STILL BELIEVE.";"This love story has the heart swells of ";" the unexpected twists of a ";" novel, and the anguish of ";":The proof is your depletedtissue box. What elevates ";" is that it's true. If it weren't, it would be too sappy and overwrought to accept as reality. But Camp has been telling this story at concerts for years, and the events really did happen to him and his first wife, Melissa. Most of the story takes place at the Orange County Bible college that Jeremy and Melissa attended, and there's not a shady character here: These kids do the right thing, strive to make good choices, and are all-around great role models. There is amoment in which their actions are hurtful to someone -- and you'll definitely want to talk with kids about what might have been a better way to handle it -- but it's easy to appreciate that at least their hearts werein the right place. Yes, Jeremy and Melissamay be too good to be true (and, really,who would begrudge them perfection?), but they're just the kind of peoplemost parents would like their kids to spend time with.";"This is a full-fledged faith-based film, and it's a victory for the Christian creative community. A tragic, young adult, music-centered biopic romance is a brilliantapproach: ";"mixes ";" with ";"And kudos to directors ";" for having the self-restraint to not make the movieabout Camp's rising-star status, instead, letting that occur subtly in the background. The film isbeautifully shot -- if only we could all live in a world lit by cinematographer Kristopher Kimlin. Whether luxuriating in asun-drenched room or a smoky haze beaming through the window, Kimlin may have invented a ""God"" filter. Apa and Robertson are marvelous together, and co-star ";"exhibits a natural ease. While the script could use some punching up, overall, it's on par with most romance movies. And, sure, there area couple of things that a cynic could take shots at, but considering the squeaky clean story, admirable characters, and positive approach to some of life's most difficult moments, parents may think their prayers have been answered.";"Families can talk about their beliefs. Did ";" change or affirm any of your opinions?";"What do you think thethe filmmakers want you to take away from watching? How do the characters demonstrate ";", ";", ";", and ";"? Why are those important character strengths?";"You could argue that this film is both a drama and a romance. Which do you think it is primarily? Does a movie have to be one genre or another? Can it be more than one thing?";"Does the film play into traditional gender roles/stereotypes?";"Jeremy and Melissa always mean well, but there's a moment in which they hurt someone -- what might have been a better way to handle it?";"Find more movies that help kids build character.";"Browse titles with similar subject matter.";"Common Sense Media's unbiased ratings are created by expert reviewers and aren't influenced by the product's creators or by any of our funders, affiliates, or partners.";"Common Sense Media, a nonprofit organization, earns a small affiliate fee from Amazon or iTunes when you use our links to make a purchase. Thank you for your support.";"Our ratings are based on child development best practices. We display the minimum age for which content is developmentally appropriate. The star rating reflects overall quality.";"";"2020 AndersonVision. All rights reserved.";"";"2020 AndersonVision. All rights reserved.";"I Still Believe is the latest Christian music biopic to gain a wide theatrical release. Telling the story of Christian music superstar Jeremy Camp has been a long time coming. Riverdale star K.J. Apa plays Camp as your typical hero figure. Hes a sensitive college kid trying to do right by himself. His father helps kick off his musical journey, while his little brother just wants a friend. Everything is all lovey until it isnt.";"The Erwin Brothers helm this latest Christian mega release after their prior success on Woodlawn, October Baby and ";". Apparently, theyve got a Kurt Warner biopic in the pipeline. I should check that out, as football tends to skew closer to my wheelhouse than Christian rock. Yet, I found myself drawn to the material with very little knowledge of ";" before this release.";"My lack of knowledge didnt matter, as the acting is quite amazing for this kind of film. Stunning supporting turns from Gary Sinise and Shania Twain litter the movie. The Dixie Chicks and Shania Twain are back in the pop culture in a single week. All is good in the world. I dont mean to get distracted talking about late 90s girl power country, but we need to celebrate all of the good we can find.";"When looking into what happened to the real Melissa Henning, I was floored. This young lady knew she was dying when she met Jeremy Camp, yet allowed herself to grow and love. The movie deals with living outside of fear, which might be lost on most people. But, those who can get itwell, its going to blow their little minds out the back of their heads.";"In a time when theaters are losing out against real world threats, we need I Still Believe. Adults require mature yet clean stories about things that matter. What matters more than the love between young people living and growing in roles that seem to have gone abandoned by modern culture?";"Time is on no ones side, but you can meet anything head-on with courage. Thats the grand takeaway from I Still Believe. You dont need to be a Jeremy Camp superfan or dig romantic movies. You just need to understand the base nature of human resilience. So, head out to theaters and give it a shot.";"I mean, I Still Believe might be one of the last new releases we get in awhile.";"Troy Anderson is the Owner/Editor-in-Chief of AndersonVision. He uses a crack team of unknown heroes to bring you the latest and greatest in Entertainment News.";"You must ";" to post a comment.";"This site uses Akismet to reduce spam. ";".";"Subscribe now to our newsletter";"Input your search keywords and press Enter.";"Christian Entertainment News and Reviews";"Jeremy Camp didnt grow up with much, but he always had the love of his family, which is why they supported him in his dream to pursue a music career.  When he attended a Christian college to fulfill this goal, Jeremy unexpectedly met Melissa Henning, who he quickly fell in love with.  However, as Jeremy and Melissa grew closer together, they embarked on a harrowing and arduous journey into the unknown as Melissa battled cancer.  Through the twists and turns, they discovered that God is always present in the midst of suffering and that theres always a purpose to pain.";"Its no surprise that, after the success of ";", the Erwin brothers and their team have crafted yet another perfect production.  ";" hits all the right notes in every aspect of production, including video quality, camera work, audio quality, sets, locations, and props.  Many camera angles are creatively artistic, and the soundtrack is a huge plus as it enhances the audience experience in all portions of the film and seamlessly integrates Camps music without turning it into a product placement.  Further, the editing professional handles a story that is obviously difficult to properly present due to its scope.  In short, there is nothing negative to note in this section.";"The Erwin Brothers, along with Jon Gunn, have no doubt mastered the art of the biopic as they have wisely chosen to focus their movie-making efforts on adapting real life stories into feature films.  Though ";" is a slight departure from the traditional Erwin brand since it zeroes in on a very small collection of characters, there are still no concerns with this storytelling adjustment.  This narrative may signal a new era of Erwin creations, but its still another installment in their history of reliably quality offerings.  In many ways, ";" is almost two different movies as the first and second halves are quite different in tone, but these talented screenwriters correctly applied their God-given skills to weave the source material into a life-changing plot that will resound with many viewers from diverse backgrounds.  Based off of real people, the characters therein are very poignant and relatable via realistic and profound dialogue that brings the story to life.  Musical montages are responsibly used and dont encroach upon important conversations that build characters; similarly, creative overlays effectively aid the complex plot presentation.  Further, there are clear themes that are used throughout the film and serve to tie the major points together.  Essentially, there are no issues to note in this section either.";"Once again, in ";", the Erwin collective proves that they take great care in their casting and acting coaching work.  Even though some of the cast members dont entirely represent the real people they are portraying (which is the movies only flaw), every performance is still on point.  Line delivery and emotional delivery are basically flawless as the audience is able to easily experience the characters feelings.  Though this is a relatively small cast compared to previous Erwin projects, it still shines nonetheless and rounds out another blockbuster hit for the brothers.";"Jeremy Camps compelling backstory was absolutely worth bringing to the big screen and will no doubt lead to further success for Kingdom Story Company.  ";" receives an additional x-factor point for being realistic, re-watchable, and generally worthwhile for all audiences.  Many viewers will enjoy this film, and its likely to leave lasting impact on the Christian entertainment market.  However, no matter what, we still highly recommend this film for all Christians and always look forward to future Erwin productions.";"Fill in your details below or click an icon to log in:";"
			";"
			You are commenting using your WordPress.com account.			";"
			";"
		";"
			";"
			You are commenting using your Google account.			";"
			";"
		";"
			";"
			You are commenting using your Twitter account.			";"
			";"
		";"
			";"
			You are commenting using your Facebook account.			";"
			";"
		";"Connecting to %s";" ";" ";" ";"
";"
";"
";"";"";"
";"This site uses Akismet to reduce spam. ";".";"Receive notifications of new posts by email.";"Join 163 other subscribers";"
                        ";"
                        ";"
                    ";"
                        ";"
                        ";"
                        ";"
                        ";"
						                        ";"
                    "
